# units: cm, T
xmin> -30.0
xmax> 24.900000000000013
nx> 10
ymin> -25.0
ymax> 18.199999999999996
ny> 7
zmin> -35.0
zmax> 29.0
nz> 9
tmin> -2e-09
tmax> 1.4999999999999994e-09
nt> 8
loopOrder> xyzt
! X	             Y	             Z	             T	            Fx	            Fy	            Fz
-3.00000000E+01	-2.50000000E+01	-3.50000000E+01	-2.00000000E-09	3.02202832E+01	-6.49756259E+01	-6.80730455E+00
-2.39000000E+01	-2.50000000E+01	-3.50000000E+01	-2.00000000E-09	3.10970201E+01	-6.49756259E+01	-6.80730455E+00
-1.78000000E+01	-2.50000000E+01	-3.50000000E+01	-2.00000000E-09	3.21438034E+01	-6.49756259E+01	-6.80730455E+00
-1.17000000E+01	-2.50000000E+01	-3.50000000E+01	-2.00000000E-09	3.31162561E+01	-6.49756259E+01	-6.80730455E+00
-5.60000000E+00	-2.50000000E+01	-3.50000000E+01	-2.00000000E-09	3.37873539E+01	-6.49756259E+01	-6.80730455E+00
5.00000000E-01	-2.50000000E+01	-3.50000000E+01	-2.00000000E-09	3.40004255E+01	-6.49756259E+01	-6.80730455E+00
6.60000000E+00	-2.50000000E+01	-3.50000000E+01	-2.00000000E-09	3.37057281E+01	-6.49756259E+01	-6.80730455E+00
1.27000000E+01	-2.50000000E+01	-3.50000000E+01	-2.00000000E-09	3.29720605E+01	-6.49756259E+01	-6.80730455E+00
1.88000000E+01	-2.50000000E+01	-3.50000000E+01	-2.00000000E-09	3.19707012E+01	-6.49756259E+01	-6.80730455E+00
2.49000000E+01	-2.50000000E+01	-3.50000000E+01	-2.00000000E-09	3.09354229E+01	-6.49756259E+01	-6.80730455E+00
-3.00000000E+01	-1.78000000E+01	-3.50000000E+01	-2.00000000E-09	2.92018467E+01	-6.40244454E+01	-6.80730455E+00
-2.39000000E+01	-1.78000000E+01	-3.50000000E+01	-2.00000000E-09	3.06348642E+01	-6.40244454E+01	-6.80730455E+00
-1.78000000E+01	-1.78000000E+01	-3.50000000E+01	-2.00000000E-09	3.23458208E+01	-6.40244454E+01	-6.80730455E+00
-1.17000000E+01	-1.78000000E+01	-3.50000000E+01	-2.00000000E-09	3.39352849E+01	-6.40244454E+01	-6.80730455E+00
-5.60000000E+00	-1.78000000E+01	-3.50000000E+01	-2.00000000E-09	3.50321874E+01	-6.40244454E+01	-6.80730455E+00
5.00000000E-01	-1.78000000E+01	-3.50000000E+01	-2.00000000E-09	3.53804506E+01	-6.40244454E+01	-6.80730455E+00
6.60000000E+00	-1.78000000E+01	-3.50000000E+01	-2.00000000E-09	3.48987708E+01	-6.40244454E+01	-6.80730455E+00
1.27000000E+01	-1.78000000E+01	-3.50000000E+01	-2.00000000E-09	3.36995985E+01	-6.40244454E+01	-6.80730455E+00
1.88000000E+01	-1.78000000E+01	-3.50000000E+01	-2.00000000E-09	3.20628870E+01	-6.40244454E+01	-6.80730455E+00
2.49000000E+01	-1.78000000E+01	-3.50000000E+01	-2.00000000E-09	3.03707352E+01	-6.40244454E+01	-6.80730455E+00
-3.00000000E+01	-1.06000000E+01	-3.50000000E+01	-2.00000000E-09	2.94857169E+01	-6.29840612E+01	-6.80730455E+00
-2.39000000E+01	-1.06000000E+01	-3.50000000E+01	-2.00000000E-09	3.07636815E+01	-6.29840612E+01	-6.80730455E+00
-1.78000000E+01	-1.06000000E+01	-3.50000000E+01	-2.00000000E-09	3.22895123E+01	-6.29840612E+01	-6.80730455E+00
-1.17000000E+01	-1.06000000E+01	-3.50000000E+01	-2.00000000E-09	3.37069958E+01	-6.29840612E+01	-6.80730455E+00
-5.60000000E+00	-1.06000000E+01	-3.50000000E+01	-2.00000000E-09	3.46852132E+01	-6.29840612E+01	-6.80730455E+00
5.00000000E-01	-1.06000000E+01	-3.50000000E+01	-2.00000000E-09	3.49957943E+01	-6.29840612E+01	-6.80730455E+00
6.60000000E+00	-1.06000000E+01	-3.50000000E+01	-2.00000000E-09	3.45662324E+01	-6.29840612E+01	-6.80730455E+00
1.27000000E+01	-1.06000000E+01	-3.50000000E+01	-2.00000000E-09	3.34968109E+01	-6.29840612E+01	-6.80730455E+00
1.88000000E+01	-1.06000000E+01	-3.50000000E+01	-2.00000000E-09	3.20371919E+01	-6.29840612E+01	-6.80730455E+00
2.49000000E+01	-1.06000000E+01	-3.50000000E+01	-2.00000000E-09	3.05281314E+01	-6.29840612E+01	-6.80730455E+00
-3.00000000E+01	-3.40000000E+00	-3.50000000E+01	-2.00000000E-09	3.09309839E+01	-6.31902080E+01	-6.80730455E+00
-2.39000000E+01	-3.40000000E+00	-3.50000000E+01	-2.00000000E-09	3.14195287E+01	-6.31902080E+01	-6.80730455E+00
-1.78000000E+01	-3.40000000E+00	-3.50000000E+01	-2.00000000E-09	3.20028286E+01	-6.31902080E+01	-6.80730455E+00
-1.17000000E+01	-3.40000000E+00	-3.50000000E+01	-2.00000000E-09	3.25447092E+01	-6.31902080E+01	-6.80730455E+00
-5.60000000E+00	-3.40000000E+00	-3.50000000E+01	-2.00000000E-09	3.29186655E+01	-6.31902080E+01	-6.80730455E+00
5.00000000E-01	-3.40000000E+00	-3.50000000E+01	-2.00000000E-09	3.30373955E+01	-6.31902080E+01	-6.80730455E+00
6.60000000E+00	-3.40000000E+00	-3.50000000E+01	-2.00000000E-09	3.28731811E+01	-6.31902080E+01	-6.80730455E+00
1.27000000E+01	-3.40000000E+00	-3.50000000E+01	-2.00000000E-09	3.24643589E+01	-6.31902080E+01	-6.80730455E+00
1.88000000E+01	-3.40000000E+00	-3.50000000E+01	-2.00000000E-09	3.19063707E+01	-6.31902080E+01	-6.80730455E+00
2.49000000E+01	-3.40000000E+00	-3.50000000E+01	-2.00000000E-09	3.13294818E+01	-6.31902080E+01	-6.80730455E+00
-3.00000000E+01	3.80000000E+00	-3.50000000E+01	-2.00000000E-09	3.28202338E+01	-6.41563633E+01	-6.80730455E+00
-2.39000000E+01	3.80000000E+00	-3.50000000E+01	-2.00000000E-09	3.22768507E+01	-6.41563633E+01	-6.80730455E+00
-1.78000000E+01	3.80000000E+00	-3.50000000E+01	-2.00000000E-09	3.16280763E+01	-6.41563633E+01	-6.80730455E+00
-1.17000000E+01	3.80000000E+00	-3.50000000E+01	-2.00000000E-09	3.10253706E+01	-6.41563633E+01	-6.80730455E+00
-5.60000000E+00	3.80000000E+00	-3.50000000E+01	-2.00000000E-09	3.06094382E+01	-6.41563633E+01	-6.80730455E+00
5.00000000E-01	3.80000000E+00	-3.50000000E+01	-2.00000000E-09	3.04773810E+01	-6.41563633E+01	-6.80730455E+00
6.60000000E+00	3.80000000E+00	-3.50000000E+01	-2.00000000E-09	3.06600282E+01	-6.41563633E+01	-6.80730455E+00
1.27000000E+01	3.80000000E+00	-3.50000000E+01	-2.00000000E-09	3.11147400E+01	-6.41563633E+01	-6.80730455E+00
1.88000000E+01	3.80000000E+00	-3.50000000E+01	-2.00000000E-09	3.17353615E+01	-6.41563633E+01	-6.80730455E+00
2.49000000E+01	3.80000000E+00	-3.50000000E+01	-2.00000000E-09	3.23770052E+01	-6.41563633E+01	-6.80730455E+00
-3.00000000E+01	1.10000000E+01	-3.50000000E+01	-2.00000000E-09	3.42156645E+01	-6.42866082E+01	-6.80730455E+00
-2.39000000E+01	1.10000000E+01	-3.50000000E+01	-2.00000000E-09	3.29100826E+01	-6.42866082E+01	-6.80730455E+00
-1.78000000E+01	1.10000000E+01	-3.50000000E+01	-2.00000000E-09	3.13512782E+01	-6.42866082E+01	-6.80730455E+00
-1.17000000E+01	1.10000000E+01	-3.50000000E+01	-2.00000000E-09	2.99031624E+01	-6.42866082E+01	-6.80730455E+00
-5.60000000E+00	1.10000000E+01	-3.50000000E+01	-2.00000000E-09	2.89038054E+01	-6.42866082E+01	-6.80730455E+00
5.00000000E-01	1.10000000E+01	-3.50000000E+01	-2.00000000E-09	2.85865125E+01	-6.42866082E+01	-6.80730455E+00
6.60000000E+00	1.10000000E+01	-3.50000000E+01	-2.00000000E-09	2.90253575E+01	-6.42866082E+01	-6.80730455E+00
1.27000000E+01	1.10000000E+01	-3.50000000E+01	-2.00000000E-09	3.01178895E+01	-6.42866082E+01	-6.80730455E+00
1.88000000E+01	1.10000000E+01	-3.50000000E+01	-2.00000000E-09	3.16090513E+01	-6.42866082E+01	-6.80730455E+00
2.49000000E+01	1.10000000E+01	-3.50000000E+01	-2.00000000E-09	3.31507231E+01	-6.42866082E+01	-6.80730455E+00
-3.00000000E+01	1.82000000E+01	-3.50000000E+01	-2.00000000E-09	3.44246002E+01	-6.32052478E+01	-6.80730455E+00
-2.39000000E+01	1.82000000E+01	-3.50000000E+01	-2.00000000E-09	3.30048955E+01	-6.32052478E+01	-6.80730455E+00
-1.78000000E+01	1.82000000E+01	-3.50000000E+01	-2.00000000E-09	3.13098337E+01	-6.32052478E+01	-6.80730455E+00
-1.17000000E+01	1.82000000E+01	-3.50000000E+01	-2.00000000E-09	2.97351358E+01	-6.32052478E+01	-6.80730455E+00
-5.60000000E+00	1.82000000E+01	-3.50000000E+01	-2.00000000E-09	2.86484236E+01	-6.32052478E+01	-6.80730455E+00
5.00000000E-01	1.82000000E+01	-3.50000000E+01	-2.00000000E-09	2.83033957E+01	-6.32052478E+01	-6.80730455E+00
6.60000000E+00	1.82000000E+01	-3.50000000E+01	-2.00000000E-09	2.87806007E+01	-6.32052478E+01	-6.80730455E+00
1.27000000E+01	1.82000000E+01	-3.50000000E+01	-2.00000000E-09	2.99686326E+01	-6.32052478E+01	-6.80730455E+00
1.88000000E+01	1.82000000E+01	-3.50000000E+01	-2.00000000E-09	3.15901390E+01	-6.32052478E+01	-6.80730455E+00
2.49000000E+01	1.82000000E+01	-3.50000000E+01	-2.00000000E-09	3.32665707E+01	-6.32052478E+01	-6.80730455E+00
-3.00000000E+01	-2.50000000E+01	-2.70000000E+01	-2.00000000E-09	2.29459038E+01	-5.04268671E+01	6.45220783E+00
-2.39000000E+01	-2.50000000E+01	-2.70000000E+01	-2.00000000E-09	2.38226407E+01	-5.04268671E+01	6.45220783E+00
-1.78000000E+01	-2.50000000E+01	-2.70000000E+01	-2.00000000E-09	2.48694240E+01	-5.04268671E+01	6.45220783E+00
-1.17000000E+01	-2.50000000E+01	-2.70000000E+01	-2.00000000E-09	2.58418767E+01	-5.04268671E+01	6.45220783E+00
-5.60000000E+00	-2.50000000E+01	-2.70000000E+01	-2.00000000E-09	2.65129745E+01	-5.04268671E+01	6.45220783E+00
5.00000000E-01	-2.50000000E+01	-2.70000000E+01	-2.00000000E-09	2.67260461E+01	-5.04268671E+01	6.45220783E+00
6.60000000E+00	-2.50000000E+01	-2.70000000E+01	-2.00000000E-09	2.64313487E+01	-5.04268671E+01	6.45220783E+00
1.27000000E+01	-2.50000000E+01	-2.70000000E+01	-2.00000000E-09	2.56976811E+01	-5.04268671E+01	6.45220783E+00
1.88000000E+01	-2.50000000E+01	-2.70000000E+01	-2.00000000E-09	2.46963218E+01	-5.04268671E+01	6.45220783E+00
2.49000000E+01	-2.50000000E+01	-2.70000000E+01	-2.00000000E-09	2.36610435E+01	-5.04268671E+01	6.45220783E+00
-3.00000000E+01	-1.78000000E+01	-2.70000000E+01	-2.00000000E-09	2.19274673E+01	-4.94756865E+01	6.45220783E+00
-2.39000000E+01	-1.78000000E+01	-2.70000000E+01	-2.00000000E-09	2.33604847E+01	-4.94756865E+01	6.45220783E+00
-1.78000000E+01	-1.78000000E+01	-2.70000000E+01	-2.00000000E-09	2.50714414E+01	-4.94756865E+01	6.45220783E+00
-1.17000000E+01	-1.78000000E+01	-2.70000000E+01	-2.00000000E-09	2.66609054E+01	-4.94756865E+01	6.45220783E+00
-5.60000000E+00	-1.78000000E+01	-2.70000000E+01	-2.00000000E-09	2.77578079E+01	-4.94756865E+01	6.45220783E+00
5.00000000E-01	-1.78000000E+01	-2.70000000E+01	-2.00000000E-09	2.81060712E+01	-4.94756865E+01	6.45220783E+00
6.60000000E+00	-1.78000000E+01	-2.70000000E+01	-2.00000000E-09	2.76243914E+01	-4.94756865E+01	6.45220783E+00
1.27000000E+01	-1.78000000E+01	-2.70000000E+01	-2.00000000E-09	2.64252191E+01	-4.94756865E+01	6.45220783E+00
1.88000000E+01	-1.78000000E+01	-2.70000000E+01	-2.00000000E-09	2.47885076E+01	-4.94756865E+01	6.45220783E+00
2.49000000E+01	-1.78000000E+01	-2.70000000E+01	-2.00000000E-09	2.30963558E+01	-4.94756865E+01	6.45220783E+00
-3.00000000E+01	-1.06000000E+01	-2.70000000E+01	-2.00000000E-09	2.22113375E+01	-4.84353024E+01	6.45220783E+00
-2.39000000E+01	-1.06000000E+01	-2.70000000E+01	-2.00000000E-09	2.34893021E+01	-4.84353024E+01	6.45220783E+00
-1.78000000E+01	-1.06000000E+01	-2.70000000E+01	-2.00000000E-09	2.50151328E+01	-4.84353024E+01	6.45220783E+00
-1.17000000E+01	-1.06000000E+01	-2.70000000E+01	-2.00000000E-09	2.64326164E+01	-4.84353024E+01	6.45220783E+00
-5.60000000E+00	-1.06000000E+01	-2.70000000E+01	-2.00000000E-09	2.74108338E+01	-4.84353024E+01	6.45220783E+00
5.00000000E-01	-1.06000000E+01	-2.70000000E+01	-2.00000000E-09	2.77214149E+01	-4.84353024E+01	6.45220783E+00
6.60000000E+00	-1.06000000E+01	-2.70000000E+01	-2.00000000E-09	2.72918529E+01	-4.84353024E+01	6.45220783E+00
1.27000000E+01	-1.06000000E+01	-2.70000000E+01	-2.00000000E-09	2.62224314E+01	-4.84353024E+01	6.45220783E+00
1.88000000E+01	-1.06000000E+01	-2.70000000E+01	-2.00000000E-09	2.47628125E+01	-4.84353024E+01	6.45220783E+00
2.49000000E+01	-1.06000000E+01	-2.70000000E+01	-2.00000000E-09	2.32537520E+01	-4.84353024E+01	6.45220783E+00
-3.00000000E+01	-3.40000000E+00	-2.70000000E+01	-2.00000000E-09	2.36566045E+01	-4.86414492E+01	6.45220783E+00
-2.39000000E+01	-3.40000000E+00	-2.70000000E+01	-2.00000000E-09	2.41451493E+01	-4.86414492E+01	6.45220783E+00
-1.78000000E+01	-3.40000000E+00	-2.70000000E+01	-2.00000000E-09	2.47284492E+01	-4.86414492E+01	6.45220783E+00
-1.17000000E+01	-3.40000000E+00	-2.70000000E+01	-2.00000000E-09	2.52703297E+01	-4.86414492E+01	6.45220783E+00
-5.60000000E+00	-3.40000000E+00	-2.70000000E+01	-2.00000000E-09	2.56442861E+01	-4.86414492E+01	6.45220783E+00
5.00000000E-01	-3.40000000E+00	-2.70000000E+01	-2.00000000E-09	2.57630161E+01	-4.86414492E+01	6.45220783E+00
6.60000000E+00	-3.40000000E+00	-2.70000000E+01	-2.00000000E-09	2.55988017E+01	-4.86414492E+01	6.45220783E+00
1.27000000E+01	-3.40000000E+00	-2.70000000E+01	-2.00000000E-09	2.51899795E+01	-4.86414492E+01	6.45220783E+00
1.88000000E+01	-3.40000000E+00	-2.70000000E+01	-2.00000000E-09	2.46319913E+01	-4.86414492E+01	6.45220783E+00
2.49000000E+01	-3.40000000E+00	-2.70000000E+01	-2.00000000E-09	2.40551024E+01	-4.86414492E+01	6.45220783E+00
-3.00000000E+01	3.80000000E+00	-2.70000000E+01	-2.00000000E-09	2.55458544E+01	-4.96076044E+01	6.45220783E+00
-2.39000000E+01	3.80000000E+00	-2.70000000E+01	-2.00000000E-09	2.50024713E+01	-4.96076044E+01	6.45220783E+00
-1.78000000E+01	3.80000000E+00	-2.70000000E+01	-2.00000000E-09	2.43536969E+01	-4.96076044E+01	6.45220783E+00
-1.17000000E+01	3.80000000E+00	-2.70000000E+01	-2.00000000E-09	2.37509912E+01	-4.96076044E+01	6.45220783E+00
-5.60000000E+00	3.80000000E+00	-2.70000000E+01	-2.00000000E-09	2.33350588E+01	-4.96076044E+01	6.45220783E+00
5.00000000E-01	3.80000000E+00	-2.70000000E+01	-2.00000000E-09	2.32030016E+01	-4.96076044E+01	6.45220783E+00
6.60000000E+00	3.80000000E+00	-2.70000000E+01	-2.00000000E-09	2.33856488E+01	-4.96076044E+01	6.45220783E+00
1.27000000E+01	3.80000000E+00	-2.70000000E+01	-2.00000000E-09	2.38403606E+01	-4.96076044E+01	6.45220783E+00
1.88000000E+01	3.80000000E+00	-2.70000000E+01	-2.00000000E-09	2.44609821E+01	-4.96076044E+01	6.45220783E+00
2.49000000E+01	3.80000000E+00	-2.70000000E+01	-2.00000000E-09	2.51026258E+01	-4.96076044E+01	6.45220783E+00
-3.00000000E+01	1.10000000E+01	-2.70000000E+01	-2.00000000E-09	2.69412851E+01	-4.97378494E+01	6.45220783E+00
-2.39000000E+01	1.10000000E+01	-2.70000000E+01	-2.00000000E-09	2.56357032E+01	-4.97378494E+01	6.45220783E+00
-1.78000000E+01	1.10000000E+01	-2.70000000E+01	-2.00000000E-09	2.40768988E+01	-4.97378494E+01	6.45220783E+00
-1.17000000E+01	1.10000000E+01	-2.70000000E+01	-2.00000000E-09	2.26287830E+01	-4.97378494E+01	6.45220783E+00
-5.60000000E+00	1.10000000E+01	-2.70000000E+01	-2.00000000E-09	2.16294260E+01	-4.97378494E+01	6.45220783E+00
5.00000000E-01	1.10000000E+01	-2.70000000E+01	-2.00000000E-09	2.13121331E+01	-4.97378494E+01	6.45220783E+00
6.60000000E+00	1.10000000E+01	-2.70000000E+01	-2.00000000E-09	2.17509781E+01	-4.97378494E+01	6.45220783E+00
1.27000000E+01	1.10000000E+01	-2.70000000E+01	-2.00000000E-09	2.28435101E+01	-4.97378494E+01	6.45220783E+00
1.88000000E+01	1.10000000E+01	-2.70000000E+01	-2.00000000E-09	2.43346719E+01	-4.97378494E+01	6.45220783E+00
2.49000000E+01	1.10000000E+01	-2.70000000E+01	-2.00000000E-09	2.58763437E+01	-4.97378494E+01	6.45220783E+00
-3.00000000E+01	1.82000000E+01	-2.70000000E+01	-2.00000000E-09	2.71502208E+01	-4.86564889E+01	6.45220783E+00
-2.39000000E+01	1.82000000E+01	-2.70000000E+01	-2.00000000E-09	2.57305161E+01	-4.86564889E+01	6.45220783E+00
-1.78000000E+01	1.82000000E+01	-2.70000000E+01	-2.00000000E-09	2.40354542E+01	-4.86564889E+01	6.45220783E+00
-1.17000000E+01	1.82000000E+01	-2.70000000E+01	-2.00000000E-09	2.24607564E+01	-4.86564889E+01	6.45220783E+00
-5.60000000E+00	1.82000000E+01	-2.70000000E+01	-2.00000000E-09	2.13740442E+01	-4.86564889E+01	6.45220783E+00
5.00000000E-01	1.82000000E+01	-2.70000000E+01	-2.00000000E-09	2.10290163E+01	-4.86564889E+01	6.45220783E+00
6.60000000E+00	1.82000000E+01	-2.70000000E+01	-2.00000000E-09	2.15062213E+01	-4.86564889E+01	6.45220783E+00
1.27000000E+01	1.82000000E+01	-2.70000000E+01	-2.00000000E-09	2.26942532E+01	-4.86564889E+01	6.45220783E+00
1.88000000E+01	1.82000000E+01	-2.70000000E+01	-2.00000000E-09	2.43157596E+01	-4.86564889E+01	6.45220783E+00
2.49000000E+01	1.82000000E+01	-2.70000000E+01	-2.00000000E-09	2.59921913E+01	-4.86564889E+01	6.45220783E+00
-3.00000000E+01	-2.50000000E+01	-1.90000000E+01	-2.00000000E-09	1.56715244E+01	-3.58781082E+01	1.20594430E+01
-2.39000000E+01	-2.50000000E+01	-1.90000000E+01	-2.00000000E-09	1.65482613E+01	-3.58781082E+01	1.20594430E+01
-1.78000000E+01	-2.50000000E+01	-1.90000000E+01	-2.00000000E-09	1.75950446E+01	-3.58781082E+01	1.20594430E+01
-1.17000000E+01	-2.50000000E+01	-1.90000000E+01	-2.00000000E-09	1.85674973E+01	-3.58781082E+01	1.20594430E+01
-5.60000000E+00	-2.50000000E+01	-1.90000000E+01	-2.00000000E-09	1.92385951E+01	-3.58781082E+01	1.20594430E+01
5.00000000E-01	-2.50000000E+01	-1.90000000E+01	-2.00000000E-09	1.94516667E+01	-3.58781082E+01	1.20594430E+01
6.60000000E+00	-2.50000000E+01	-1.90000000E+01	-2.00000000E-09	1.91569693E+01	-3.58781082E+01	1.20594430E+01
1.27000000E+01	-2.50000000E+01	-1.90000000E+01	-2.00000000E-09	1.84233017E+01	-3.58781082E+01	1.20594430E+01
1.88000000E+01	-2.50000000E+01	-1.90000000E+01	-2.00000000E-09	1.74219424E+01	-3.58781082E+01	1.20594430E+01
2.49000000E+01	-2.50000000E+01	-1.90000000E+01	-2.00000000E-09	1.63866641E+01	-3.58781082E+01	1.20594430E+01
-3.00000000E+01	-1.78000000E+01	-1.90000000E+01	-2.00000000E-09	1.46530879E+01	-3.49269277E+01	1.20594430E+01
-2.39000000E+01	-1.78000000E+01	-1.90000000E+01	-2.00000000E-09	1.60861053E+01	-3.49269277E+01	1.20594430E+01
-1.78000000E+01	-1.78000000E+01	-1.90000000E+01	-2.00000000E-09	1.77970620E+01	-3.49269277E+01	1.20594430E+01
-1.17000000E+01	-1.78000000E+01	-1.90000000E+01	-2.00000000E-09	1.93865260E+01	-3.49269277E+01	1.20594430E+01
-5.60000000E+00	-1.78000000E+01	-1.90000000E+01	-2.00000000E-09	2.04834285E+01	-3.49269277E+01	1.20594430E+01
5.00000000E-01	-1.78000000E+01	-1.90000000E+01	-2.00000000E-09	2.08316918E+01	-3.49269277E+01	1.20594430E+01
6.60000000E+00	-1.78000000E+01	-1.90000000E+01	-2.00000000E-09	2.03500120E+01	-3.49269277E+01	1.20594430E+01
1.27000000E+01	-1.78000000E+01	-1.90000000E+01	-2.00000000E-09	1.91508397E+01	-3.49269277E+01	1.20594430E+01
1.88000000E+01	-1.78000000E+01	-1.90000000E+01	-2.00000000E-09	1.75141282E+01	-3.49269277E+01	1.20594430E+01
2.49000000E+01	-1.78000000E+01	-1.90000000E+01	-2.00000000E-09	1.58219764E+01	-3.49269277E+01	1.20594430E+01
-3.00000000E+01	-1.06000000E+01	-1.90000000E+01	-2.00000000E-09	1.49369581E+01	-3.38865435E+01	1.20594430E+01
-2.39000000E+01	-1.06000000E+01	-1.90000000E+01	-2.00000000E-09	1.62149227E+01	-3.38865435E+01	1.20594430E+01
-1.78000000E+01	-1.06000000E+01	-1.90000000E+01	-2.00000000E-09	1.77407534E+01	-3.38865435E+01	1.20594430E+01
-1.17000000E+01	-1.06000000E+01	-1.90000000E+01	-2.00000000E-09	1.91582370E+01	-3.38865435E+01	1.20594430E+01
-5.60000000E+00	-1.06000000E+01	-1.90000000E+01	-2.00000000E-09	2.01364544E+01	-3.38865435E+01	1.20594430E+01
5.00000000E-01	-1.06000000E+01	-1.90000000E+01	-2.00000000E-09	2.04470355E+01	-3.38865435E+01	1.20594430E+01
6.60000000E+00	-1.06000000E+01	-1.90000000E+01	-2.00000000E-09	2.00174735E+01	-3.38865435E+01	1.20594430E+01
1.27000000E+01	-1.06000000E+01	-1.90000000E+01	-2.00000000E-09	1.89480520E+01	-3.38865435E+01	1.20594430E+01
1.88000000E+01	-1.06000000E+01	-1.90000000E+01	-2.00000000E-09	1.74884331E+01	-3.38865435E+01	1.20594430E+01
2.49000000E+01	-1.06000000E+01	-1.90000000E+01	-2.00000000E-09	1.59793725E+01	-3.38865435E+01	1.20594430E+01
-3.00000000E+01	-3.40000000E+00	-1.90000000E+01	-2.00000000E-09	1.63822251E+01	-3.40926903E+01	1.20594430E+01
-2.39000000E+01	-3.40000000E+00	-1.90000000E+01	-2.00000000E-09	1.68707699E+01	-3.40926903E+01	1.20594430E+01
-1.78000000E+01	-3.40000000E+00	-1.90000000E+01	-2.00000000E-09	1.74540698E+01	-3.40926903E+01	1.20594430E+01
-1.17000000E+01	-3.40000000E+00	-1.90000000E+01	-2.00000000E-09	1.79959503E+01	-3.40926903E+01	1.20594430E+01
-5.60000000E+00	-3.40000000E+00	-1.90000000E+01	-2.00000000E-09	1.83699067E+01	-3.40926903E+01	1.20594430E+01
5.00000000E-01	-3.40000000E+00	-1.90000000E+01	-2.00000000E-09	1.84886367E+01	-3.40926903E+01	1.20594430E+01
6.60000000E+00	-3.40000000E+00	-1.90000000E+01	-2.00000000E-09	1.83244223E+01	-3.40926903E+01	1.20594430E+01
1.27000000E+01	-3.40000000E+00	-1.90000000E+01	-2.00000000E-09	1.79156001E+01	-3.40926903E+01	1.20594430E+01
1.88000000E+01	-3.40000000E+00	-1.90000000E+01	-2.00000000E-09	1.73576119E+01	-3.40926903E+01	1.20594430E+01
2.49000000E+01	-3.40000000E+00	-1.90000000E+01	-2.00000000E-09	1.67807229E+01	-3.40926903E+01	1.20594430E+01
-3.00000000E+01	3.80000000E+00	-1.90000000E+01	-2.00000000E-09	1.82714750E+01	-3.50588456E+01	1.20594430E+01
-2.39000000E+01	3.80000000E+00	-1.90000000E+01	-2.00000000E-09	1.77280919E+01	-3.50588456E+01	1.20594430E+01
-1.78000000E+01	3.80000000E+00	-1.90000000E+01	-2.00000000E-09	1.70793175E+01	-3.50588456E+01	1.20594430E+01
-1.17000000E+01	3.80000000E+00	-1.90000000E+01	-2.00000000E-09	1.64766117E+01	-3.50588456E+01	1.20594430E+01
-5.60000000E+00	3.80000000E+00	-1.90000000E+01	-2.00000000E-09	1.60606794E+01	-3.50588456E+01	1.20594430E+01
5.00000000E-01	3.80000000E+00	-1.90000000E+01	-2.00000000E-09	1.59286221E+01	-3.50588456E+01	1.20594430E+01
6.60000000E+00	3.80000000E+00	-1.90000000E+01	-2.00000000E-09	1.61112694E+01	-3.50588456E+01	1.20594430E+01
1.27000000E+01	3.80000000E+00	-1.90000000E+01	-2.00000000E-09	1.65659812E+01	-3.50588456E+01	1.20594430E+01
1.88000000E+01	3.80000000E+00	-1.90000000E+01	-2.00000000E-09	1.71866026E+01	-3.50588456E+01	1.20594430E+01
2.49000000E+01	3.80000000E+00	-1.90000000E+01	-2.00000000E-09	1.78282464E+01	-3.50588456E+01	1.20594430E+01
-3.00000000E+01	1.10000000E+01	-1.90000000E+01	-2.00000000E-09	1.96669056E+01	-3.51890906E+01	1.20594430E+01
-2.39000000E+01	1.10000000E+01	-1.90000000E+01	-2.00000000E-09	1.83613238E+01	-3.51890906E+01	1.20594430E+01
-1.78000000E+01	1.10000000E+01	-1.90000000E+01	-2.00000000E-09	1.68025194E+01	-3.51890906E+01	1.20594430E+01
-1.17000000E+01	1.10000000E+01	-1.90000000E+01	-2.00000000E-09	1.53544035E+01	-3.51890906E+01	1.20594430E+01
-5.60000000E+00	1.10000000E+01	-1.90000000E+01	-2.00000000E-09	1.43550466E+01	-3.51890906E+01	1.20594430E+01
5.00000000E-01	1.10000000E+01	-1.90000000E+01	-2.00000000E-09	1.40377537E+01	-3.51890906E+01	1.20594430E+01
6.60000000E+00	1.10000000E+01	-1.90000000E+01	-2.00000000E-09	1.44765986E+01	-3.51890906E+01	1.20594430E+01
1.27000000E+01	1.10000000E+01	-1.90000000E+01	-2.00000000E-09	1.55691307E+01	-3.51890906E+01	1.20594430E+01
1.88000000E+01	1.10000000E+01	-1.90000000E+01	-2.00000000E-09	1.70602924E+01	-3.51890906E+01	1.20594430E+01
2.49000000E+01	1.10000000E+01	-1.90000000E+01	-2.00000000E-09	1.86019643E+01	-3.51890906E+01	1.20594430E+01
-3.00000000E+01	1.82000000E+01	-1.90000000E+01	-2.00000000E-09	1.98758414E+01	-3.41077301E+01	1.20594430E+01
-2.39000000E+01	1.82000000E+01	-1.90000000E+01	-2.00000000E-09	1.84561367E+01	-3.41077301E+01	1.20594430E+01
-1.78000000E+01	1.82000000E+01	-1.90000000E+01	-2.00000000E-09	1.67610748E+01	-3.41077301E+01	1.20594430E+01
-1.17000000E+01	1.82000000E+01	-1.90000000E+01	-2.00000000E-09	1.51863770E+01	-3.41077301E+01	1.20594430E+01
-5.60000000E+00	1.82000000E+01	-1.90000000E+01	-2.00000000E-09	1.40996648E+01	-3.41077301E+01	1.20594430E+01
5.00000000E-01	1.82000000E+01	-1.90000000E+01	-2.00000000E-09	1.37546369E+01	-3.41077301E+01	1.20594430E+01
6.60000000E+00	1.82000000E+01	-1.90000000E+01	-2.00000000E-09	1.42318419E+01	-3.41077301E+01	1.20594430E+01
1.27000000E+01	1.82000000E+01	-1.90000000E+01	-2.00000000E-09	1.54198738E+01	-3.41077301E+01	1.20594430E+01
1.88000000E+01	1.82000000E+01	-1.90000000E+01	-2.00000000E-09	1.70413802E+01	-3.41077301E+01	1.20594430E+01
2.49000000E+01	1.82000000E+01	-1.90000000E+01	-2.00000000E-09	1.87178119E+01	-3.41077301E+01	1.20594430E+01
-3.00000000E+01	-2.50000000E+01	-1.10000000E+01	-2.00000000E-09	8.39714497E+00	-2.13293494E+01	1.02326183E+01
-2.39000000E+01	-2.50000000E+01	-1.10000000E+01	-2.00000000E-09	9.27388184E+00	-2.13293494E+01	1.02326183E+01
-1.78000000E+01	-2.50000000E+01	-1.10000000E+01	-2.00000000E-09	1.03206652E+01	-2.13293494E+01	1.02326183E+01
-1.17000000E+01	-2.50000000E+01	-1.10000000E+01	-2.00000000E-09	1.12931179E+01	-2.13293494E+01	1.02326183E+01
-5.60000000E+00	-2.50000000E+01	-1.10000000E+01	-2.00000000E-09	1.19642157E+01	-2.13293494E+01	1.02326183E+01
5.00000000E-01	-2.50000000E+01	-1.10000000E+01	-2.00000000E-09	1.21772872E+01	-2.13293494E+01	1.02326183E+01
6.60000000E+00	-2.50000000E+01	-1.10000000E+01	-2.00000000E-09	1.18825899E+01	-2.13293494E+01	1.02326183E+01
1.27000000E+01	-2.50000000E+01	-1.10000000E+01	-2.00000000E-09	1.11489222E+01	-2.13293494E+01	1.02326183E+01
1.88000000E+01	-2.50000000E+01	-1.10000000E+01	-2.00000000E-09	1.01475630E+01	-2.13293494E+01	1.02326183E+01
2.49000000E+01	-2.50000000E+01	-1.10000000E+01	-2.00000000E-09	9.11228464E+00	-2.13293494E+01	1.02326183E+01
-3.00000000E+01	-1.78000000E+01	-1.10000000E+01	-2.00000000E-09	7.37870845E+00	-2.03781689E+01	1.02326183E+01
-2.39000000E+01	-1.78000000E+01	-1.10000000E+01	-2.00000000E-09	8.81172591E+00	-2.03781689E+01	1.02326183E+01
-1.78000000E+01	-1.78000000E+01	-1.10000000E+01	-2.00000000E-09	1.05226826E+01	-2.03781689E+01	1.02326183E+01
-1.17000000E+01	-1.78000000E+01	-1.10000000E+01	-2.00000000E-09	1.21121466E+01	-2.03781689E+01	1.02326183E+01
-5.60000000E+00	-1.78000000E+01	-1.10000000E+01	-2.00000000E-09	1.32090491E+01	-2.03781689E+01	1.02326183E+01
5.00000000E-01	-1.78000000E+01	-1.10000000E+01	-2.00000000E-09	1.35573124E+01	-2.03781689E+01	1.02326183E+01
6.60000000E+00	-1.78000000E+01	-1.10000000E+01	-2.00000000E-09	1.30756326E+01	-2.03781689E+01	1.02326183E+01
1.27000000E+01	-1.78000000E+01	-1.10000000E+01	-2.00000000E-09	1.18764603E+01	-2.03781689E+01	1.02326183E+01
1.88000000E+01	-1.78000000E+01	-1.10000000E+01	-2.00000000E-09	1.02397488E+01	-2.03781689E+01	1.02326183E+01
2.49000000E+01	-1.78000000E+01	-1.10000000E+01	-2.00000000E-09	8.54759695E+00	-2.03781689E+01	1.02326183E+01
-3.00000000E+01	-1.06000000E+01	-1.10000000E+01	-2.00000000E-09	7.66257867E+00	-1.93377847E+01	1.02326183E+01
-2.39000000E+01	-1.06000000E+01	-1.10000000E+01	-2.00000000E-09	8.94054327E+00	-1.93377847E+01	1.02326183E+01
-1.78000000E+01	-1.06000000E+01	-1.10000000E+01	-2.00000000E-09	1.04663740E+01	-1.93377847E+01	1.02326183E+01
-1.17000000E+01	-1.06000000E+01	-1.10000000E+01	-2.00000000E-09	1.18838576E+01	-1.93377847E+01	1.02326183E+01
-5.60000000E+00	-1.06000000E+01	-1.10000000E+01	-2.00000000E-09	1.28620750E+01	-1.93377847E+01	1.02326183E+01
5.00000000E-01	-1.06000000E+01	-1.10000000E+01	-2.00000000E-09	1.31726561E+01	-1.93377847E+01	1.02326183E+01
6.60000000E+00	-1.06000000E+01	-1.10000000E+01	-2.00000000E-09	1.27430941E+01	-1.93377847E+01	1.02326183E+01
1.27000000E+01	-1.06000000E+01	-1.10000000E+01	-2.00000000E-09	1.16736726E+01	-1.93377847E+01	1.02326183E+01
1.88000000E+01	-1.06000000E+01	-1.10000000E+01	-2.00000000E-09	1.02140537E+01	-1.93377847E+01	1.02326183E+01
2.49000000E+01	-1.06000000E+01	-1.10000000E+01	-2.00000000E-09	8.70499313E+00	-1.93377847E+01	1.02326183E+01
-3.00000000E+01	-3.40000000E+00	-1.10000000E+01	-2.00000000E-09	9.10784570E+00	-1.95439315E+01	1.02326183E+01
-2.39000000E+01	-3.40000000E+00	-1.10000000E+01	-2.00000000E-09	9.59639046E+00	-1.95439315E+01	1.02326183E+01
-1.78000000E+01	-3.40000000E+00	-1.10000000E+01	-2.00000000E-09	1.01796903E+01	-1.95439315E+01	1.02326183E+01
-1.17000000E+01	-3.40000000E+00	-1.10000000E+01	-2.00000000E-09	1.07215709E+01	-1.95439315E+01	1.02326183E+01
-5.60000000E+00	-3.40000000E+00	-1.10000000E+01	-2.00000000E-09	1.10955273E+01	-1.95439315E+01	1.02326183E+01
5.00000000E-01	-3.40000000E+00	-1.10000000E+01	-2.00000000E-09	1.12142573E+01	-1.95439315E+01	1.02326183E+01
6.60000000E+00	-3.40000000E+00	-1.10000000E+01	-2.00000000E-09	1.10500428E+01	-1.95439315E+01	1.02326183E+01
1.27000000E+01	-3.40000000E+00	-1.10000000E+01	-2.00000000E-09	1.06412207E+01	-1.95439315E+01	1.02326183E+01
1.88000000E+01	-3.40000000E+00	-1.10000000E+01	-2.00000000E-09	1.00832325E+01	-1.95439315E+01	1.02326183E+01
2.49000000E+01	-3.40000000E+00	-1.10000000E+01	-2.00000000E-09	9.50634353E+00	-1.95439315E+01	1.02326183E+01
-3.00000000E+01	3.80000000E+00	-1.10000000E+01	-2.00000000E-09	1.09970955E+01	-2.05100868E+01	1.02326183E+01
-2.39000000E+01	3.80000000E+00	-1.10000000E+01	-2.00000000E-09	1.04537124E+01	-2.05100868E+01	1.02326183E+01
-1.78000000E+01	3.80000000E+00	-1.10000000E+01	-2.00000000E-09	9.80493809E+00	-2.05100868E+01	1.02326183E+01
-1.17000000E+01	3.80000000E+00	-1.10000000E+01	-2.00000000E-09	9.20223233E+00	-2.05100868E+01	1.02326183E+01
-5.60000000E+00	3.80000000E+00	-1.10000000E+01	-2.00000000E-09	8.78630000E+00	-2.05100868E+01	1.02326183E+01
5.00000000E-01	3.80000000E+00	-1.10000000E+01	-2.00000000E-09	8.65424272E+00	-2.05100868E+01	1.02326183E+01
6.60000000E+00	3.80000000E+00	-1.10000000E+01	-2.00000000E-09	8.83688997E+00	-2.05100868E+01	1.02326183E+01
1.27000000E+01	3.80000000E+00	-1.10000000E+01	-2.00000000E-09	9.29160176E+00	-2.05100868E+01	1.02326183E+01
1.88000000E+01	3.80000000E+00	-1.10000000E+01	-2.00000000E-09	9.91222323E+00	-2.05100868E+01	1.02326183E+01
2.49000000E+01	3.80000000E+00	-1.10000000E+01	-2.00000000E-09	1.05538670E+01	-2.05100868E+01	1.02326183E+01
-3.00000000E+01	1.10000000E+01	-1.10000000E+01	-2.00000000E-09	1.23925262E+01	-2.06403317E+01	1.02326183E+01
-2.39000000E+01	1.10000000E+01	-1.10000000E+01	-2.00000000E-09	1.10869444E+01	-2.06403317E+01	1.02326183E+01
-1.78000000E+01	1.10000000E+01	-1.10000000E+01	-2.00000000E-09	9.52813998E+00	-2.06403317E+01	1.02326183E+01
-1.17000000E+01	1.10000000E+01	-1.10000000E+01	-2.00000000E-09	8.08002413E+00	-2.06403317E+01	1.02326183E+01
-5.60000000E+00	1.10000000E+01	-1.10000000E+01	-2.00000000E-09	7.08066717E+00	-2.06403317E+01	1.02326183E+01
5.00000000E-01	1.10000000E+01	-1.10000000E+01	-2.00000000E-09	6.76337430E+00	-2.06403317E+01	1.02326183E+01
6.60000000E+00	1.10000000E+01	-1.10000000E+01	-2.00000000E-09	7.20221923E+00	-2.06403317E+01	1.02326183E+01
1.27000000E+01	1.10000000E+01	-1.10000000E+01	-2.00000000E-09	8.29475128E+00	-2.06403317E+01	1.02326183E+01
1.88000000E+01	1.10000000E+01	-1.10000000E+01	-2.00000000E-09	9.78591303E+00	-2.06403317E+01	1.02326183E+01
2.49000000E+01	1.10000000E+01	-1.10000000E+01	-2.00000000E-09	1.13275849E+01	-2.06403317E+01	1.02326183E+01
-3.00000000E+01	1.82000000E+01	-1.10000000E+01	-2.00000000E-09	1.26014619E+01	-1.95589713E+01	1.02326183E+01
-2.39000000E+01	1.82000000E+01	-1.10000000E+01	-2.00000000E-09	1.11817573E+01	-1.95589713E+01	1.02326183E+01
-1.78000000E+01	1.82000000E+01	-1.10000000E+01	-2.00000000E-09	9.48669542E+00	-1.95589713E+01	1.02326183E+01
-1.17000000E+01	1.82000000E+01	-1.10000000E+01	-2.00000000E-09	7.91199759E+00	-1.95589713E+01	1.02326183E+01
-5.60000000E+00	1.82000000E+01	-1.10000000E+01	-2.00000000E-09	6.82528535E+00	-1.95589713E+01	1.02326183E+01
5.00000000E-01	1.82000000E+01	-1.10000000E+01	-2.00000000E-09	6.48025744E+00	-1.95589713E+01	1.02326183E+01
6.60000000E+00	1.82000000E+01	-1.10000000E+01	-2.00000000E-09	6.95746246E+00	-1.95589713E+01	1.02326183E+01
1.27000000E+01	1.82000000E+01	-1.10000000E+01	-2.00000000E-09	8.14549436E+00	-1.95589713E+01	1.02326183E+01
1.88000000E+01	1.82000000E+01	-1.10000000E+01	-2.00000000E-09	9.76700079E+00	-1.95589713E+01	1.02326183E+01
2.49000000E+01	1.82000000E+01	-1.10000000E+01	-2.00000000E-09	1.14434325E+01	-1.95589713E+01	1.02326183E+01
-3.00000000E+01	-2.50000000E+01	-3.00000000E+00	-2.00000000E-09	1.12276555E+00	-6.78059059E+00	3.23671319E+00
-2.39000000E+01	-2.50000000E+01	-3.00000000E+00	-2.00000000E-09	1.99950242E+00	-6.78059059E+00	3.23671319E+00
-1.78000000E+01	-2.50000000E+01	-3.00000000E+00	-2.00000000E-09	3.04628577E+00	-6.78059059E+00	3.23671319E+00
-1.17000000E+01	-2.50000000E+01	-3.00000000E+00	-2.00000000E-09	4.01873847E+00	-6.78059059E+00	3.23671319E+00
-5.60000000E+00	-2.50000000E+01	-3.00000000E+00	-2.00000000E-09	4.68983627E+00	-6.78059059E+00	3.23671319E+00
5.00000000E-01	-2.50000000E+01	-3.00000000E+00	-2.00000000E-09	4.90290783E+00	-6.78059059E+00	3.23671319E+00
6.60000000E+00	-2.50000000E+01	-3.00000000E+00	-2.00000000E-09	4.60821046E+00	-6.78059059E+00	3.23671319E+00
1.27000000E+01	-2.50000000E+01	-3.00000000E+00	-2.00000000E-09	3.87454283E+00	-6.78059059E+00	3.23671319E+00
1.88000000E+01	-2.50000000E+01	-3.00000000E+00	-2.00000000E-09	2.87318354E+00	-6.78059059E+00	3.23671319E+00
2.49000000E+01	-2.50000000E+01	-3.00000000E+00	-2.00000000E-09	1.83790523E+00	-6.78059059E+00	3.23671319E+00
-3.00000000E+01	-1.78000000E+01	-3.00000000E+00	-2.00000000E-09	1.04329039E-01	-5.82941004E+00	3.23671319E+00
-2.39000000E+01	-1.78000000E+01	-3.00000000E+00	-2.00000000E-09	1.53734650E+00	-5.82941004E+00	3.23671319E+00
-1.78000000E+01	-1.78000000E+01	-3.00000000E+00	-2.00000000E-09	3.24830319E+00	-5.82941004E+00	3.23671319E+00
-1.17000000E+01	-1.78000000E+01	-3.00000000E+00	-2.00000000E-09	4.83776719E+00	-5.82941004E+00	3.23671319E+00
-5.60000000E+00	-1.78000000E+01	-3.00000000E+00	-2.00000000E-09	5.93466969E+00	-5.82941004E+00	3.23671319E+00
5.00000000E-01	-1.78000000E+01	-3.00000000E+00	-2.00000000E-09	6.28293298E+00	-5.82941004E+00	3.23671319E+00
6.60000000E+00	-1.78000000E+01	-3.00000000E+00	-2.00000000E-09	5.80125314E+00	-5.82941004E+00	3.23671319E+00
1.27000000E+01	-1.78000000E+01	-3.00000000E+00	-2.00000000E-09	4.60208089E+00	-5.82941004E+00	3.23671319E+00
1.88000000E+01	-1.78000000E+01	-3.00000000E+00	-2.00000000E-09	2.96536935E+00	-5.82941004E+00	3.23671319E+00
2.49000000E+01	-1.78000000E+01	-3.00000000E+00	-2.00000000E-09	1.27321753E+00	-5.82941004E+00	3.23671319E+00
-3.00000000E+01	-1.06000000E+01	-3.00000000E+00	-2.00000000E-09	3.88199256E-01	-4.78902588E+00	3.23671319E+00
-2.39000000E+01	-1.06000000E+01	-3.00000000E+00	-2.00000000E-09	1.66616386E+00	-4.78902588E+00	3.23671319E+00
-1.78000000E+01	-1.06000000E+01	-3.00000000E+00	-2.00000000E-09	3.19199460E+00	-4.78902588E+00	3.23671319E+00
-1.17000000E+01	-1.06000000E+01	-3.00000000E+00	-2.00000000E-09	4.60947818E+00	-4.78902588E+00	3.23671319E+00
-5.60000000E+00	-1.06000000E+01	-3.00000000E+00	-2.00000000E-09	5.58769555E+00	-4.78902588E+00	3.23671319E+00
5.00000000E-01	-1.06000000E+01	-3.00000000E+00	-2.00000000E-09	5.89827666E+00	-4.78902588E+00	3.23671319E+00
6.60000000E+00	-1.06000000E+01	-3.00000000E+00	-2.00000000E-09	5.46871470E+00	-4.78902588E+00	3.23671319E+00
1.27000000E+01	-1.06000000E+01	-3.00000000E+00	-2.00000000E-09	4.39929320E+00	-4.78902588E+00	3.23671319E+00
1.88000000E+01	-1.06000000E+01	-3.00000000E+00	-2.00000000E-09	2.93967427E+00	-4.78902588E+00	3.23671319E+00
2.49000000E+01	-1.06000000E+01	-3.00000000E+00	-2.00000000E-09	1.43061372E+00	-4.78902588E+00	3.23671319E+00
-3.00000000E+01	-3.40000000E+00	-3.00000000E+00	-2.00000000E-09	1.83346628E+00	-4.99517267E+00	3.23671319E+00
-2.39000000E+01	-3.40000000E+00	-3.00000000E+00	-2.00000000E-09	2.32201104E+00	-4.99517267E+00	3.23671319E+00
-1.78000000E+01	-3.40000000E+00	-3.00000000E+00	-2.00000000E-09	2.90531093E+00	-4.99517267E+00	3.23671319E+00
-1.17000000E+01	-3.40000000E+00	-3.00000000E+00	-2.00000000E-09	3.44719149E+00	-4.99517267E+00	3.23671319E+00
-5.60000000E+00	-3.40000000E+00	-3.00000000E+00	-2.00000000E-09	3.82114784E+00	-4.99517267E+00	3.23671319E+00
5.00000000E-01	-3.40000000E+00	-3.00000000E+00	-2.00000000E-09	3.93987786E+00	-4.99517267E+00	3.23671319E+00
6.60000000E+00	-3.40000000E+00	-3.00000000E+00	-2.00000000E-09	3.77566342E+00	-4.99517267E+00	3.23671319E+00
1.27000000E+01	-3.40000000E+00	-3.00000000E+00	-2.00000000E-09	3.36684124E+00	-4.99517267E+00	3.23671319E+00
1.88000000E+01	-3.40000000E+00	-3.00000000E+00	-2.00000000E-09	2.80885304E+00	-4.99517267E+00	3.23671319E+00
2.49000000E+01	-3.40000000E+00	-3.00000000E+00	-2.00000000E-09	2.23196411E+00	-4.99517267E+00	3.23671319E+00
-3.00000000E+01	3.80000000E+00	-3.00000000E+00	-2.00000000E-09	3.72271613E+00	-5.96132794E+00	3.23671319E+00
-2.39000000E+01	3.80000000E+00	-3.00000000E+00	-2.00000000E-09	3.17933302E+00	-5.96132794E+00	3.23671319E+00
-1.78000000E+01	3.80000000E+00	-3.00000000E+00	-2.00000000E-09	2.53055868E+00	-5.96132794E+00	3.23671319E+00
-1.17000000E+01	3.80000000E+00	-3.00000000E+00	-2.00000000E-09	1.92785291E+00	-5.96132794E+00	3.23671319E+00
-5.60000000E+00	3.80000000E+00	-3.00000000E+00	-2.00000000E-09	1.51192059E+00	-5.96132794E+00	3.23671319E+00
5.00000000E-01	3.80000000E+00	-3.00000000E+00	-2.00000000E-09	1.37986331E+00	-5.96132794E+00	3.23671319E+00
6.60000000E+00	3.80000000E+00	-3.00000000E+00	-2.00000000E-09	1.56251055E+00	-5.96132794E+00	3.23671319E+00
1.27000000E+01	3.80000000E+00	-3.00000000E+00	-2.00000000E-09	2.01722235E+00	-5.96132794E+00	3.23671319E+00
1.88000000E+01	3.80000000E+00	-3.00000000E+00	-2.00000000E-09	2.63784381E+00	-5.96132794E+00	3.23671319E+00
2.49000000E+01	3.80000000E+00	-3.00000000E+00	-2.00000000E-09	3.27948757E+00	-5.96132794E+00	3.23671319E+00
-3.00000000E+01	1.10000000E+01	-3.00000000E+00	-2.00000000E-09	5.11814681E+00	-6.09157290E+00	3.23671319E+00
-2.39000000E+01	1.10000000E+01	-3.00000000E+00	-2.00000000E-09	3.81256499E+00	-6.09157290E+00	3.23671319E+00
-1.78000000E+01	1.10000000E+01	-3.00000000E+00	-2.00000000E-09	2.25376057E+00	-6.09157290E+00	3.23671319E+00
-1.17000000E+01	1.10000000E+01	-3.00000000E+00	-2.00000000E-09	8.05644711E-01	-6.09157290E+00	3.23671319E+00
-5.60000000E+00	1.10000000E+01	-3.00000000E+00	-2.00000000E-09	-1.93712244E-01	-6.09157290E+00	3.23671319E+00
5.00000000E-01	1.10000000E+01	-3.00000000E+00	-2.00000000E-09	-5.11005110E-01	-6.09157290E+00	3.23671319E+00
6.60000000E+00	1.10000000E+01	-3.00000000E+00	-2.00000000E-09	-7.21601821E-02	-6.09157290E+00	3.23671319E+00
1.27000000E+01	1.10000000E+01	-3.00000000E+00	-2.00000000E-09	1.02037186E+00	-6.09157290E+00	3.23671319E+00
1.88000000E+01	1.10000000E+01	-3.00000000E+00	-2.00000000E-09	2.51153361E+00	-6.09157290E+00	3.23671319E+00
2.49000000E+01	1.10000000E+01	-3.00000000E+00	-2.00000000E-09	4.05320544E+00	-6.09157290E+00	3.23671319E+00
-3.00000000E+01	1.82000000E+01	-3.00000000E+00	-2.00000000E-09	5.32708254E+00	-5.01021244E+00	3.23671319E+00
-2.39000000E+01	1.82000000E+01	-3.00000000E+00	-2.00000000E-09	3.90737786E+00	-5.01021244E+00	3.23671319E+00
-1.78000000E+01	1.82000000E+01	-3.00000000E+00	-2.00000000E-09	2.21231601E+00	-5.01021244E+00	3.23671319E+00
-1.17000000E+01	1.82000000E+01	-3.00000000E+00	-2.00000000E-09	6.37618175E-01	-5.01021244E+00	3.23671319E+00
-5.60000000E+00	1.82000000E+01	-3.00000000E+00	-2.00000000E-09	-4.49094067E-01	-5.01021244E+00	3.23671319E+00
5.00000000E-01	1.82000000E+01	-3.00000000E+00	-2.00000000E-09	-7.94121977E-01	-5.01021244E+00	3.23671319E+00
6.60000000E+00	1.82000000E+01	-3.00000000E+00	-2.00000000E-09	-3.16916957E-01	-5.01021244E+00	3.23671319E+00
1.27000000E+01	1.82000000E+01	-3.00000000E+00	-2.00000000E-09	8.71114946E-01	-5.01021244E+00	3.23671319E+00
1.88000000E+01	1.82000000E+01	-3.00000000E+00	-2.00000000E-09	2.49262138E+00	-5.01021244E+00	3.23671319E+00
2.49000000E+01	1.82000000E+01	-3.00000000E+00	-2.00000000E-09	4.16905305E+00	-5.01021244E+00	3.23671319E+00
-3.00000000E+01	-2.50000000E+01	5.00000000E+00	-2.00000000E-09	-6.15161386E+00	7.76816824E+00	-5.28617743E+00
-2.39000000E+01	-2.50000000E+01	5.00000000E+00	-2.00000000E-09	-5.27487699E+00	7.76816824E+00	-5.28617743E+00
-1.78000000E+01	-2.50000000E+01	5.00000000E+00	-2.00000000E-09	-4.22809364E+00	7.76816824E+00	-5.28617743E+00
-1.17000000E+01	-2.50000000E+01	5.00000000E+00	-2.00000000E-09	-3.25564094E+00	7.76816824E+00	-5.28617743E+00
-5.60000000E+00	-2.50000000E+01	5.00000000E+00	-2.00000000E-09	-2.58454314E+00	7.76816824E+00	-5.28617743E+00
5.00000000E-01	-2.50000000E+01	5.00000000E+00	-2.00000000E-09	-2.37147158E+00	7.76816824E+00	-5.28617743E+00
6.60000000E+00	-2.50000000E+01	5.00000000E+00	-2.00000000E-09	-2.66616895E+00	7.76816824E+00	-5.28617743E+00
1.27000000E+01	-2.50000000E+01	5.00000000E+00	-2.00000000E-09	-3.39983659E+00	7.76816824E+00	-5.28617743E+00
1.88000000E+01	-2.50000000E+01	5.00000000E+00	-2.00000000E-09	-4.40119588E+00	7.76816824E+00	-5.28617743E+00
2.49000000E+01	-2.50000000E+01	5.00000000E+00	-2.00000000E-09	-5.43647419E+00	7.76816824E+00	-5.28617743E+00
-3.00000000E+01	-1.78000000E+01	5.00000000E+00	-2.00000000E-09	-7.17005038E+00	8.71934879E+00	-5.28617743E+00
-2.39000000E+01	-1.78000000E+01	5.00000000E+00	-2.00000000E-09	-5.73703292E+00	8.71934879E+00	-5.28617743E+00
-1.78000000E+01	-1.78000000E+01	5.00000000E+00	-2.00000000E-09	-4.02607623E+00	8.71934879E+00	-5.28617743E+00
-1.17000000E+01	-1.78000000E+01	5.00000000E+00	-2.00000000E-09	-2.43661222E+00	8.71934879E+00	-5.28617743E+00
-5.60000000E+00	-1.78000000E+01	5.00000000E+00	-2.00000000E-09	-1.33970972E+00	8.71934879E+00	-5.28617743E+00
5.00000000E-01	-1.78000000E+01	5.00000000E+00	-2.00000000E-09	-9.91446434E-01	8.71934879E+00	-5.28617743E+00
6.60000000E+00	-1.78000000E+01	5.00000000E+00	-2.00000000E-09	-1.47312627E+00	8.71934879E+00	-5.28617743E+00
1.27000000E+01	-1.78000000E+01	5.00000000E+00	-2.00000000E-09	-2.67229853E+00	8.71934879E+00	-5.28617743E+00
1.88000000E+01	-1.78000000E+01	5.00000000E+00	-2.00000000E-09	-4.30901006E+00	8.71934879E+00	-5.28617743E+00
2.49000000E+01	-1.78000000E+01	5.00000000E+00	-2.00000000E-09	-6.00116188E+00	8.71934879E+00	-5.28617743E+00
-3.00000000E+01	-1.06000000E+01	5.00000000E+00	-2.00000000E-09	-6.88618016E+00	9.75973295E+00	-5.28617743E+00
-2.39000000E+01	-1.06000000E+01	5.00000000E+00	-2.00000000E-09	-5.60821556E+00	9.75973295E+00	-5.28617743E+00
-1.78000000E+01	-1.06000000E+01	5.00000000E+00	-2.00000000E-09	-4.08238482E+00	9.75973295E+00	-5.28617743E+00
-1.17000000E+01	-1.06000000E+01	5.00000000E+00	-2.00000000E-09	-2.66490123E+00	9.75973295E+00	-5.28617743E+00
-5.60000000E+00	-1.06000000E+01	5.00000000E+00	-2.00000000E-09	-1.68668386E+00	9.75973295E+00	-5.28617743E+00
5.00000000E-01	-1.06000000E+01	5.00000000E+00	-2.00000000E-09	-1.37610275E+00	9.75973295E+00	-5.28617743E+00
6.60000000E+00	-1.06000000E+01	5.00000000E+00	-2.00000000E-09	-1.80566471E+00	9.75973295E+00	-5.28617743E+00
1.27000000E+01	-1.06000000E+01	5.00000000E+00	-2.00000000E-09	-2.87508622E+00	9.75973295E+00	-5.28617743E+00
1.88000000E+01	-1.06000000E+01	5.00000000E+00	-2.00000000E-09	-4.33470514E+00	9.75973295E+00	-5.28617743E+00
2.49000000E+01	-1.06000000E+01	5.00000000E+00	-2.00000000E-09	-5.84376570E+00	9.75973295E+00	-5.28617743E+00
-3.00000000E+01	-3.40000000E+00	5.00000000E+00	-2.00000000E-09	-5.44091313E+00	9.55358616E+00	-5.28617743E+00
-2.39000000E+01	-3.40000000E+00	5.00000000E+00	-2.00000000E-09	-4.95236837E+00	9.55358616E+00	-5.28617743E+00
-1.78000000E+01	-3.40000000E+00	5.00000000E+00	-2.00000000E-09	-4.36906848E+00	9.55358616E+00	-5.28617743E+00
-1.17000000E+01	-3.40000000E+00	5.00000000E+00	-2.00000000E-09	-3.82718792E+00	9.55358616E+00	-5.28617743E+00
-5.60000000E+00	-3.40000000E+00	5.00000000E+00	-2.00000000E-09	-3.45323158E+00	9.55358616E+00	-5.28617743E+00
5.00000000E-01	-3.40000000E+00	5.00000000E+00	-2.00000000E-09	-3.33450155E+00	9.55358616E+00	-5.28617743E+00
6.60000000E+00	-3.40000000E+00	5.00000000E+00	-2.00000000E-09	-3.49871599E+00	9.55358616E+00	-5.28617743E+00
1.27000000E+01	-3.40000000E+00	5.00000000E+00	-2.00000000E-09	-3.90753817E+00	9.55358616E+00	-5.28617743E+00
1.88000000E+01	-3.40000000E+00	5.00000000E+00	-2.00000000E-09	-4.46552638E+00	9.55358616E+00	-5.28617743E+00
2.49000000E+01	-3.40000000E+00	5.00000000E+00	-2.00000000E-09	-5.04241530E+00	9.55358616E+00	-5.28617743E+00
-3.00000000E+01	3.80000000E+00	5.00000000E+00	-2.00000000E-09	-3.55166329E+00	8.58743089E+00	-5.28617743E+00
-2.39000000E+01	3.80000000E+00	5.00000000E+00	-2.00000000E-09	-4.09504639E+00	8.58743089E+00	-5.28617743E+00
-1.78000000E+01	3.80000000E+00	5.00000000E+00	-2.00000000E-09	-4.74382073E+00	8.58743089E+00	-5.28617743E+00
-1.17000000E+01	3.80000000E+00	5.00000000E+00	-2.00000000E-09	-5.34652650E+00	8.58743089E+00	-5.28617743E+00
-5.60000000E+00	3.80000000E+00	5.00000000E+00	-2.00000000E-09	-5.76245883E+00	8.58743089E+00	-5.28617743E+00
5.00000000E-01	3.80000000E+00	5.00000000E+00	-2.00000000E-09	-5.89451611E+00	8.58743089E+00	-5.28617743E+00
6.60000000E+00	3.80000000E+00	5.00000000E+00	-2.00000000E-09	-5.71186886E+00	8.58743089E+00	-5.28617743E+00
1.27000000E+01	3.80000000E+00	5.00000000E+00	-2.00000000E-09	-5.25715707E+00	8.58743089E+00	-5.28617743E+00
1.88000000E+01	3.80000000E+00	5.00000000E+00	-2.00000000E-09	-4.63653560E+00	8.58743089E+00	-5.28617743E+00
2.49000000E+01	3.80000000E+00	5.00000000E+00	-2.00000000E-09	-3.99489185E+00	8.58743089E+00	-5.28617743E+00
-3.00000000E+01	1.10000000E+01	5.00000000E+00	-2.00000000E-09	-2.15623260E+00	8.45718593E+00	-5.28617743E+00
-2.39000000E+01	1.10000000E+01	5.00000000E+00	-2.00000000E-09	-3.46181442E+00	8.45718593E+00	-5.28617743E+00
-1.78000000E+01	1.10000000E+01	5.00000000E+00	-2.00000000E-09	-5.02061885E+00	8.45718593E+00	-5.28617743E+00
-1.17000000E+01	1.10000000E+01	5.00000000E+00	-2.00000000E-09	-6.46873470E+00	8.45718593E+00	-5.28617743E+00
-5.60000000E+00	1.10000000E+01	5.00000000E+00	-2.00000000E-09	-7.46809166E+00	8.45718593E+00	-5.28617743E+00
5.00000000E-01	1.10000000E+01	5.00000000E+00	-2.00000000E-09	-7.78538452E+00	8.45718593E+00	-5.28617743E+00
6.60000000E+00	1.10000000E+01	5.00000000E+00	-2.00000000E-09	-7.34653960E+00	8.45718593E+00	-5.28617743E+00
1.27000000E+01	1.10000000E+01	5.00000000E+00	-2.00000000E-09	-6.25400755E+00	8.45718593E+00	-5.28617743E+00
1.88000000E+01	1.10000000E+01	5.00000000E+00	-2.00000000E-09	-4.76284580E+00	8.45718593E+00	-5.28617743E+00
2.49000000E+01	1.10000000E+01	5.00000000E+00	-2.00000000E-09	-3.22117397E+00	8.45718593E+00	-5.28617743E+00
-3.00000000E+01	1.82000000E+01	5.00000000E+00	-2.00000000E-09	-1.94729688E+00	9.53854639E+00	-5.28617743E+00
-2.39000000E+01	1.82000000E+01	5.00000000E+00	-2.00000000E-09	-3.36700156E+00	9.53854639E+00	-5.28617743E+00
-1.78000000E+01	1.82000000E+01	5.00000000E+00	-2.00000000E-09	-5.06206341E+00	9.53854639E+00	-5.28617743E+00
-1.17000000E+01	1.82000000E+01	5.00000000E+00	-2.00000000E-09	-6.63676124E+00	9.53854639E+00	-5.28617743E+00
-5.60000000E+00	1.82000000E+01	5.00000000E+00	-2.00000000E-09	-7.72347348E+00	9.53854639E+00	-5.28617743E+00
5.00000000E-01	1.82000000E+01	5.00000000E+00	-2.00000000E-09	-8.06850139E+00	9.53854639E+00	-5.28617743E+00
6.60000000E+00	1.82000000E+01	5.00000000E+00	-2.00000000E-09	-7.59129637E+00	9.53854639E+00	-5.28617743E+00
1.27000000E+01	1.82000000E+01	5.00000000E+00	-2.00000000E-09	-6.40326447E+00	9.53854639E+00	-5.28617743E+00
1.88000000E+01	1.82000000E+01	5.00000000E+00	-2.00000000E-09	-4.78175804E+00	9.53854639E+00	-5.28617743E+00
2.49000000E+01	1.82000000E+01	5.00000000E+00	-2.00000000E-09	-3.10532636E+00	9.53854639E+00	-5.28617743E+00
-3.00000000E+01	-2.50000000E+01	1.30000000E+01	-2.00000000E-09	-1.34259933E+01	2.23169271E+01	-1.12924804E+01
-2.39000000E+01	-2.50000000E+01	1.30000000E+01	-2.00000000E-09	-1.25492564E+01	2.23169271E+01	-1.12924804E+01
-1.78000000E+01	-2.50000000E+01	1.30000000E+01	-2.00000000E-09	-1.15024731E+01	2.23169271E+01	-1.12924804E+01
-1.17000000E+01	-2.50000000E+01	1.30000000E+01	-2.00000000E-09	-1.05300204E+01	2.23169271E+01	-1.12924804E+01
-5.60000000E+00	-2.50000000E+01	1.30000000E+01	-2.00000000E-09	-9.85892256E+00	2.23169271E+01	-1.12924804E+01
5.00000000E-01	-2.50000000E+01	1.30000000E+01	-2.00000000E-09	-9.64585100E+00	2.23169271E+01	-1.12924804E+01
6.60000000E+00	-2.50000000E+01	1.30000000E+01	-2.00000000E-09	-9.94054837E+00	2.23169271E+01	-1.12924804E+01
1.27000000E+01	-2.50000000E+01	1.30000000E+01	-2.00000000E-09	-1.06742160E+01	2.23169271E+01	-1.12924804E+01
1.88000000E+01	-2.50000000E+01	1.30000000E+01	-2.00000000E-09	-1.16755753E+01	2.23169271E+01	-1.12924804E+01
2.49000000E+01	-2.50000000E+01	1.30000000E+01	-2.00000000E-09	-1.27108536E+01	2.23169271E+01	-1.12924804E+01
-3.00000000E+01	-1.78000000E+01	1.30000000E+01	-2.00000000E-09	-1.44444298E+01	2.32681076E+01	-1.12924804E+01
-2.39000000E+01	-1.78000000E+01	1.30000000E+01	-2.00000000E-09	-1.30114123E+01	2.32681076E+01	-1.12924804E+01
-1.78000000E+01	-1.78000000E+01	1.30000000E+01	-2.00000000E-09	-1.13004556E+01	2.32681076E+01	-1.12924804E+01
-1.17000000E+01	-1.78000000E+01	1.30000000E+01	-2.00000000E-09	-9.71099164E+00	2.32681076E+01	-1.12924804E+01
-5.60000000E+00	-1.78000000E+01	1.30000000E+01	-2.00000000E-09	-8.61408914E+00	2.32681076E+01	-1.12924804E+01
5.00000000E-01	-1.78000000E+01	1.30000000E+01	-2.00000000E-09	-8.26582585E+00	2.32681076E+01	-1.12924804E+01
6.60000000E+00	-1.78000000E+01	1.30000000E+01	-2.00000000E-09	-8.74750569E+00	2.32681076E+01	-1.12924804E+01
1.27000000E+01	-1.78000000E+01	1.30000000E+01	-2.00000000E-09	-9.94667794E+00	2.32681076E+01	-1.12924804E+01
1.88000000E+01	-1.78000000E+01	1.30000000E+01	-2.00000000E-09	-1.15833895E+01	2.32681076E+01	-1.12924804E+01
2.49000000E+01	-1.78000000E+01	1.30000000E+01	-2.00000000E-09	-1.32755413E+01	2.32681076E+01	-1.12924804E+01
-3.00000000E+01	-1.06000000E+01	1.30000000E+01	-2.00000000E-09	-1.41605596E+01	2.43084918E+01	-1.12924804E+01
-2.39000000E+01	-1.06000000E+01	1.30000000E+01	-2.00000000E-09	-1.28825950E+01	2.43084918E+01	-1.12924804E+01
-1.78000000E+01	-1.06000000E+01	1.30000000E+01	-2.00000000E-09	-1.13567642E+01	2.43084918E+01	-1.12924804E+01
-1.17000000E+01	-1.06000000E+01	1.30000000E+01	-2.00000000E-09	-9.93928065E+00	2.43084918E+01	-1.12924804E+01
-5.60000000E+00	-1.06000000E+01	1.30000000E+01	-2.00000000E-09	-8.96106328E+00	2.43084918E+01	-1.12924804E+01
5.00000000E-01	-1.06000000E+01	1.30000000E+01	-2.00000000E-09	-8.65048217E+00	2.43084918E+01	-1.12924804E+01
6.60000000E+00	-1.06000000E+01	1.30000000E+01	-2.00000000E-09	-9.08004413E+00	2.43084918E+01	-1.12924804E+01
1.27000000E+01	-1.06000000E+01	1.30000000E+01	-2.00000000E-09	-1.01494656E+01	2.43084918E+01	-1.12924804E+01
1.88000000E+01	-1.06000000E+01	1.30000000E+01	-2.00000000E-09	-1.16090846E+01	2.43084918E+01	-1.12924804E+01
2.49000000E+01	-1.06000000E+01	1.30000000E+01	-2.00000000E-09	-1.31181451E+01	2.43084918E+01	-1.12924804E+01
-3.00000000E+01	-3.40000000E+00	1.30000000E+01	-2.00000000E-09	-1.27152925E+01	2.41023450E+01	-1.12924804E+01
-2.39000000E+01	-3.40000000E+00	1.30000000E+01	-2.00000000E-09	-1.22267478E+01	2.41023450E+01	-1.12924804E+01
-1.78000000E+01	-3.40000000E+00	1.30000000E+01	-2.00000000E-09	-1.16434479E+01	2.41023450E+01	-1.12924804E+01
-1.17000000E+01	-3.40000000E+00	1.30000000E+01	-2.00000000E-09	-1.11015673E+01	2.41023450E+01	-1.12924804E+01
-5.60000000E+00	-3.40000000E+00	1.30000000E+01	-2.00000000E-09	-1.07276110E+01	2.41023450E+01	-1.12924804E+01
5.00000000E-01	-3.40000000E+00	1.30000000E+01	-2.00000000E-09	-1.06088810E+01	2.41023450E+01	-1.12924804E+01
6.60000000E+00	-3.40000000E+00	1.30000000E+01	-2.00000000E-09	-1.07730954E+01	2.41023450E+01	-1.12924804E+01
1.27000000E+01	-3.40000000E+00	1.30000000E+01	-2.00000000E-09	-1.11819176E+01	2.41023450E+01	-1.12924804E+01
1.88000000E+01	-3.40000000E+00	1.30000000E+01	-2.00000000E-09	-1.17399058E+01	2.41023450E+01	-1.12924804E+01
2.49000000E+01	-3.40000000E+00	1.30000000E+01	-2.00000000E-09	-1.23167947E+01	2.41023450E+01	-1.12924804E+01
-3.00000000E+01	3.80000000E+00	1.30000000E+01	-2.00000000E-09	-1.08260427E+01	2.31361897E+01	-1.12924804E+01
-2.39000000E+01	3.80000000E+00	1.30000000E+01	-2.00000000E-09	-1.13694258E+01	2.31361897E+01	-1.12924804E+01
-1.78000000E+01	3.80000000E+00	1.30000000E+01	-2.00000000E-09	-1.20182001E+01	2.31361897E+01	-1.12924804E+01
-1.17000000E+01	3.80000000E+00	1.30000000E+01	-2.00000000E-09	-1.26209059E+01	2.31361897E+01	-1.12924804E+01
-5.60000000E+00	3.80000000E+00	1.30000000E+01	-2.00000000E-09	-1.30368382E+01	2.31361897E+01	-1.12924804E+01
5.00000000E-01	3.80000000E+00	1.30000000E+01	-2.00000000E-09	-1.31688955E+01	2.31361897E+01	-1.12924804E+01
6.60000000E+00	3.80000000E+00	1.30000000E+01	-2.00000000E-09	-1.29862483E+01	2.31361897E+01	-1.12924804E+01
1.27000000E+01	3.80000000E+00	1.30000000E+01	-2.00000000E-09	-1.25315365E+01	2.31361897E+01	-1.12924804E+01
1.88000000E+01	3.80000000E+00	1.30000000E+01	-2.00000000E-09	-1.19109150E+01	2.31361897E+01	-1.12924804E+01
2.49000000E+01	3.80000000E+00	1.30000000E+01	-2.00000000E-09	-1.12692713E+01	2.31361897E+01	-1.12924804E+01
-3.00000000E+01	1.10000000E+01	1.30000000E+01	-2.00000000E-09	-9.43061202E+00	2.30059448E+01	-1.12924804E+01
-2.39000000E+01	1.10000000E+01	1.30000000E+01	-2.00000000E-09	-1.07361938E+01	2.30059448E+01	-1.12924804E+01
-1.78000000E+01	1.10000000E+01	1.30000000E+01	-2.00000000E-09	-1.22949983E+01	2.30059448E+01	-1.12924804E+01
-1.17000000E+01	1.10000000E+01	1.30000000E+01	-2.00000000E-09	-1.37431141E+01	2.30059448E+01	-1.12924804E+01
-5.60000000E+00	1.10000000E+01	1.30000000E+01	-2.00000000E-09	-1.47424711E+01	2.30059448E+01	-1.12924804E+01
5.00000000E-01	1.10000000E+01	1.30000000E+01	-2.00000000E-09	-1.50597639E+01	2.30059448E+01	-1.12924804E+01
6.60000000E+00	1.10000000E+01	1.30000000E+01	-2.00000000E-09	-1.46209190E+01	2.30059448E+01	-1.12924804E+01
1.27000000E+01	1.10000000E+01	1.30000000E+01	-2.00000000E-09	-1.35283870E+01	2.30059448E+01	-1.12924804E+01
1.88000000E+01	1.10000000E+01	1.30000000E+01	-2.00000000E-09	-1.20372252E+01	2.30059448E+01	-1.12924804E+01
2.49000000E+01	1.10000000E+01	1.30000000E+01	-2.00000000E-09	-1.04955534E+01	2.30059448E+01	-1.12924804E+01
-3.00000000E+01	1.82000000E+01	1.30000000E+01	-2.00000000E-09	-9.22167629E+00	2.40873052E+01	-1.12924804E+01
-2.39000000E+01	1.82000000E+01	1.30000000E+01	-2.00000000E-09	-1.06413810E+01	2.40873052E+01	-1.12924804E+01
-1.78000000E+01	1.82000000E+01	1.30000000E+01	-2.00000000E-09	-1.23364428E+01	2.40873052E+01	-1.12924804E+01
-1.17000000E+01	1.82000000E+01	1.30000000E+01	-2.00000000E-09	-1.39111407E+01	2.40873052E+01	-1.12924804E+01
-5.60000000E+00	1.82000000E+01	1.30000000E+01	-2.00000000E-09	-1.49978529E+01	2.40873052E+01	-1.12924804E+01
5.00000000E-01	1.82000000E+01	1.30000000E+01	-2.00000000E-09	-1.53428808E+01	2.40873052E+01	-1.12924804E+01
6.60000000E+00	1.82000000E+01	1.30000000E+01	-2.00000000E-09	-1.48656758E+01	2.40873052E+01	-1.12924804E+01
1.27000000E+01	1.82000000E+01	1.30000000E+01	-2.00000000E-09	-1.36776439E+01	2.40873052E+01	-1.12924804E+01
1.88000000E+01	1.82000000E+01	1.30000000E+01	-2.00000000E-09	-1.20561375E+01	2.40873052E+01	-1.12924804E+01
2.49000000E+01	1.82000000E+01	1.30000000E+01	-2.00000000E-09	-1.03797058E+01	2.40873052E+01	-1.12924804E+01
-3.00000000E+01	-2.50000000E+01	2.10000000E+01	-2.00000000E-09	-2.07003727E+01	3.68656859E+01	-1.14014899E+01
-2.39000000E+01	-2.50000000E+01	2.10000000E+01	-2.00000000E-09	-1.98236358E+01	3.68656859E+01	-1.14014899E+01
-1.78000000E+01	-2.50000000E+01	2.10000000E+01	-2.00000000E-09	-1.87768525E+01	3.68656859E+01	-1.14014899E+01
-1.17000000E+01	-2.50000000E+01	2.10000000E+01	-2.00000000E-09	-1.78043998E+01	3.68656859E+01	-1.14014899E+01
-5.60000000E+00	-2.50000000E+01	2.10000000E+01	-2.00000000E-09	-1.71333020E+01	3.68656859E+01	-1.14014899E+01
5.00000000E-01	-2.50000000E+01	2.10000000E+01	-2.00000000E-09	-1.69202304E+01	3.68656859E+01	-1.14014899E+01
6.60000000E+00	-2.50000000E+01	2.10000000E+01	-2.00000000E-09	-1.72149278E+01	3.68656859E+01	-1.14014899E+01
1.27000000E+01	-2.50000000E+01	2.10000000E+01	-2.00000000E-09	-1.79485954E+01	3.68656859E+01	-1.14014899E+01
1.88000000E+01	-2.50000000E+01	2.10000000E+01	-2.00000000E-09	-1.89499547E+01	3.68656859E+01	-1.14014899E+01
2.49000000E+01	-2.50000000E+01	2.10000000E+01	-2.00000000E-09	-1.99852330E+01	3.68656859E+01	-1.14014899E+01
-3.00000000E+01	-1.78000000E+01	2.10000000E+01	-2.00000000E-09	-2.17188092E+01	3.78168664E+01	-1.14014899E+01
-2.39000000E+01	-1.78000000E+01	2.10000000E+01	-2.00000000E-09	-2.02857917E+01	3.78168664E+01	-1.14014899E+01
-1.78000000E+01	-1.78000000E+01	2.10000000E+01	-2.00000000E-09	-1.85748351E+01	3.78168664E+01	-1.14014899E+01
-1.17000000E+01	-1.78000000E+01	2.10000000E+01	-2.00000000E-09	-1.69853711E+01	3.78168664E+01	-1.14014899E+01
-5.60000000E+00	-1.78000000E+01	2.10000000E+01	-2.00000000E-09	-1.58884686E+01	3.78168664E+01	-1.14014899E+01
5.00000000E-01	-1.78000000E+01	2.10000000E+01	-2.00000000E-09	-1.55402053E+01	3.78168664E+01	-1.14014899E+01
6.60000000E+00	-1.78000000E+01	2.10000000E+01	-2.00000000E-09	-1.60218851E+01	3.78168664E+01	-1.14014899E+01
1.27000000E+01	-1.78000000E+01	2.10000000E+01	-2.00000000E-09	-1.72210574E+01	3.78168664E+01	-1.14014899E+01
1.88000000E+01	-1.78000000E+01	2.10000000E+01	-2.00000000E-09	-1.88577689E+01	3.78168664E+01	-1.14014899E+01
2.49000000E+01	-1.78000000E+01	2.10000000E+01	-2.00000000E-09	-2.05499207E+01	3.78168664E+01	-1.14014899E+01
-3.00000000E+01	-1.06000000E+01	2.10000000E+01	-2.00000000E-09	-2.14349390E+01	3.88572506E+01	-1.14014899E+01
-2.39000000E+01	-1.06000000E+01	2.10000000E+01	-2.00000000E-09	-2.01569744E+01	3.88572506E+01	-1.14014899E+01
-1.78000000E+01	-1.06000000E+01	2.10000000E+01	-2.00000000E-09	-1.86311436E+01	3.88572506E+01	-1.14014899E+01
-1.17000000E+01	-1.06000000E+01	2.10000000E+01	-2.00000000E-09	-1.72136601E+01	3.88572506E+01	-1.14014899E+01
-5.60000000E+00	-1.06000000E+01	2.10000000E+01	-2.00000000E-09	-1.62354427E+01	3.88572506E+01	-1.14014899E+01
5.00000000E-01	-1.06000000E+01	2.10000000E+01	-2.00000000E-09	-1.59248616E+01	3.88572506E+01	-1.14014899E+01
6.60000000E+00	-1.06000000E+01	2.10000000E+01	-2.00000000E-09	-1.63544235E+01	3.88572506E+01	-1.14014899E+01
1.27000000E+01	-1.06000000E+01	2.10000000E+01	-2.00000000E-09	-1.74238450E+01	3.88572506E+01	-1.14014899E+01
1.88000000E+01	-1.06000000E+01	2.10000000E+01	-2.00000000E-09	-1.88834640E+01	3.88572506E+01	-1.14014899E+01
2.49000000E+01	-1.06000000E+01	2.10000000E+01	-2.00000000E-09	-2.03925245E+01	3.88572506E+01	-1.14014899E+01
-3.00000000E+01	-3.40000000E+00	2.10000000E+01	-2.00000000E-09	-1.99896720E+01	3.86511038E+01	-1.14014899E+01
-2.39000000E+01	-3.40000000E+00	2.10000000E+01	-2.00000000E-09	-1.95011272E+01	3.86511038E+01	-1.14014899E+01
-1.78000000E+01	-3.40000000E+00	2.10000000E+01	-2.00000000E-09	-1.89178273E+01	3.86511038E+01	-1.14014899E+01
-1.17000000E+01	-3.40000000E+00	2.10000000E+01	-2.00000000E-09	-1.83759468E+01	3.86511038E+01	-1.14014899E+01
-5.60000000E+00	-3.40000000E+00	2.10000000E+01	-2.00000000E-09	-1.80019904E+01	3.86511038E+01	-1.14014899E+01
5.00000000E-01	-3.40000000E+00	2.10000000E+01	-2.00000000E-09	-1.78832604E+01	3.86511038E+01	-1.14014899E+01
6.60000000E+00	-3.40000000E+00	2.10000000E+01	-2.00000000E-09	-1.80474748E+01	3.86511038E+01	-1.14014899E+01
1.27000000E+01	-3.40000000E+00	2.10000000E+01	-2.00000000E-09	-1.84562970E+01	3.86511038E+01	-1.14014899E+01
1.88000000E+01	-3.40000000E+00	2.10000000E+01	-2.00000000E-09	-1.90142852E+01	3.86511038E+01	-1.14014899E+01
2.49000000E+01	-3.40000000E+00	2.10000000E+01	-2.00000000E-09	-1.95911741E+01	3.86511038E+01	-1.14014899E+01
-3.00000000E+01	3.80000000E+00	2.10000000E+01	-2.00000000E-09	-1.81004221E+01	3.76849485E+01	-1.14014899E+01
-2.39000000E+01	3.80000000E+00	2.10000000E+01	-2.00000000E-09	-1.86438052E+01	3.76849485E+01	-1.14014899E+01
-1.78000000E+01	3.80000000E+00	2.10000000E+01	-2.00000000E-09	-1.92925796E+01	3.76849485E+01	-1.14014899E+01
-1.17000000E+01	3.80000000E+00	2.10000000E+01	-2.00000000E-09	-1.98952853E+01	3.76849485E+01	-1.14014899E+01
-5.60000000E+00	3.80000000E+00	2.10000000E+01	-2.00000000E-09	-2.03112177E+01	3.76849485E+01	-1.14014899E+01
5.00000000E-01	3.80000000E+00	2.10000000E+01	-2.00000000E-09	-2.04432749E+01	3.76849485E+01	-1.14014899E+01
6.60000000E+00	3.80000000E+00	2.10000000E+01	-2.00000000E-09	-2.02606277E+01	3.76849485E+01	-1.14014899E+01
1.27000000E+01	3.80000000E+00	2.10000000E+01	-2.00000000E-09	-1.98059159E+01	3.76849485E+01	-1.14014899E+01
1.88000000E+01	3.80000000E+00	2.10000000E+01	-2.00000000E-09	-1.91852944E+01	3.76849485E+01	-1.14014899E+01
2.49000000E+01	3.80000000E+00	2.10000000E+01	-2.00000000E-09	-1.85436507E+01	3.76849485E+01	-1.14014899E+01
-3.00000000E+01	1.10000000E+01	2.10000000E+01	-2.00000000E-09	-1.67049914E+01	3.75547036E+01	-1.14014899E+01
-2.39000000E+01	1.10000000E+01	2.10000000E+01	-2.00000000E-09	-1.80105733E+01	3.75547036E+01	-1.14014899E+01
-1.78000000E+01	1.10000000E+01	2.10000000E+01	-2.00000000E-09	-1.95693777E+01	3.75547036E+01	-1.14014899E+01
-1.17000000E+01	1.10000000E+01	2.10000000E+01	-2.00000000E-09	-2.10174935E+01	3.75547036E+01	-1.14014899E+01
-5.60000000E+00	1.10000000E+01	2.10000000E+01	-2.00000000E-09	-2.20168505E+01	3.75547036E+01	-1.14014899E+01
5.00000000E-01	1.10000000E+01	2.10000000E+01	-2.00000000E-09	-2.23341434E+01	3.75547036E+01	-1.14014899E+01
6.60000000E+00	1.10000000E+01	2.10000000E+01	-2.00000000E-09	-2.18952984E+01	3.75547036E+01	-1.14014899E+01
1.27000000E+01	1.10000000E+01	2.10000000E+01	-2.00000000E-09	-2.08027664E+01	3.75547036E+01	-1.14014899E+01
1.88000000E+01	1.10000000E+01	2.10000000E+01	-2.00000000E-09	-1.93116046E+01	3.75547036E+01	-1.14014899E+01
2.49000000E+01	1.10000000E+01	2.10000000E+01	-2.00000000E-09	-1.77699328E+01	3.75547036E+01	-1.14014899E+01
-3.00000000E+01	1.82000000E+01	2.10000000E+01	-2.00000000E-09	-1.64960557E+01	3.86360641E+01	-1.14014899E+01
-2.39000000E+01	1.82000000E+01	2.10000000E+01	-2.00000000E-09	-1.79157604E+01	3.86360641E+01	-1.14014899E+01
-1.78000000E+01	1.82000000E+01	2.10000000E+01	-2.00000000E-09	-1.96108222E+01	3.86360641E+01	-1.14014899E+01
-1.17000000E+01	1.82000000E+01	2.10000000E+01	-2.00000000E-09	-2.11855201E+01	3.86360641E+01	-1.14014899E+01
-5.60000000E+00	1.82000000E+01	2.10000000E+01	-2.00000000E-09	-2.22722323E+01	3.86360641E+01	-1.14014899E+01
5.00000000E-01	1.82000000E+01	2.10000000E+01	-2.00000000E-09	-2.26172602E+01	3.86360641E+01	-1.14014899E+01
6.60000000E+00	1.82000000E+01	2.10000000E+01	-2.00000000E-09	-2.21400552E+01	3.86360641E+01	-1.14014899E+01
1.27000000E+01	1.82000000E+01	2.10000000E+01	-2.00000000E-09	-2.09520233E+01	3.86360641E+01	-1.14014899E+01
1.88000000E+01	1.82000000E+01	2.10000000E+01	-2.00000000E-09	-1.93305169E+01	3.86360641E+01	-1.14014899E+01
2.49000000E+01	1.82000000E+01	2.10000000E+01	-2.00000000E-09	-1.76540852E+01	3.86360641E+01	-1.14014899E+01
-3.00000000E+01	-2.50000000E+01	2.90000000E+01	-2.00000000E-09	-2.79747521E+01	5.14144447E+01	-3.81313546E+00
-2.39000000E+01	-2.50000000E+01	2.90000000E+01	-2.00000000E-09	-2.70980152E+01	5.14144447E+01	-3.81313546E+00
-1.78000000E+01	-2.50000000E+01	2.90000000E+01	-2.00000000E-09	-2.60512319E+01	5.14144447E+01	-3.81313546E+00
-1.17000000E+01	-2.50000000E+01	2.90000000E+01	-2.00000000E-09	-2.50787792E+01	5.14144447E+01	-3.81313546E+00
-5.60000000E+00	-2.50000000E+01	2.90000000E+01	-2.00000000E-09	-2.44076814E+01	5.14144447E+01	-3.81313546E+00
5.00000000E-01	-2.50000000E+01	2.90000000E+01	-2.00000000E-09	-2.41946098E+01	5.14144447E+01	-3.81313546E+00
6.60000000E+00	-2.50000000E+01	2.90000000E+01	-2.00000000E-09	-2.44893072E+01	5.14144447E+01	-3.81313546E+00
1.27000000E+01	-2.50000000E+01	2.90000000E+01	-2.00000000E-09	-2.52229748E+01	5.14144447E+01	-3.81313546E+00
1.88000000E+01	-2.50000000E+01	2.90000000E+01	-2.00000000E-09	-2.62243341E+01	5.14144447E+01	-3.81313546E+00
2.49000000E+01	-2.50000000E+01	2.90000000E+01	-2.00000000E-09	-2.72596124E+01	5.14144447E+01	-3.81313546E+00
-3.00000000E+01	-1.78000000E+01	2.90000000E+01	-2.00000000E-09	-2.89931886E+01	5.23656253E+01	-3.81313546E+00
-2.39000000E+01	-1.78000000E+01	2.90000000E+01	-2.00000000E-09	-2.75601712E+01	5.23656253E+01	-3.81313546E+00
-1.78000000E+01	-1.78000000E+01	2.90000000E+01	-2.00000000E-09	-2.58492145E+01	5.23656253E+01	-3.81313546E+00
-1.17000000E+01	-1.78000000E+01	2.90000000E+01	-2.00000000E-09	-2.42597505E+01	5.23656253E+01	-3.81313546E+00
-5.60000000E+00	-1.78000000E+01	2.90000000E+01	-2.00000000E-09	-2.31628480E+01	5.23656253E+01	-3.81313546E+00
5.00000000E-01	-1.78000000E+01	2.90000000E+01	-2.00000000E-09	-2.28145847E+01	5.23656253E+01	-3.81313546E+00
6.60000000E+00	-1.78000000E+01	2.90000000E+01	-2.00000000E-09	-2.32962645E+01	5.23656253E+01	-3.81313546E+00
1.27000000E+01	-1.78000000E+01	2.90000000E+01	-2.00000000E-09	-2.44954368E+01	5.23656253E+01	-3.81313546E+00
1.88000000E+01	-1.78000000E+01	2.90000000E+01	-2.00000000E-09	-2.61321483E+01	5.23656253E+01	-3.81313546E+00
2.49000000E+01	-1.78000000E+01	2.90000000E+01	-2.00000000E-09	-2.78243001E+01	5.23656253E+01	-3.81313546E+00
-3.00000000E+01	-1.06000000E+01	2.90000000E+01	-2.00000000E-09	-2.87093184E+01	5.34060094E+01	-3.81313546E+00
-2.39000000E+01	-1.06000000E+01	2.90000000E+01	-2.00000000E-09	-2.74313538E+01	5.34060094E+01	-3.81313546E+00
-1.78000000E+01	-1.06000000E+01	2.90000000E+01	-2.00000000E-09	-2.59055231E+01	5.34060094E+01	-3.81313546E+00
-1.17000000E+01	-1.06000000E+01	2.90000000E+01	-2.00000000E-09	-2.44880395E+01	5.34060094E+01	-3.81313546E+00
-5.60000000E+00	-1.06000000E+01	2.90000000E+01	-2.00000000E-09	-2.35098221E+01	5.34060094E+01	-3.81313546E+00
5.00000000E-01	-1.06000000E+01	2.90000000E+01	-2.00000000E-09	-2.31992410E+01	5.34060094E+01	-3.81313546E+00
6.60000000E+00	-1.06000000E+01	2.90000000E+01	-2.00000000E-09	-2.36288030E+01	5.34060094E+01	-3.81313546E+00
1.27000000E+01	-1.06000000E+01	2.90000000E+01	-2.00000000E-09	-2.46982245E+01	5.34060094E+01	-3.81313546E+00
1.88000000E+01	-1.06000000E+01	2.90000000E+01	-2.00000000E-09	-2.61578434E+01	5.34060094E+01	-3.81313546E+00
2.49000000E+01	-1.06000000E+01	2.90000000E+01	-2.00000000E-09	-2.76669039E+01	5.34060094E+01	-3.81313546E+00
-3.00000000E+01	-3.40000000E+00	2.90000000E+01	-2.00000000E-09	-2.72640514E+01	5.31998626E+01	-3.81313546E+00
-2.39000000E+01	-3.40000000E+00	2.90000000E+01	-2.00000000E-09	-2.67755066E+01	5.31998626E+01	-3.81313546E+00
-1.78000000E+01	-3.40000000E+00	2.90000000E+01	-2.00000000E-09	-2.61922067E+01	5.31998626E+01	-3.81313546E+00
-1.17000000E+01	-3.40000000E+00	2.90000000E+01	-2.00000000E-09	-2.56503262E+01	5.31998626E+01	-3.81313546E+00
-5.60000000E+00	-3.40000000E+00	2.90000000E+01	-2.00000000E-09	-2.52763698E+01	5.31998626E+01	-3.81313546E+00
5.00000000E-01	-3.40000000E+00	2.90000000E+01	-2.00000000E-09	-2.51576398E+01	5.31998626E+01	-3.81313546E+00
6.60000000E+00	-3.40000000E+00	2.90000000E+01	-2.00000000E-09	-2.53218542E+01	5.31998626E+01	-3.81313546E+00
1.27000000E+01	-3.40000000E+00	2.90000000E+01	-2.00000000E-09	-2.57306764E+01	5.31998626E+01	-3.81313546E+00
1.88000000E+01	-3.40000000E+00	2.90000000E+01	-2.00000000E-09	-2.62886646E+01	5.31998626E+01	-3.81313546E+00
2.49000000E+01	-3.40000000E+00	2.90000000E+01	-2.00000000E-09	-2.68655535E+01	5.31998626E+01	-3.81313546E+00
-3.00000000E+01	3.80000000E+00	2.90000000E+01	-2.00000000E-09	-2.53748015E+01	5.22337074E+01	-3.81313546E+00
-2.39000000E+01	3.80000000E+00	2.90000000E+01	-2.00000000E-09	-2.59181846E+01	5.22337074E+01	-3.81313546E+00
-1.78000000E+01	3.80000000E+00	2.90000000E+01	-2.00000000E-09	-2.65669590E+01	5.22337074E+01	-3.81313546E+00
-1.17000000E+01	3.80000000E+00	2.90000000E+01	-2.00000000E-09	-2.71696647E+01	5.22337074E+01	-3.81313546E+00
-5.60000000E+00	3.80000000E+00	2.90000000E+01	-2.00000000E-09	-2.75855971E+01	5.22337074E+01	-3.81313546E+00
5.00000000E-01	3.80000000E+00	2.90000000E+01	-2.00000000E-09	-2.77176543E+01	5.22337074E+01	-3.81313546E+00
6.60000000E+00	3.80000000E+00	2.90000000E+01	-2.00000000E-09	-2.75350071E+01	5.22337074E+01	-3.81313546E+00
1.27000000E+01	3.80000000E+00	2.90000000E+01	-2.00000000E-09	-2.70802953E+01	5.22337074E+01	-3.81313546E+00
1.88000000E+01	3.80000000E+00	2.90000000E+01	-2.00000000E-09	-2.64596738E+01	5.22337074E+01	-3.81313546E+00
2.49000000E+01	3.80000000E+00	2.90000000E+01	-2.00000000E-09	-2.58180301E+01	5.22337074E+01	-3.81313546E+00
-3.00000000E+01	1.10000000E+01	2.90000000E+01	-2.00000000E-09	-2.39793708E+01	5.21034624E+01	-3.81313546E+00
-2.39000000E+01	1.10000000E+01	2.90000000E+01	-2.00000000E-09	-2.52849527E+01	5.21034624E+01	-3.81313546E+00
-1.78000000E+01	1.10000000E+01	2.90000000E+01	-2.00000000E-09	-2.68437571E+01	5.21034624E+01	-3.81313546E+00
-1.17000000E+01	1.10000000E+01	2.90000000E+01	-2.00000000E-09	-2.82918729E+01	5.21034624E+01	-3.81313546E+00
-5.60000000E+00	1.10000000E+01	2.90000000E+01	-2.00000000E-09	-2.92912299E+01	5.21034624E+01	-3.81313546E+00
5.00000000E-01	1.10000000E+01	2.90000000E+01	-2.00000000E-09	-2.96085228E+01	5.21034624E+01	-3.81313546E+00
6.60000000E+00	1.10000000E+01	2.90000000E+01	-2.00000000E-09	-2.91696778E+01	5.21034624E+01	-3.81313546E+00
1.27000000E+01	1.10000000E+01	2.90000000E+01	-2.00000000E-09	-2.80771458E+01	5.21034624E+01	-3.81313546E+00
1.88000000E+01	1.10000000E+01	2.90000000E+01	-2.00000000E-09	-2.65859840E+01	5.21034624E+01	-3.81313546E+00
2.49000000E+01	1.10000000E+01	2.90000000E+01	-2.00000000E-09	-2.50443122E+01	5.21034624E+01	-3.81313546E+00
-3.00000000E+01	1.82000000E+01	2.90000000E+01	-2.00000000E-09	-2.37704351E+01	5.31848229E+01	-3.81313546E+00
-2.39000000E+01	1.82000000E+01	2.90000000E+01	-2.00000000E-09	-2.51901398E+01	5.31848229E+01	-3.81313546E+00
-1.78000000E+01	1.82000000E+01	2.90000000E+01	-2.00000000E-09	-2.68852017E+01	5.31848229E+01	-3.81313546E+00
-1.17000000E+01	1.82000000E+01	2.90000000E+01	-2.00000000E-09	-2.84598995E+01	5.31848229E+01	-3.81313546E+00
-5.60000000E+00	1.82000000E+01	2.90000000E+01	-2.00000000E-09	-2.95466117E+01	5.31848229E+01	-3.81313546E+00
5.00000000E-01	1.82000000E+01	2.90000000E+01	-2.00000000E-09	-2.98916396E+01	5.31848229E+01	-3.81313546E+00
6.60000000E+00	1.82000000E+01	2.90000000E+01	-2.00000000E-09	-2.94144346E+01	5.31848229E+01	-3.81313546E+00
1.27000000E+01	1.82000000E+01	2.90000000E+01	-2.00000000E-09	-2.82264027E+01	5.31848229E+01	-3.81313546E+00
1.88000000E+01	1.82000000E+01	2.90000000E+01	-2.00000000E-09	-2.66048963E+01	5.31848229E+01	-3.81313546E+00
2.49000000E+01	1.82000000E+01	2.90000000E+01	-2.00000000E-09	-2.49284646E+01	5.31848229E+01	-3.81313546E+00
-3.00000000E+01	-2.50000000E+01	-3.50000000E+01	-1.50000000E-09	3.31515081E+01	-7.12779550E+01	-7.46758097E+00
-2.39000000E+01	-2.50000000E+01	-3.50000000E+01	-1.50000000E-09	3.41132843E+01	-7.12779550E+01	-7.46758097E+00
-1.78000000E+01	-2.50000000E+01	-3.50000000E+01	-1.50000000E-09	3.52616007E+01	-7.12779550E+01	-7.46758097E+00
-1.17000000E+01	-2.50000000E+01	-3.50000000E+01	-1.50000000E-09	3.63283767E+01	-7.12779550E+01	-7.46758097E+00
-5.60000000E+00	-2.50000000E+01	-3.50000000E+01	-1.50000000E-09	3.70645678E+01	-7.12779550E+01	-7.46758097E+00
5.00000000E-01	-2.50000000E+01	-3.50000000E+01	-1.50000000E-09	3.72983063E+01	-7.12779550E+01	-7.46758097E+00
6.60000000E+00	-2.50000000E+01	-3.50000000E+01	-1.50000000E-09	3.69750247E+01	-7.12779550E+01	-7.46758097E+00
1.27000000E+01	-2.50000000E+01	-3.50000000E+01	-1.50000000E-09	3.61701948E+01	-7.12779550E+01	-7.46758097E+00
1.88000000E+01	-2.50000000E+01	-3.50000000E+01	-1.50000000E-09	3.50717084E+01	-7.12779550E+01	-7.46758097E+00
2.49000000E+01	-2.50000000E+01	-3.50000000E+01	-1.50000000E-09	3.39360129E+01	-7.12779550E+01	-7.46758097E+00
-3.00000000E+01	-1.78000000E+01	-3.50000000E+01	-1.50000000E-09	3.20342880E+01	-7.02345144E+01	-7.46758097E+00
-2.39000000E+01	-1.78000000E+01	-3.50000000E+01	-1.50000000E-09	3.36063014E+01	-7.02345144E+01	-7.46758097E+00
-1.78000000E+01	-1.78000000E+01	-3.50000000E+01	-1.50000000E-09	3.54832128E+01	-7.02345144E+01	-7.46758097E+00
-1.17000000E+01	-1.78000000E+01	-3.50000000E+01	-1.50000000E-09	3.72268474E+01	-7.02345144E+01	-7.46758097E+00
-5.60000000E+00	-1.78000000E+01	-3.50000000E+01	-1.50000000E-09	3.84301442E+01	-7.02345144E+01	-7.46758097E+00
5.00000000E-01	-1.78000000E+01	-3.50000000E+01	-1.50000000E-09	3.88121874E+01	-7.02345144E+01	-7.46758097E+00
6.60000000E+00	-1.78000000E+01	-3.50000000E+01	-1.50000000E-09	3.82837869E+01	-7.02345144E+01	-7.46758097E+00
1.27000000E+01	-1.78000000E+01	-3.50000000E+01	-1.50000000E-09	3.69683006E+01	-7.02345144E+01	-7.46758097E+00
1.88000000E+01	-1.78000000E+01	-3.50000000E+01	-1.50000000E-09	3.51728358E+01	-7.02345144E+01	-7.46758097E+00
2.49000000E+01	-1.78000000E+01	-3.50000000E+01	-1.50000000E-09	3.33165532E+01	-7.02345144E+01	-7.46758097E+00
-3.00000000E+01	-1.06000000E+01	-3.50000000E+01	-1.50000000E-09	3.23456923E+01	-6.90932179E+01	-7.46758097E+00
-2.39000000E+01	-1.06000000E+01	-3.50000000E+01	-1.50000000E-09	3.37476135E+01	-6.90932179E+01	-7.46758097E+00
-1.78000000E+01	-1.06000000E+01	-3.50000000E+01	-1.50000000E-09	3.54214426E+01	-6.90932179E+01	-7.46758097E+00
-1.17000000E+01	-1.06000000E+01	-3.50000000E+01	-1.50000000E-09	3.69764154E+01	-6.90932179E+01	-7.46758097E+00
-5.60000000E+00	-1.06000000E+01	-3.50000000E+01	-1.50000000E-09	3.80495152E+01	-6.90932179E+01	-7.46758097E+00
5.00000000E-01	-1.06000000E+01	-3.50000000E+01	-1.50000000E-09	3.83902212E+01	-6.90932179E+01	-7.46758097E+00
6.60000000E+00	-1.06000000E+01	-3.50000000E+01	-1.50000000E-09	3.79189938E+01	-6.90932179E+01	-7.46758097E+00
1.27000000E+01	-1.06000000E+01	-3.50000000E+01	-1.50000000E-09	3.67458435E+01	-6.90932179E+01	-7.46758097E+00
1.88000000E+01	-1.06000000E+01	-3.50000000E+01	-1.50000000E-09	3.51446484E+01	-6.90932179E+01	-7.46758097E+00
2.49000000E+01	-1.06000000E+01	-3.50000000E+01	-1.50000000E-09	3.34892161E+01	-6.90932179E+01	-7.46758097E+00
-3.00000000E+01	-3.40000000E+00	-3.50000000E+01	-1.50000000E-09	3.39311434E+01	-6.93193600E+01	-7.46758097E+00
-2.39000000E+01	-3.40000000E+00	-3.50000000E+01	-1.50000000E-09	3.44670747E+01	-6.93193600E+01	-7.46758097E+00
-1.78000000E+01	-3.40000000E+00	-3.50000000E+01	-1.50000000E-09	3.51069520E+01	-6.93193600E+01	-7.46758097E+00
-1.17000000E+01	-3.40000000E+00	-3.50000000E+01	-1.50000000E-09	3.57013924E+01	-6.93193600E+01	-7.46758097E+00
-5.60000000E+00	-3.40000000E+00	-3.50000000E+01	-1.50000000E-09	3.61116207E+01	-6.93193600E+01	-7.46758097E+00
5.00000000E-01	-3.40000000E+00	-3.50000000E+01	-1.50000000E-09	3.62418670E+01	-6.93193600E+01	-7.46758097E+00
6.60000000E+00	-3.40000000E+00	-3.50000000E+01	-1.50000000E-09	3.60617245E+01	-6.93193600E+01	-7.46758097E+00
1.27000000E+01	-3.40000000E+00	-3.50000000E+01	-1.50000000E-09	3.56132485E+01	-6.93193600E+01	-7.46758097E+00
1.88000000E+01	-3.40000000E+00	-3.50000000E+01	-1.50000000E-09	3.50011381E+01	-6.93193600E+01	-7.46758097E+00
2.49000000E+01	-3.40000000E+00	-3.50000000E+01	-1.50000000E-09	3.43682937E+01	-6.93193600E+01	-7.46758097E+00
-3.00000000E+01	3.80000000E+00	-3.50000000E+01	-1.50000000E-09	3.60036416E+01	-7.03792278E+01	-7.46758097E+00
-2.39000000E+01	3.80000000E+00	-3.50000000E+01	-1.50000000E-09	3.54075529E+01	-7.03792278E+01	-7.46758097E+00
-1.78000000E+01	3.80000000E+00	-3.50000000E+01	-1.50000000E-09	3.46958505E+01	-7.03792278E+01	-7.46758097E+00
-1.17000000E+01	3.80000000E+00	-3.50000000E+01	-1.50000000E-09	3.40346851E+01	-7.03792278E+01	-7.46758097E+00
-5.60000000E+00	3.80000000E+00	-3.50000000E+01	-1.50000000E-09	3.35784093E+01	-7.03792278E+01	-7.46758097E+00
5.00000000E-01	3.80000000E+00	-3.50000000E+01	-1.50000000E-09	3.34335431E+01	-7.03792278E+01	-7.46758097E+00
6.60000000E+00	3.80000000E+00	-3.50000000E+01	-1.50000000E-09	3.36339063E+01	-7.03792278E+01	-7.46758097E+00
1.27000000E+01	3.80000000E+00	-3.50000000E+01	-1.50000000E-09	3.41327230E+01	-7.03792278E+01	-7.46758097E+00
1.88000000E+01	3.80000000E+00	-3.50000000E+01	-1.50000000E-09	3.48135418E+01	-7.03792278E+01	-7.46758097E+00
2.49000000E+01	3.80000000E+00	-3.50000000E+01	-1.50000000E-09	3.55174220E+01	-7.03792278E+01	-7.46758097E+00
-3.00000000E+01	1.10000000E+01	-3.50000000E+01	-1.50000000E-09	3.75344225E+01	-7.05221059E+01	-7.46758097E+00
-2.39000000E+01	1.10000000E+01	-3.50000000E+01	-1.50000000E-09	3.61022054E+01	-7.05221059E+01	-7.46758097E+00
-1.78000000E+01	1.10000000E+01	-3.50000000E+01	-1.50000000E-09	3.43922043E+01	-7.05221059E+01	-7.46758097E+00
-1.17000000E+01	1.10000000E+01	-3.50000000E+01	-1.50000000E-09	3.28036280E+01	-7.05221059E+01	-7.46758097E+00
-5.60000000E+00	1.10000000E+01	-3.50000000E+01	-1.50000000E-09	3.17073382E+01	-7.05221059E+01	-7.46758097E+00
5.00000000E-01	1.10000000E+01	-3.50000000E+01	-1.50000000E-09	3.13592694E+01	-7.05221059E+01	-7.46758097E+00
6.60000000E+00	1.10000000E+01	-3.50000000E+01	-1.50000000E-09	3.18406802E+01	-7.05221059E+01	-7.46758097E+00
1.27000000E+01	1.10000000E+01	-3.50000000E+01	-1.50000000E-09	3.30391827E+01	-7.05221059E+01	-7.46758097E+00
1.88000000E+01	1.10000000E+01	-3.50000000E+01	-1.50000000E-09	3.46749801E+01	-7.05221059E+01	-7.46758097E+00
2.49000000E+01	1.10000000E+01	-3.50000000E+01	-1.50000000E-09	3.63661868E+01	-7.05221059E+01	-7.46758097E+00
-3.00000000E+01	1.82000000E+01	-3.50000000E+01	-1.50000000E-09	3.77636240E+01	-6.93358585E+01	-7.46758097E+00
-2.39000000E+01	1.82000000E+01	-3.50000000E+01	-1.50000000E-09	3.62062146E+01	-6.93358585E+01	-7.46758097E+00
-1.78000000E+01	1.82000000E+01	-3.50000000E+01	-1.50000000E-09	3.43467398E+01	-6.93358585E+01	-7.46758097E+00
-1.17000000E+01	1.82000000E+01	-3.50000000E+01	-1.50000000E-09	3.26193037E+01	-6.93358585E+01	-7.46758097E+00
-5.60000000E+00	1.82000000E+01	-3.50000000E+01	-1.50000000E-09	3.14271855E+01	-6.93358585E+01	-7.46758097E+00
5.00000000E-01	1.82000000E+01	-3.50000000E+01	-1.50000000E-09	3.10486915E+01	-6.93358585E+01	-7.46758097E+00
6.60000000E+00	1.82000000E+01	-3.50000000E+01	-1.50000000E-09	3.15721832E+01	-6.93358585E+01	-7.46758097E+00
1.27000000E+01	1.82000000E+01	-3.50000000E+01	-1.50000000E-09	3.28754486E+01	-6.93358585E+01	-7.46758097E+00
1.88000000E+01	1.82000000E+01	-3.50000000E+01	-1.50000000E-09	3.46542335E+01	-6.93358585E+01	-7.46758097E+00
2.49000000E+01	1.82000000E+01	-3.50000000E+01	-1.50000000E-09	3.64932711E+01	-6.93358585E+01	-7.46758097E+00
-3.00000000E+01	-2.50000000E+01	-2.70000000E+01	-1.50000000E-09	2.51715482E+01	-5.53180352E+01	7.07804155E+00
-2.39000000E+01	-2.50000000E+01	-2.70000000E+01	-1.50000000E-09	2.61333244E+01	-5.53180352E+01	7.07804155E+00
-1.78000000E+01	-2.50000000E+01	-2.70000000E+01	-1.50000000E-09	2.72816408E+01	-5.53180352E+01	7.07804155E+00
-1.17000000E+01	-2.50000000E+01	-2.70000000E+01	-1.50000000E-09	2.83484168E+01	-5.53180352E+01	7.07804155E+00
-5.60000000E+00	-2.50000000E+01	-2.70000000E+01	-1.50000000E-09	2.90846079E+01	-5.53180352E+01	7.07804155E+00
5.00000000E-01	-2.50000000E+01	-2.70000000E+01	-1.50000000E-09	2.93183464E+01	-5.53180352E+01	7.07804155E+00
6.60000000E+00	-2.50000000E+01	-2.70000000E+01	-1.50000000E-09	2.89950648E+01	-5.53180352E+01	7.07804155E+00
1.27000000E+01	-2.50000000E+01	-2.70000000E+01	-1.50000000E-09	2.81902349E+01	-5.53180352E+01	7.07804155E+00
1.88000000E+01	-2.50000000E+01	-2.70000000E+01	-1.50000000E-09	2.70917485E+01	-5.53180352E+01	7.07804155E+00
2.49000000E+01	-2.50000000E+01	-2.70000000E+01	-1.50000000E-09	2.59560530E+01	-5.53180352E+01	7.07804155E+00
-3.00000000E+01	-1.78000000E+01	-2.70000000E+01	-1.50000000E-09	2.40543281E+01	-5.42745947E+01	7.07804155E+00
-2.39000000E+01	-1.78000000E+01	-2.70000000E+01	-1.50000000E-09	2.56263415E+01	-5.42745947E+01	7.07804155E+00
-1.78000000E+01	-1.78000000E+01	-2.70000000E+01	-1.50000000E-09	2.75032529E+01	-5.42745947E+01	7.07804155E+00
-1.17000000E+01	-1.78000000E+01	-2.70000000E+01	-1.50000000E-09	2.92468875E+01	-5.42745947E+01	7.07804155E+00
-5.60000000E+00	-1.78000000E+01	-2.70000000E+01	-1.50000000E-09	3.04501843E+01	-5.42745947E+01	7.07804155E+00
5.00000000E-01	-1.78000000E+01	-2.70000000E+01	-1.50000000E-09	3.08322275E+01	-5.42745947E+01	7.07804155E+00
6.60000000E+00	-1.78000000E+01	-2.70000000E+01	-1.50000000E-09	3.03038270E+01	-5.42745947E+01	7.07804155E+00
1.27000000E+01	-1.78000000E+01	-2.70000000E+01	-1.50000000E-09	2.89883407E+01	-5.42745947E+01	7.07804155E+00
1.88000000E+01	-1.78000000E+01	-2.70000000E+01	-1.50000000E-09	2.71928759E+01	-5.42745947E+01	7.07804155E+00
2.49000000E+01	-1.78000000E+01	-2.70000000E+01	-1.50000000E-09	2.53365933E+01	-5.42745947E+01	7.07804155E+00
-3.00000000E+01	-1.06000000E+01	-2.70000000E+01	-1.50000000E-09	2.43657324E+01	-5.31332981E+01	7.07804155E+00
-2.39000000E+01	-1.06000000E+01	-2.70000000E+01	-1.50000000E-09	2.57676536E+01	-5.31332981E+01	7.07804155E+00
-1.78000000E+01	-1.06000000E+01	-2.70000000E+01	-1.50000000E-09	2.74414827E+01	-5.31332981E+01	7.07804155E+00
-1.17000000E+01	-1.06000000E+01	-2.70000000E+01	-1.50000000E-09	2.89964555E+01	-5.31332981E+01	7.07804155E+00
-5.60000000E+00	-1.06000000E+01	-2.70000000E+01	-1.50000000E-09	3.00695553E+01	-5.31332981E+01	7.07804155E+00
5.00000000E-01	-1.06000000E+01	-2.70000000E+01	-1.50000000E-09	3.04102613E+01	-5.31332981E+01	7.07804155E+00
6.60000000E+00	-1.06000000E+01	-2.70000000E+01	-1.50000000E-09	2.99390339E+01	-5.31332981E+01	7.07804155E+00
1.27000000E+01	-1.06000000E+01	-2.70000000E+01	-1.50000000E-09	2.87658836E+01	-5.31332981E+01	7.07804155E+00
1.88000000E+01	-1.06000000E+01	-2.70000000E+01	-1.50000000E-09	2.71646885E+01	-5.31332981E+01	7.07804155E+00
2.49000000E+01	-1.06000000E+01	-2.70000000E+01	-1.50000000E-09	2.55092562E+01	-5.31332981E+01	7.07804155E+00
-3.00000000E+01	-3.40000000E+00	-2.70000000E+01	-1.50000000E-09	2.59511835E+01	-5.33594402E+01	7.07804155E+00
-2.39000000E+01	-3.40000000E+00	-2.70000000E+01	-1.50000000E-09	2.64871148E+01	-5.33594402E+01	7.07804155E+00
-1.78000000E+01	-3.40000000E+00	-2.70000000E+01	-1.50000000E-09	2.71269921E+01	-5.33594402E+01	7.07804155E+00
-1.17000000E+01	-3.40000000E+00	-2.70000000E+01	-1.50000000E-09	2.77214325E+01	-5.33594402E+01	7.07804155E+00
-5.60000000E+00	-3.40000000E+00	-2.70000000E+01	-1.50000000E-09	2.81316608E+01	-5.33594402E+01	7.07804155E+00
5.00000000E-01	-3.40000000E+00	-2.70000000E+01	-1.50000000E-09	2.82619071E+01	-5.33594402E+01	7.07804155E+00
6.60000000E+00	-3.40000000E+00	-2.70000000E+01	-1.50000000E-09	2.80817646E+01	-5.33594402E+01	7.07804155E+00
1.27000000E+01	-3.40000000E+00	-2.70000000E+01	-1.50000000E-09	2.76332886E+01	-5.33594402E+01	7.07804155E+00
1.88000000E+01	-3.40000000E+00	-2.70000000E+01	-1.50000000E-09	2.70211782E+01	-5.33594402E+01	7.07804155E+00
2.49000000E+01	-3.40000000E+00	-2.70000000E+01	-1.50000000E-09	2.63883338E+01	-5.33594402E+01	7.07804155E+00
-3.00000000E+01	3.80000000E+00	-2.70000000E+01	-1.50000000E-09	2.80236817E+01	-5.44193080E+01	7.07804155E+00
-2.39000000E+01	3.80000000E+00	-2.70000000E+01	-1.50000000E-09	2.74275930E+01	-5.44193080E+01	7.07804155E+00
-1.78000000E+01	3.80000000E+00	-2.70000000E+01	-1.50000000E-09	2.67158906E+01	-5.44193080E+01	7.07804155E+00
-1.17000000E+01	3.80000000E+00	-2.70000000E+01	-1.50000000E-09	2.60547252E+01	-5.44193080E+01	7.07804155E+00
-5.60000000E+00	3.80000000E+00	-2.70000000E+01	-1.50000000E-09	2.55984494E+01	-5.44193080E+01	7.07804155E+00
5.00000000E-01	3.80000000E+00	-2.70000000E+01	-1.50000000E-09	2.54535832E+01	-5.44193080E+01	7.07804155E+00
6.60000000E+00	3.80000000E+00	-2.70000000E+01	-1.50000000E-09	2.56539464E+01	-5.44193080E+01	7.07804155E+00
1.27000000E+01	3.80000000E+00	-2.70000000E+01	-1.50000000E-09	2.61527631E+01	-5.44193080E+01	7.07804155E+00
1.88000000E+01	3.80000000E+00	-2.70000000E+01	-1.50000000E-09	2.68335819E+01	-5.44193080E+01	7.07804155E+00
2.49000000E+01	3.80000000E+00	-2.70000000E+01	-1.50000000E-09	2.75374621E+01	-5.44193080E+01	7.07804155E+00
-3.00000000E+01	1.10000000E+01	-2.70000000E+01	-1.50000000E-09	2.95544626E+01	-5.45621861E+01	7.07804155E+00
-2.39000000E+01	1.10000000E+01	-2.70000000E+01	-1.50000000E-09	2.81222455E+01	-5.45621861E+01	7.07804155E+00
-1.78000000E+01	1.10000000E+01	-2.70000000E+01	-1.50000000E-09	2.64122444E+01	-5.45621861E+01	7.07804155E+00
-1.17000000E+01	1.10000000E+01	-2.70000000E+01	-1.50000000E-09	2.48236681E+01	-5.45621861E+01	7.07804155E+00
-5.60000000E+00	1.10000000E+01	-2.70000000E+01	-1.50000000E-09	2.37273783E+01	-5.45621861E+01	7.07804155E+00
5.00000000E-01	1.10000000E+01	-2.70000000E+01	-1.50000000E-09	2.33793095E+01	-5.45621861E+01	7.07804155E+00
6.60000000E+00	1.10000000E+01	-2.70000000E+01	-1.50000000E-09	2.38607203E+01	-5.45621861E+01	7.07804155E+00
1.27000000E+01	1.10000000E+01	-2.70000000E+01	-1.50000000E-09	2.50592228E+01	-5.45621861E+01	7.07804155E+00
1.88000000E+01	1.10000000E+01	-2.70000000E+01	-1.50000000E-09	2.66950202E+01	-5.45621861E+01	7.07804155E+00
2.49000000E+01	1.10000000E+01	-2.70000000E+01	-1.50000000E-09	2.83862269E+01	-5.45621861E+01	7.07804155E+00
-3.00000000E+01	1.82000000E+01	-2.70000000E+01	-1.50000000E-09	2.97836641E+01	-5.33759388E+01	7.07804155E+00
-2.39000000E+01	1.82000000E+01	-2.70000000E+01	-1.50000000E-09	2.82262547E+01	-5.33759388E+01	7.07804155E+00
-1.78000000E+01	1.82000000E+01	-2.70000000E+01	-1.50000000E-09	2.63667799E+01	-5.33759388E+01	7.07804155E+00
-1.17000000E+01	1.82000000E+01	-2.70000000E+01	-1.50000000E-09	2.46393438E+01	-5.33759388E+01	7.07804155E+00
-5.60000000E+00	1.82000000E+01	-2.70000000E+01	-1.50000000E-09	2.34472256E+01	-5.33759388E+01	7.07804155E+00
5.00000000E-01	1.82000000E+01	-2.70000000E+01	-1.50000000E-09	2.30687316E+01	-5.33759388E+01	7.07804155E+00
6.60000000E+00	1.82000000E+01	-2.70000000E+01	-1.50000000E-09	2.35922233E+01	-5.33759388E+01	7.07804155E+00
1.27000000E+01	1.82000000E+01	-2.70000000E+01	-1.50000000E-09	2.48954887E+01	-5.33759388E+01	7.07804155E+00
1.88000000E+01	1.82000000E+01	-2.70000000E+01	-1.50000000E-09	2.66742736E+01	-5.33759388E+01	7.07804155E+00
2.49000000E+01	1.82000000E+01	-2.70000000E+01	-1.50000000E-09	2.85133112E+01	-5.33759388E+01	7.07804155E+00
-3.00000000E+01	-2.50000000E+01	-1.90000000E+01	-1.50000000E-09	1.71915883E+01	-3.93581155E+01	1.32291520E+01
-2.39000000E+01	-2.50000000E+01	-1.90000000E+01	-1.50000000E-09	1.81533645E+01	-3.93581155E+01	1.32291520E+01
-1.78000000E+01	-2.50000000E+01	-1.90000000E+01	-1.50000000E-09	1.93016809E+01	-3.93581155E+01	1.32291520E+01
-1.17000000E+01	-2.50000000E+01	-1.90000000E+01	-1.50000000E-09	2.03684569E+01	-3.93581155E+01	1.32291520E+01
-5.60000000E+00	-2.50000000E+01	-1.90000000E+01	-1.50000000E-09	2.11046480E+01	-3.93581155E+01	1.32291520E+01
5.00000000E-01	-2.50000000E+01	-1.90000000E+01	-1.50000000E-09	2.13383865E+01	-3.93581155E+01	1.32291520E+01
6.60000000E+00	-2.50000000E+01	-1.90000000E+01	-1.50000000E-09	2.10151049E+01	-3.93581155E+01	1.32291520E+01
1.27000000E+01	-2.50000000E+01	-1.90000000E+01	-1.50000000E-09	2.02102750E+01	-3.93581155E+01	1.32291520E+01
1.88000000E+01	-2.50000000E+01	-1.90000000E+01	-1.50000000E-09	1.91117886E+01	-3.93581155E+01	1.32291520E+01
2.49000000E+01	-2.50000000E+01	-1.90000000E+01	-1.50000000E-09	1.79760931E+01	-3.93581155E+01	1.32291520E+01
-3.00000000E+01	-1.78000000E+01	-1.90000000E+01	-1.50000000E-09	1.60743682E+01	-3.83146749E+01	1.32291520E+01
-2.39000000E+01	-1.78000000E+01	-1.90000000E+01	-1.50000000E-09	1.76463816E+01	-3.83146749E+01	1.32291520E+01
-1.78000000E+01	-1.78000000E+01	-1.90000000E+01	-1.50000000E-09	1.95232931E+01	-3.83146749E+01	1.32291520E+01
-1.17000000E+01	-1.78000000E+01	-1.90000000E+01	-1.50000000E-09	2.12669276E+01	-3.83146749E+01	1.32291520E+01
-5.60000000E+00	-1.78000000E+01	-1.90000000E+01	-1.50000000E-09	2.24702244E+01	-3.83146749E+01	1.32291520E+01
5.00000000E-01	-1.78000000E+01	-1.90000000E+01	-1.50000000E-09	2.28522676E+01	-3.83146749E+01	1.32291520E+01
6.60000000E+00	-1.78000000E+01	-1.90000000E+01	-1.50000000E-09	2.23238671E+01	-3.83146749E+01	1.32291520E+01
1.27000000E+01	-1.78000000E+01	-1.90000000E+01	-1.50000000E-09	2.10083808E+01	-3.83146749E+01	1.32291520E+01
1.88000000E+01	-1.78000000E+01	-1.90000000E+01	-1.50000000E-09	1.92129160E+01	-3.83146749E+01	1.32291520E+01
2.49000000E+01	-1.78000000E+01	-1.90000000E+01	-1.50000000E-09	1.73566334E+01	-3.83146749E+01	1.32291520E+01
-3.00000000E+01	-1.06000000E+01	-1.90000000E+01	-1.50000000E-09	1.63857725E+01	-3.71733784E+01	1.32291520E+01
-2.39000000E+01	-1.06000000E+01	-1.90000000E+01	-1.50000000E-09	1.77876937E+01	-3.71733784E+01	1.32291520E+01
-1.78000000E+01	-1.06000000E+01	-1.90000000E+01	-1.50000000E-09	1.94615228E+01	-3.71733784E+01	1.32291520E+01
-1.17000000E+01	-1.06000000E+01	-1.90000000E+01	-1.50000000E-09	2.10164956E+01	-3.71733784E+01	1.32291520E+01
-5.60000000E+00	-1.06000000E+01	-1.90000000E+01	-1.50000000E-09	2.20895954E+01	-3.71733784E+01	1.32291520E+01
5.00000000E-01	-1.06000000E+01	-1.90000000E+01	-1.50000000E-09	2.24303015E+01	-3.71733784E+01	1.32291520E+01
6.60000000E+00	-1.06000000E+01	-1.90000000E+01	-1.50000000E-09	2.19590740E+01	-3.71733784E+01	1.32291520E+01
1.27000000E+01	-1.06000000E+01	-1.90000000E+01	-1.50000000E-09	2.07859237E+01	-3.71733784E+01	1.32291520E+01
1.88000000E+01	-1.06000000E+01	-1.90000000E+01	-1.50000000E-09	1.91847286E+01	-3.71733784E+01	1.32291520E+01
2.49000000E+01	-1.06000000E+01	-1.90000000E+01	-1.50000000E-09	1.75292963E+01	-3.71733784E+01	1.32291520E+01
-3.00000000E+01	-3.40000000E+00	-1.90000000E+01	-1.50000000E-09	1.79712236E+01	-3.73995204E+01	1.32291520E+01
-2.39000000E+01	-3.40000000E+00	-1.90000000E+01	-1.50000000E-09	1.85071549E+01	-3.73995204E+01	1.32291520E+01
-1.78000000E+01	-3.40000000E+00	-1.90000000E+01	-1.50000000E-09	1.91470322E+01	-3.73995204E+01	1.32291520E+01
-1.17000000E+01	-3.40000000E+00	-1.90000000E+01	-1.50000000E-09	1.97414726E+01	-3.73995204E+01	1.32291520E+01
-5.60000000E+00	-3.40000000E+00	-1.90000000E+01	-1.50000000E-09	2.01517009E+01	-3.73995204E+01	1.32291520E+01
5.00000000E-01	-3.40000000E+00	-1.90000000E+01	-1.50000000E-09	2.02819472E+01	-3.73995204E+01	1.32291520E+01
6.60000000E+00	-3.40000000E+00	-1.90000000E+01	-1.50000000E-09	2.01018047E+01	-3.73995204E+01	1.32291520E+01
1.27000000E+01	-3.40000000E+00	-1.90000000E+01	-1.50000000E-09	1.96533287E+01	-3.73995204E+01	1.32291520E+01
1.88000000E+01	-3.40000000E+00	-1.90000000E+01	-1.50000000E-09	1.90412183E+01	-3.73995204E+01	1.32291520E+01
2.49000000E+01	-3.40000000E+00	-1.90000000E+01	-1.50000000E-09	1.84083739E+01	-3.73995204E+01	1.32291520E+01
-3.00000000E+01	3.80000000E+00	-1.90000000E+01	-1.50000000E-09	2.00437218E+01	-3.84593882E+01	1.32291520E+01
-2.39000000E+01	3.80000000E+00	-1.90000000E+01	-1.50000000E-09	1.94476331E+01	-3.84593882E+01	1.32291520E+01
-1.78000000E+01	3.80000000E+00	-1.90000000E+01	-1.50000000E-09	1.87359307E+01	-3.84593882E+01	1.32291520E+01
-1.17000000E+01	3.80000000E+00	-1.90000000E+01	-1.50000000E-09	1.80747653E+01	-3.84593882E+01	1.32291520E+01
-5.60000000E+00	3.80000000E+00	-1.90000000E+01	-1.50000000E-09	1.76184895E+01	-3.84593882E+01	1.32291520E+01
5.00000000E-01	3.80000000E+00	-1.90000000E+01	-1.50000000E-09	1.74736233E+01	-3.84593882E+01	1.32291520E+01
6.60000000E+00	3.80000000E+00	-1.90000000E+01	-1.50000000E-09	1.76739865E+01	-3.84593882E+01	1.32291520E+01
1.27000000E+01	3.80000000E+00	-1.90000000E+01	-1.50000000E-09	1.81728032E+01	-3.84593882E+01	1.32291520E+01
1.88000000E+01	3.80000000E+00	-1.90000000E+01	-1.50000000E-09	1.88536220E+01	-3.84593882E+01	1.32291520E+01
2.49000000E+01	3.80000000E+00	-1.90000000E+01	-1.50000000E-09	1.95575022E+01	-3.84593882E+01	1.32291520E+01
-3.00000000E+01	1.10000000E+01	-1.90000000E+01	-1.50000000E-09	2.15745027E+01	-3.86022663E+01	1.32291520E+01
-2.39000000E+01	1.10000000E+01	-1.90000000E+01	-1.50000000E-09	2.01422856E+01	-3.86022663E+01	1.32291520E+01
-1.78000000E+01	1.10000000E+01	-1.90000000E+01	-1.50000000E-09	1.84322845E+01	-3.86022663E+01	1.32291520E+01
-1.17000000E+01	1.10000000E+01	-1.90000000E+01	-1.50000000E-09	1.68437082E+01	-3.86022663E+01	1.32291520E+01
-5.60000000E+00	1.10000000E+01	-1.90000000E+01	-1.50000000E-09	1.57474184E+01	-3.86022663E+01	1.32291520E+01
5.00000000E-01	1.10000000E+01	-1.90000000E+01	-1.50000000E-09	1.53993496E+01	-3.86022663E+01	1.32291520E+01
6.60000000E+00	1.10000000E+01	-1.90000000E+01	-1.50000000E-09	1.58807604E+01	-3.86022663E+01	1.32291520E+01
1.27000000E+01	1.10000000E+01	-1.90000000E+01	-1.50000000E-09	1.70792629E+01	-3.86022663E+01	1.32291520E+01
1.88000000E+01	1.10000000E+01	-1.90000000E+01	-1.50000000E-09	1.87150603E+01	-3.86022663E+01	1.32291520E+01
2.49000000E+01	1.10000000E+01	-1.90000000E+01	-1.50000000E-09	2.04062670E+01	-3.86022663E+01	1.32291520E+01
-3.00000000E+01	1.82000000E+01	-1.90000000E+01	-1.50000000E-09	2.18037042E+01	-3.74160190E+01	1.32291520E+01
-2.39000000E+01	1.82000000E+01	-1.90000000E+01	-1.50000000E-09	2.02462949E+01	-3.74160190E+01	1.32291520E+01
-1.78000000E+01	1.82000000E+01	-1.90000000E+01	-1.50000000E-09	1.83868200E+01	-3.74160190E+01	1.32291520E+01
-1.17000000E+01	1.82000000E+01	-1.90000000E+01	-1.50000000E-09	1.66593839E+01	-3.74160190E+01	1.32291520E+01
-5.60000000E+00	1.82000000E+01	-1.90000000E+01	-1.50000000E-09	1.54672657E+01	-3.74160190E+01	1.32291520E+01
5.00000000E-01	1.82000000E+01	-1.90000000E+01	-1.50000000E-09	1.50887717E+01	-3.74160190E+01	1.32291520E+01
6.60000000E+00	1.82000000E+01	-1.90000000E+01	-1.50000000E-09	1.56122634E+01	-3.74160190E+01	1.32291520E+01
1.27000000E+01	1.82000000E+01	-1.90000000E+01	-1.50000000E-09	1.69155288E+01	-3.74160190E+01	1.32291520E+01
1.88000000E+01	1.82000000E+01	-1.90000000E+01	-1.50000000E-09	1.86943137E+01	-3.74160190E+01	1.32291520E+01
2.49000000E+01	1.82000000E+01	-1.90000000E+01	-1.50000000E-09	2.05333513E+01	-3.74160190E+01	1.32291520E+01
-3.00000000E+01	-2.50000000E+01	-1.10000000E+01	-1.50000000E-09	9.21162841E+00	-2.33981957E+01	1.12251340E+01
-2.39000000E+01	-2.50000000E+01	-1.10000000E+01	-1.50000000E-09	1.01734046E+01	-2.33981957E+01	1.12251340E+01
-1.78000000E+01	-2.50000000E+01	-1.10000000E+01	-1.50000000E-09	1.13217210E+01	-2.33981957E+01	1.12251340E+01
-1.17000000E+01	-2.50000000E+01	-1.10000000E+01	-1.50000000E-09	1.23884970E+01	-2.33981957E+01	1.12251340E+01
-5.60000000E+00	-2.50000000E+01	-1.10000000E+01	-1.50000000E-09	1.31246882E+01	-2.33981957E+01	1.12251340E+01
5.00000000E-01	-2.50000000E+01	-1.10000000E+01	-1.50000000E-09	1.33584266E+01	-2.33981957E+01	1.12251340E+01
6.60000000E+00	-2.50000000E+01	-1.10000000E+01	-1.50000000E-09	1.30351450E+01	-2.33981957E+01	1.12251340E+01
1.27000000E+01	-2.50000000E+01	-1.10000000E+01	-1.50000000E-09	1.22303151E+01	-2.33981957E+01	1.12251340E+01
1.88000000E+01	-2.50000000E+01	-1.10000000E+01	-1.50000000E-09	1.11318287E+01	-2.33981957E+01	1.12251340E+01
2.49000000E+01	-2.50000000E+01	-1.10000000E+01	-1.50000000E-09	9.99613326E+00	-2.33981957E+01	1.12251340E+01
-3.00000000E+01	-1.78000000E+01	-1.10000000E+01	-1.50000000E-09	8.09440836E+00	-2.23547551E+01	1.12251340E+01
-2.39000000E+01	-1.78000000E+01	-1.10000000E+01	-1.50000000E-09	9.66642175E+00	-2.23547551E+01	1.12251340E+01
-1.78000000E+01	-1.78000000E+01	-1.10000000E+01	-1.50000000E-09	1.15433332E+01	-2.23547551E+01	1.12251340E+01
-1.17000000E+01	-1.78000000E+01	-1.10000000E+01	-1.50000000E-09	1.32869677E+01	-2.23547551E+01	1.12251340E+01
-5.60000000E+00	-1.78000000E+01	-1.10000000E+01	-1.50000000E-09	1.44902645E+01	-2.23547551E+01	1.12251340E+01
5.00000000E-01	-1.78000000E+01	-1.10000000E+01	-1.50000000E-09	1.48723077E+01	-2.23547551E+01	1.12251340E+01
6.60000000E+00	-1.78000000E+01	-1.10000000E+01	-1.50000000E-09	1.43439072E+01	-2.23547551E+01	1.12251340E+01
1.27000000E+01	-1.78000000E+01	-1.10000000E+01	-1.50000000E-09	1.30284209E+01	-2.23547551E+01	1.12251340E+01
1.88000000E+01	-1.78000000E+01	-1.10000000E+01	-1.50000000E-09	1.12329561E+01	-2.23547551E+01	1.12251340E+01
2.49000000E+01	-1.78000000E+01	-1.10000000E+01	-1.50000000E-09	9.37667352E+00	-2.23547551E+01	1.12251340E+01
-3.00000000E+01	-1.06000000E+01	-1.10000000E+01	-1.50000000E-09	8.40581265E+00	-2.12134586E+01	1.12251340E+01
-2.39000000E+01	-1.06000000E+01	-1.10000000E+01	-1.50000000E-09	9.80773378E+00	-2.12134586E+01	1.12251340E+01
-1.78000000E+01	-1.06000000E+01	-1.10000000E+01	-1.50000000E-09	1.14815629E+01	-2.12134586E+01	1.12251340E+01
-1.17000000E+01	-1.06000000E+01	-1.10000000E+01	-1.50000000E-09	1.30365357E+01	-2.12134586E+01	1.12251340E+01
-5.60000000E+00	-1.06000000E+01	-1.10000000E+01	-1.50000000E-09	1.41096355E+01	-2.12134586E+01	1.12251340E+01
5.00000000E-01	-1.06000000E+01	-1.10000000E+01	-1.50000000E-09	1.44503416E+01	-2.12134586E+01	1.12251340E+01
6.60000000E+00	-1.06000000E+01	-1.10000000E+01	-1.50000000E-09	1.39791141E+01	-2.12134586E+01	1.12251340E+01
1.27000000E+01	-1.06000000E+01	-1.10000000E+01	-1.50000000E-09	1.28059638E+01	-2.12134586E+01	1.12251340E+01
1.88000000E+01	-1.06000000E+01	-1.10000000E+01	-1.50000000E-09	1.12047687E+01	-2.12134586E+01	1.12251340E+01
2.49000000E+01	-1.06000000E+01	-1.10000000E+01	-1.50000000E-09	9.54933639E+00	-2.12134586E+01	1.12251340E+01
-3.00000000E+01	-3.40000000E+00	-1.10000000E+01	-1.50000000E-09	9.99126375E+00	-2.14396006E+01	1.12251340E+01
-2.39000000E+01	-3.40000000E+00	-1.10000000E+01	-1.50000000E-09	1.05271950E+01	-2.14396006E+01	1.12251340E+01
-1.78000000E+01	-3.40000000E+00	-1.10000000E+01	-1.50000000E-09	1.11670723E+01	-2.14396006E+01	1.12251340E+01
-1.17000000E+01	-3.40000000E+00	-1.10000000E+01	-1.50000000E-09	1.17615127E+01	-2.14396006E+01	1.12251340E+01
-5.60000000E+00	-3.40000000E+00	-1.10000000E+01	-1.50000000E-09	1.21717410E+01	-2.14396006E+01	1.12251340E+01
5.00000000E-01	-3.40000000E+00	-1.10000000E+01	-1.50000000E-09	1.23019873E+01	-2.14396006E+01	1.12251340E+01
6.60000000E+00	-3.40000000E+00	-1.10000000E+01	-1.50000000E-09	1.21218449E+01	-2.14396006E+01	1.12251340E+01
1.27000000E+01	-3.40000000E+00	-1.10000000E+01	-1.50000000E-09	1.16733689E+01	-2.14396006E+01	1.12251340E+01
1.88000000E+01	-3.40000000E+00	-1.10000000E+01	-1.50000000E-09	1.10612584E+01	-2.14396006E+01	1.12251340E+01
2.49000000E+01	-3.40000000E+00	-1.10000000E+01	-1.50000000E-09	1.04284140E+01	-2.14396006E+01	1.12251340E+01
-3.00000000E+01	3.80000000E+00	-1.10000000E+01	-1.50000000E-09	1.20637619E+01	-2.24994684E+01	1.12251340E+01
-2.39000000E+01	3.80000000E+00	-1.10000000E+01	-1.50000000E-09	1.14676732E+01	-2.24994684E+01	1.12251340E+01
-1.78000000E+01	3.80000000E+00	-1.10000000E+01	-1.50000000E-09	1.07559708E+01	-2.24994684E+01	1.12251340E+01
-1.17000000E+01	3.80000000E+00	-1.10000000E+01	-1.50000000E-09	1.00948054E+01	-2.24994684E+01	1.12251340E+01
-5.60000000E+00	3.80000000E+00	-1.10000000E+01	-1.50000000E-09	9.63852964E+00	-2.24994684E+01	1.12251340E+01
5.00000000E-01	3.80000000E+00	-1.10000000E+01	-1.50000000E-09	9.49366343E+00	-2.24994684E+01	1.12251340E+01
6.60000000E+00	3.80000000E+00	-1.10000000E+01	-1.50000000E-09	9.69402660E+00	-2.24994684E+01	1.12251340E+01
1.27000000E+01	3.80000000E+00	-1.10000000E+01	-1.50000000E-09	1.01928433E+01	-2.24994684E+01	1.12251340E+01
1.88000000E+01	3.80000000E+00	-1.10000000E+01	-1.50000000E-09	1.08736621E+01	-2.24994684E+01	1.12251340E+01
2.49000000E+01	3.80000000E+00	-1.10000000E+01	-1.50000000E-09	1.15775423E+01	-2.24994684E+01	1.12251340E+01
-3.00000000E+01	1.10000000E+01	-1.10000000E+01	-1.50000000E-09	1.35945428E+01	-2.26423465E+01	1.12251340E+01
-2.39000000E+01	1.10000000E+01	-1.10000000E+01	-1.50000000E-09	1.21623257E+01	-2.26423465E+01	1.12251340E+01
-1.78000000E+01	1.10000000E+01	-1.10000000E+01	-1.50000000E-09	1.04523246E+01	-2.26423465E+01	1.12251340E+01
-1.17000000E+01	1.10000000E+01	-1.10000000E+01	-1.50000000E-09	8.86374834E+00	-2.26423465E+01	1.12251340E+01
-5.60000000E+00	1.10000000E+01	-1.10000000E+01	-1.50000000E-09	7.76745847E+00	-2.26423465E+01	1.12251340E+01
5.00000000E-01	1.10000000E+01	-1.10000000E+01	-1.50000000E-09	7.41938970E+00	-2.26423465E+01	1.12251340E+01
6.60000000E+00	1.10000000E+01	-1.10000000E+01	-1.50000000E-09	7.90080051E+00	-2.26423465E+01	1.12251340E+01
1.27000000E+01	1.10000000E+01	-1.10000000E+01	-1.50000000E-09	9.09930301E+00	-2.26423465E+01	1.12251340E+01
1.88000000E+01	1.10000000E+01	-1.10000000E+01	-1.50000000E-09	1.07351004E+01	-2.26423465E+01	1.12251340E+01
2.49000000E+01	1.10000000E+01	-1.10000000E+01	-1.50000000E-09	1.24263071E+01	-2.26423465E+01	1.12251340E+01
-3.00000000E+01	1.82000000E+01	-1.10000000E+01	-1.50000000E-09	1.38237443E+01	-2.14560992E+01	1.12251340E+01
-2.39000000E+01	1.82000000E+01	-1.10000000E+01	-1.50000000E-09	1.22663350E+01	-2.14560992E+01	1.12251340E+01
-1.78000000E+01	1.82000000E+01	-1.10000000E+01	-1.50000000E-09	1.04068601E+01	-2.14560992E+01	1.12251340E+01
-1.17000000E+01	1.82000000E+01	-1.10000000E+01	-1.50000000E-09	8.67942402E+00	-2.14560992E+01	1.12251340E+01
-5.60000000E+00	1.82000000E+01	-1.10000000E+01	-1.50000000E-09	7.48730582E+00	-2.14560992E+01	1.12251340E+01
5.00000000E-01	1.82000000E+01	-1.10000000E+01	-1.50000000E-09	7.10881183E+00	-2.14560992E+01	1.12251340E+01
6.60000000E+00	1.82000000E+01	-1.10000000E+01	-1.50000000E-09	7.63230349E+00	-2.14560992E+01	1.12251340E+01
1.27000000E+01	1.82000000E+01	-1.10000000E+01	-1.50000000E-09	8.93556888E+00	-2.14560992E+01	1.12251340E+01
1.88000000E+01	1.82000000E+01	-1.10000000E+01	-1.50000000E-09	1.07143538E+01	-2.14560992E+01	1.12251340E+01
2.49000000E+01	1.82000000E+01	-1.10000000E+01	-1.50000000E-09	1.25533914E+01	-2.14560992E+01	1.12251340E+01
-3.00000000E+01	-2.50000000E+01	-3.00000000E+00	-1.50000000E-09	1.23166851E+00	-7.43827588E+00	3.55065910E+00
-2.39000000E+01	-2.50000000E+01	-3.00000000E+00	-1.50000000E-09	2.19344472E+00	-7.43827588E+00	3.55065910E+00
-1.78000000E+01	-2.50000000E+01	-3.00000000E+00	-1.50000000E-09	3.34176112E+00	-7.43827588E+00	3.55065910E+00
-1.17000000E+01	-2.50000000E+01	-3.00000000E+00	-1.50000000E-09	4.40853714E+00	-7.43827588E+00	3.55065910E+00
-5.60000000E+00	-2.50000000E+01	-3.00000000E+00	-1.50000000E-09	5.14472826E+00	-7.43827588E+00	3.55065910E+00
5.00000000E-01	-2.50000000E+01	-3.00000000E+00	-1.50000000E-09	5.37846675E+00	-7.43827588E+00	3.55065910E+00
6.60000000E+00	-2.50000000E+01	-3.00000000E+00	-1.50000000E-09	5.05518513E+00	-7.43827588E+00	3.55065910E+00
1.27000000E+01	-2.50000000E+01	-3.00000000E+00	-1.50000000E-09	4.25035520E+00	-7.43827588E+00	3.55065910E+00
1.88000000E+01	-2.50000000E+01	-3.00000000E+00	-1.50000000E-09	3.15186878E+00	-7.43827588E+00	3.55065910E+00
2.49000000E+01	-2.50000000E+01	-3.00000000E+00	-1.50000000E-09	2.01617336E+00	-7.43827588E+00	3.55065910E+00
-3.00000000E+01	-1.78000000E+01	-3.00000000E+00	-1.50000000E-09	1.14448463E-01	-6.39483531E+00	3.55065910E+00
-2.39000000E+01	-1.78000000E+01	-3.00000000E+00	-1.50000000E-09	1.68646185E+00	-6.39483531E+00	3.55065910E+00
-1.78000000E+01	-1.78000000E+01	-3.00000000E+00	-1.50000000E-09	3.56337327E+00	-6.39483531E+00	3.55065910E+00
-1.17000000E+01	-1.78000000E+01	-3.00000000E+00	-1.50000000E-09	5.30700778E+00	-6.39483531E+00	3.55065910E+00
-5.60000000E+00	-1.78000000E+01	-3.00000000E+00	-1.50000000E-09	6.51030465E+00	-6.39483531E+00	3.55065910E+00
5.00000000E-01	-1.78000000E+01	-3.00000000E+00	-1.50000000E-09	6.89234783E+00	-6.39483531E+00	3.55065910E+00
6.60000000E+00	-1.78000000E+01	-3.00000000E+00	-1.50000000E-09	6.36394732E+00	-6.39483531E+00	3.55065910E+00
1.27000000E+01	-1.78000000E+01	-3.00000000E+00	-1.50000000E-09	5.04846102E+00	-6.39483531E+00	3.55065910E+00
1.88000000E+01	-1.78000000E+01	-3.00000000E+00	-1.50000000E-09	3.25299619E+00	-6.39483531E+00	3.55065910E+00
2.49000000E+01	-1.78000000E+01	-3.00000000E+00	-1.50000000E-09	1.39671363E+00	-6.39483531E+00	3.55065910E+00
-3.00000000E+01	-1.06000000E+01	-3.00000000E+00	-1.50000000E-09	4.25852753E-01	-5.25353879E+00	3.55065910E+00
-2.39000000E+01	-1.06000000E+01	-3.00000000E+00	-1.50000000E-09	1.82777389E+00	-5.25353879E+00	3.55065910E+00
-1.78000000E+01	-1.06000000E+01	-3.00000000E+00	-1.50000000E-09	3.50160301E+00	-5.25353879E+00	3.55065910E+00
-1.17000000E+01	-1.06000000E+01	-3.00000000E+00	-1.50000000E-09	5.05657582E+00	-5.25353879E+00	3.55065910E+00
-5.60000000E+00	-1.06000000E+01	-3.00000000E+00	-1.50000000E-09	6.12967566E+00	-5.25353879E+00	3.55065910E+00
5.00000000E-01	-1.06000000E+01	-3.00000000E+00	-1.50000000E-09	6.47038167E+00	-5.25353879E+00	3.55065910E+00
6.60000000E+00	-1.06000000E+01	-3.00000000E+00	-1.50000000E-09	5.99915423E+00	-5.25353879E+00	3.55065910E+00
1.27000000E+01	-1.06000000E+01	-3.00000000E+00	-1.50000000E-09	4.82600388E+00	-5.25353879E+00	3.55065910E+00
1.88000000E+01	-1.06000000E+01	-3.00000000E+00	-1.50000000E-09	3.22480881E+00	-5.25353879E+00	3.55065910E+00
2.49000000E+01	-1.06000000E+01	-3.00000000E+00	-1.50000000E-09	1.56937650E+00	-5.25353879E+00	3.55065910E+00
-3.00000000E+01	-3.40000000E+00	-3.00000000E+00	-1.50000000E-09	2.01130386E+00	-5.47968085E+00	3.55065910E+00
-2.39000000E+01	-3.40000000E+00	-3.00000000E+00	-1.50000000E-09	2.54723516E+00	-5.47968085E+00	3.55065910E+00
-1.78000000E+01	-3.40000000E+00	-3.00000000E+00	-1.50000000E-09	3.18711238E+00	-5.47968085E+00	3.55065910E+00
-1.17000000E+01	-3.40000000E+00	-3.00000000E+00	-1.50000000E-09	3.78155280E+00	-5.47968085E+00	3.55065910E+00
-5.60000000E+00	-3.40000000E+00	-3.00000000E+00	-1.50000000E-09	4.19178115E+00	-5.47968085E+00	3.55065910E+00
5.00000000E-01	-3.40000000E+00	-3.00000000E+00	-1.50000000E-09	4.32202743E+00	-5.47968085E+00	3.55065910E+00
6.60000000E+00	-3.40000000E+00	-3.00000000E+00	-1.50000000E-09	4.14188496E+00	-5.47968085E+00	3.55065910E+00
1.27000000E+01	-3.40000000E+00	-3.00000000E+00	-1.50000000E-09	3.69340896E+00	-5.47968085E+00	3.55065910E+00
1.88000000E+01	-3.40000000E+00	-3.00000000E+00	-1.50000000E-09	3.08129853E+00	-5.47968085E+00	3.55065910E+00
2.49000000E+01	-3.40000000E+00	-3.00000000E+00	-1.50000000E-09	2.44845410E+00	-5.47968085E+00	3.55065910E+00
-3.00000000E+01	3.80000000E+00	-3.00000000E+00	-1.50000000E-09	4.08380202E+00	-6.53954862E+00	3.55065910E+00
-2.39000000E+01	3.80000000E+00	-3.00000000E+00	-1.50000000E-09	3.48771332E+00	-6.53954862E+00	3.55065910E+00
-1.78000000E+01	3.80000000E+00	-3.00000000E+00	-1.50000000E-09	2.77601093E+00	-6.53954862E+00	3.55065910E+00
-1.17000000E+01	3.80000000E+00	-3.00000000E+00	-1.50000000E-09	2.11484555E+00	-6.53954862E+00	3.55065910E+00
-5.60000000E+00	3.80000000E+00	-3.00000000E+00	-1.50000000E-09	1.65856975E+00	-6.53954862E+00	3.55065910E+00
5.00000000E-01	3.80000000E+00	-3.00000000E+00	-1.50000000E-09	1.51370354E+00	-6.53954862E+00	3.55065910E+00
6.60000000E+00	3.80000000E+00	-3.00000000E+00	-1.50000000E-09	1.71406670E+00	-6.53954862E+00	3.55065910E+00
1.27000000E+01	3.80000000E+00	-3.00000000E+00	-1.50000000E-09	2.21288340E+00	-6.53954862E+00	3.55065910E+00
1.88000000E+01	3.80000000E+00	-3.00000000E+00	-1.50000000E-09	2.89370221E+00	-6.53954862E+00	3.55065910E+00
2.49000000E+01	3.80000000E+00	-3.00000000E+00	-1.50000000E-09	3.59758239E+00	-6.53954862E+00	3.55065910E+00
-3.00000000E+01	1.10000000E+01	-3.00000000E+00	-1.50000000E-09	5.61458290E+00	-6.68242673E+00	3.55065910E+00
-2.39000000E+01	1.10000000E+01	-3.00000000E+00	-1.50000000E-09	4.18236581E+00	-6.68242673E+00	3.55065910E+00
-1.78000000E+01	1.10000000E+01	-3.00000000E+00	-1.50000000E-09	2.47236471E+00	-6.68242673E+00	3.55065910E+00
-1.17000000E+01	1.10000000E+01	-3.00000000E+00	-1.50000000E-09	8.83788446E-01	-6.68242673E+00	3.55065910E+00
-5.60000000E+00	1.10000000E+01	-3.00000000E+00	-1.50000000E-09	-2.12501418E-01	-6.68242673E+00	3.55065910E+00
5.00000000E-01	1.10000000E+01	-3.00000000E+00	-1.50000000E-09	-5.60570195E-01	-6.68242673E+00	3.55065910E+00
6.60000000E+00	1.10000000E+01	-3.00000000E+00	-1.50000000E-09	-7.91593793E-02	-6.68242673E+00	3.55065910E+00
1.27000000E+01	1.10000000E+01	-3.00000000E+00	-1.50000000E-09	1.11934312E+00	-6.68242673E+00	3.55065910E+00
1.88000000E+01	1.10000000E+01	-3.00000000E+00	-1.50000000E-09	2.75514052E+00	-6.68242673E+00	3.55065910E+00
2.49000000E+01	1.10000000E+01	-3.00000000E+00	-1.50000000E-09	4.44634725E+00	-6.68242673E+00	3.55065910E+00
-3.00000000E+01	1.82000000E+01	-3.00000000E+00	-1.50000000E-09	5.84378440E+00	-5.49617940E+00	3.55065910E+00
-2.39000000E+01	1.82000000E+01	-3.00000000E+00	-1.50000000E-09	4.28637507E+00	-5.49617940E+00	3.55065910E+00
-1.78000000E+01	1.82000000E+01	-3.00000000E+00	-1.50000000E-09	2.42690022E+00	-5.49617940E+00	3.55065910E+00
-1.17000000E+01	1.82000000E+01	-3.00000000E+00	-1.50000000E-09	6.99464129E-01	-5.49617940E+00	3.55065910E+00
-5.60000000E+00	1.82000000E+01	-3.00000000E+00	-1.50000000E-09	-4.92654073E-01	-5.49617940E+00	3.55065910E+00
5.00000000E-01	1.82000000E+01	-3.00000000E+00	-1.50000000E-09	-8.71148062E-01	-5.49617940E+00	3.55065910E+00
6.60000000E+00	1.82000000E+01	-3.00000000E+00	-1.50000000E-09	-3.47656407E-01	-5.49617940E+00	3.55065910E+00
1.27000000E+01	1.82000000E+01	-3.00000000E+00	-1.50000000E-09	9.55608986E-01	-5.49617940E+00	3.55065910E+00
1.88000000E+01	1.82000000E+01	-3.00000000E+00	-1.50000000E-09	2.73439389E+00	-5.49617940E+00	3.55065910E+00
2.49000000E+01	1.82000000E+01	-3.00000000E+00	-1.50000000E-09	4.57343152E+00	-5.49617940E+00	3.55065910E+00
-3.00000000E+01	-2.50000000E+01	5.00000000E+00	-1.50000000E-09	-6.74829138E+00	8.52164390E+00	-5.79891170E+00
-2.39000000E+01	-2.50000000E+01	5.00000000E+00	-1.50000000E-09	-5.78651517E+00	8.52164390E+00	-5.79891170E+00
-1.78000000E+01	-2.50000000E+01	5.00000000E+00	-1.50000000E-09	-4.63819878E+00	8.52164390E+00	-5.79891170E+00
-1.17000000E+01	-2.50000000E+01	5.00000000E+00	-1.50000000E-09	-3.57142275E+00	8.52164390E+00	-5.79891170E+00
-5.60000000E+00	-2.50000000E+01	5.00000000E+00	-1.50000000E-09	-2.83523163E+00	8.52164390E+00	-5.79891170E+00
5.00000000E-01	-2.50000000E+01	5.00000000E+00	-1.50000000E-09	-2.60149314E+00	8.52164390E+00	-5.79891170E+00
6.60000000E+00	-2.50000000E+01	5.00000000E+00	-1.50000000E-09	-2.92477476E+00	8.52164390E+00	-5.79891170E+00
1.27000000E+01	-2.50000000E+01	5.00000000E+00	-1.50000000E-09	-3.72960469E+00	8.52164390E+00	-5.79891170E+00
1.88000000E+01	-2.50000000E+01	5.00000000E+00	-1.50000000E-09	-4.82809111E+00	8.52164390E+00	-5.79891170E+00
2.49000000E+01	-2.50000000E+01	5.00000000E+00	-1.50000000E-09	-5.96378653E+00	8.52164390E+00	-5.79891170E+00
-3.00000000E+01	-1.78000000E+01	5.00000000E+00	-1.50000000E-09	-7.86551143E+00	9.56508448E+00	-5.79891170E+00
-2.39000000E+01	-1.78000000E+01	5.00000000E+00	-1.50000000E-09	-6.29349804E+00	9.56508448E+00	-5.79891170E+00
-1.78000000E+01	-1.78000000E+01	5.00000000E+00	-1.50000000E-09	-4.41658662E+00	9.56508448E+00	-5.79891170E+00
-1.17000000E+01	-1.78000000E+01	5.00000000E+00	-1.50000000E-09	-2.67295211E+00	9.56508448E+00	-5.79891170E+00
-5.60000000E+00	-1.78000000E+01	5.00000000E+00	-1.50000000E-09	-1.46965524E+00	9.56508448E+00	-5.79891170E+00
5.00000000E-01	-1.78000000E+01	5.00000000E+00	-1.50000000E-09	-1.08761206E+00	9.56508448E+00	-5.79891170E+00
6.60000000E+00	-1.78000000E+01	5.00000000E+00	-1.50000000E-09	-1.61601257E+00	9.56508448E+00	-5.79891170E+00
1.27000000E+01	-1.78000000E+01	5.00000000E+00	-1.50000000E-09	-2.93149888E+00	9.56508448E+00	-5.79891170E+00
1.88000000E+01	-1.78000000E+01	5.00000000E+00	-1.50000000E-09	-4.72696371E+00	9.56508448E+00	-5.79891170E+00
2.49000000E+01	-1.78000000E+01	5.00000000E+00	-1.50000000E-09	-6.58324626E+00	9.56508448E+00	-5.79891170E+00
-3.00000000E+01	-1.06000000E+01	5.00000000E+00	-1.50000000E-09	-7.55410714E+00	1.07063810E+01	-5.79891170E+00
-2.39000000E+01	-1.06000000E+01	5.00000000E+00	-1.50000000E-09	-6.15218600E+00	1.07063810E+01	-5.79891170E+00
-1.78000000E+01	-1.06000000E+01	5.00000000E+00	-1.50000000E-09	-4.47835688E+00	1.07063810E+01	-5.79891170E+00
-1.17000000E+01	-1.06000000E+01	5.00000000E+00	-1.50000000E-09	-2.92338408E+00	1.07063810E+01	-5.79891170E+00
-5.60000000E+00	-1.06000000E+01	5.00000000E+00	-1.50000000E-09	-1.85028424E+00	1.07063810E+01	-5.79891170E+00
5.00000000E-01	-1.06000000E+01	5.00000000E+00	-1.50000000E-09	-1.50957823E+00	1.07063810E+01	-5.79891170E+00
6.60000000E+00	-1.06000000E+01	5.00000000E+00	-1.50000000E-09	-1.98080567E+00	1.07063810E+01	-5.79891170E+00
1.27000000E+01	-1.06000000E+01	5.00000000E+00	-1.50000000E-09	-3.15395601E+00	1.07063810E+01	-5.79891170E+00
1.88000000E+01	-1.06000000E+01	5.00000000E+00	-1.50000000E-09	-4.75515109E+00	1.07063810E+01	-5.79891170E+00
2.49000000E+01	-1.06000000E+01	5.00000000E+00	-1.50000000E-09	-6.41058340E+00	1.07063810E+01	-5.79891170E+00
-3.00000000E+01	-3.40000000E+00	5.00000000E+00	-1.50000000E-09	-5.96865603E+00	1.04802389E+01	-5.79891170E+00
-2.39000000E+01	-3.40000000E+00	5.00000000E+00	-1.50000000E-09	-5.43272474E+00	1.04802389E+01	-5.79891170E+00
-1.78000000E+01	-3.40000000E+00	5.00000000E+00	-1.50000000E-09	-4.79284751E+00	1.04802389E+01	-5.79891170E+00
-1.17000000E+01	-3.40000000E+00	5.00000000E+00	-1.50000000E-09	-4.19840709E+00	1.04802389E+01	-5.79891170E+00
-5.60000000E+00	-3.40000000E+00	5.00000000E+00	-1.50000000E-09	-3.78817875E+00	1.04802389E+01	-5.79891170E+00
5.00000000E-01	-3.40000000E+00	5.00000000E+00	-1.50000000E-09	-3.65793247E+00	1.04802389E+01	-5.79891170E+00
6.60000000E+00	-3.40000000E+00	5.00000000E+00	-1.50000000E-09	-3.83807493E+00	1.04802389E+01	-5.79891170E+00
1.27000000E+01	-3.40000000E+00	5.00000000E+00	-1.50000000E-09	-4.28655093E+00	1.04802389E+01	-5.79891170E+00
1.88000000E+01	-3.40000000E+00	5.00000000E+00	-1.50000000E-09	-4.89866136E+00	1.04802389E+01	-5.79891170E+00
2.49000000E+01	-3.40000000E+00	5.00000000E+00	-1.50000000E-09	-5.53150579E+00	1.04802389E+01	-5.79891170E+00
-3.00000000E+01	3.80000000E+00	5.00000000E+00	-1.50000000E-09	-3.89615787E+00	9.42037116E+00	-5.79891170E+00
-2.39000000E+01	3.80000000E+00	5.00000000E+00	-1.50000000E-09	-4.49224657E+00	9.42037116E+00	-5.79891170E+00
-1.78000000E+01	3.80000000E+00	5.00000000E+00	-1.50000000E-09	-5.20394896E+00	9.42037116E+00	-5.79891170E+00
-1.17000000E+01	3.80000000E+00	5.00000000E+00	-1.50000000E-09	-5.86511434E+00	9.42037116E+00	-5.79891170E+00
-5.60000000E+00	3.80000000E+00	5.00000000E+00	-1.50000000E-09	-6.32139014E+00	9.42037116E+00	-5.79891170E+00
5.00000000E-01	3.80000000E+00	5.00000000E+00	-1.50000000E-09	-6.46625635E+00	9.42037116E+00	-5.79891170E+00
6.60000000E+00	3.80000000E+00	5.00000000E+00	-1.50000000E-09	-6.26589319E+00	9.42037116E+00	-5.79891170E+00
1.27000000E+01	3.80000000E+00	5.00000000E+00	-1.50000000E-09	-5.76707650E+00	9.42037116E+00	-5.79891170E+00
1.88000000E+01	3.80000000E+00	5.00000000E+00	-1.50000000E-09	-5.08625768E+00	9.42037116E+00	-5.79891170E+00
2.49000000E+01	3.80000000E+00	5.00000000E+00	-1.50000000E-09	-4.38237750E+00	9.42037116E+00	-5.79891170E+00
-3.00000000E+01	1.10000000E+01	5.00000000E+00	-1.50000000E-09	-2.36537699E+00	9.27749306E+00	-5.79891170E+00
-2.39000000E+01	1.10000000E+01	5.00000000E+00	-1.50000000E-09	-3.79759409E+00	9.27749306E+00	-5.79891170E+00
-1.78000000E+01	1.10000000E+01	5.00000000E+00	-1.50000000E-09	-5.50759518E+00	9.27749306E+00	-5.79891170E+00
-1.17000000E+01	1.10000000E+01	5.00000000E+00	-1.50000000E-09	-7.09617145E+00	9.27749306E+00	-5.79891170E+00
-5.60000000E+00	1.10000000E+01	5.00000000E+00	-1.50000000E-09	-8.19246131E+00	9.27749306E+00	-5.79891170E+00
5.00000000E-01	1.10000000E+01	5.00000000E+00	-1.50000000E-09	-8.54053009E+00	9.27749306E+00	-5.79891170E+00
6.60000000E+00	1.10000000E+01	5.00000000E+00	-1.50000000E-09	-8.05911927E+00	9.27749306E+00	-5.79891170E+00
1.27000000E+01	1.10000000E+01	5.00000000E+00	-1.50000000E-09	-6.86061678E+00	9.27749306E+00	-5.79891170E+00
1.88000000E+01	1.10000000E+01	5.00000000E+00	-1.50000000E-09	-5.22481937E+00	9.27749306E+00	-5.79891170E+00
2.49000000E+01	1.10000000E+01	5.00000000E+00	-1.50000000E-09	-3.53361265E+00	9.27749306E+00	-5.79891170E+00
-3.00000000E+01	1.82000000E+01	5.00000000E+00	-1.50000000E-09	-2.13617549E+00	1.04637404E+01	-5.79891170E+00
-2.39000000E+01	1.82000000E+01	5.00000000E+00	-1.50000000E-09	-3.69358482E+00	1.04637404E+01	-5.79891170E+00
-1.78000000E+01	1.82000000E+01	5.00000000E+00	-1.50000000E-09	-5.55305967E+00	1.04637404E+01	-5.79891170E+00
-1.17000000E+01	1.82000000E+01	5.00000000E+00	-1.50000000E-09	-7.28049576E+00	1.04637404E+01	-5.79891170E+00
-5.60000000E+00	1.82000000E+01	5.00000000E+00	-1.50000000E-09	-8.47261397E+00	1.04637404E+01	-5.79891170E+00
5.00000000E-01	1.82000000E+01	5.00000000E+00	-1.50000000E-09	-8.85110795E+00	1.04637404E+01	-5.79891170E+00
6.60000000E+00	1.82000000E+01	5.00000000E+00	-1.50000000E-09	-8.32761630E+00	1.04637404E+01	-5.79891170E+00
1.27000000E+01	1.82000000E+01	5.00000000E+00	-1.50000000E-09	-7.02435091E+00	1.04637404E+01	-5.79891170E+00
1.88000000E+01	1.82000000E+01	5.00000000E+00	-1.50000000E-09	-5.24556600E+00	1.04637404E+01	-5.79891170E+00
2.49000000E+01	1.82000000E+01	5.00000000E+00	-1.50000000E-09	-3.40652837E+00	1.04637404E+01	-5.79891170E+00
-3.00000000E+01	-2.50000000E+01	1.30000000E+01	-1.50000000E-09	-1.47282513E+01	2.44815637E+01	-1.23877977E+01
-2.39000000E+01	-2.50000000E+01	1.30000000E+01	-1.50000000E-09	-1.37664751E+01	2.44815637E+01	-1.23877977E+01
-1.78000000E+01	-2.50000000E+01	1.30000000E+01	-1.50000000E-09	-1.26181587E+01	2.44815637E+01	-1.23877977E+01
-1.17000000E+01	-2.50000000E+01	1.30000000E+01	-1.50000000E-09	-1.15513826E+01	2.44815637E+01	-1.23877977E+01
-5.60000000E+00	-2.50000000E+01	1.30000000E+01	-1.50000000E-09	-1.08151915E+01	2.44815637E+01	-1.23877977E+01
5.00000000E-01	-2.50000000E+01	1.30000000E+01	-1.50000000E-09	-1.05814530E+01	2.44815637E+01	-1.23877977E+01
6.60000000E+00	-2.50000000E+01	1.30000000E+01	-1.50000000E-09	-1.09047347E+01	2.44815637E+01	-1.23877977E+01
1.27000000E+01	-2.50000000E+01	1.30000000E+01	-1.50000000E-09	-1.17095646E+01	2.44815637E+01	-1.23877977E+01
1.88000000E+01	-2.50000000E+01	1.30000000E+01	-1.50000000E-09	-1.28080510E+01	2.44815637E+01	-1.23877977E+01
2.49000000E+01	-2.50000000E+01	1.30000000E+01	-1.50000000E-09	-1.39437464E+01	2.44815637E+01	-1.23877977E+01
-3.00000000E+01	-1.78000000E+01	1.30000000E+01	-1.50000000E-09	-1.58454713E+01	2.55250043E+01	-1.23877977E+01
-2.39000000E+01	-1.78000000E+01	1.30000000E+01	-1.50000000E-09	-1.42734579E+01	2.55250043E+01	-1.23877977E+01
-1.78000000E+01	-1.78000000E+01	1.30000000E+01	-1.50000000E-09	-1.23965465E+01	2.55250043E+01	-1.23877977E+01
-1.17000000E+01	-1.78000000E+01	1.30000000E+01	-1.50000000E-09	-1.06529120E+01	2.55250043E+01	-1.23877977E+01
-5.60000000E+00	-1.78000000E+01	1.30000000E+01	-1.50000000E-09	-9.44961514E+00	2.55250043E+01	-1.23877977E+01
5.00000000E-01	-1.78000000E+01	1.30000000E+01	-1.50000000E-09	-9.06757195E+00	2.55250043E+01	-1.23877977E+01
6.60000000E+00	-1.78000000E+01	1.30000000E+01	-1.50000000E-09	-9.59597247E+00	2.55250043E+01	-1.23877977E+01
1.27000000E+01	-1.78000000E+01	1.30000000E+01	-1.50000000E-09	-1.09114588E+01	2.55250043E+01	-1.23877977E+01
1.88000000E+01	-1.78000000E+01	1.30000000E+01	-1.50000000E-09	-1.27069236E+01	2.55250043E+01	-1.23877977E+01
2.49000000E+01	-1.78000000E+01	1.30000000E+01	-1.50000000E-09	-1.45632062E+01	2.55250043E+01	-1.23877977E+01
-3.00000000E+01	-1.06000000E+01	1.30000000E+01	-1.50000000E-09	-1.55340670E+01	2.66663008E+01	-1.23877977E+01
-2.39000000E+01	-1.06000000E+01	1.30000000E+01	-1.50000000E-09	-1.41321459E+01	2.66663008E+01	-1.23877977E+01
-1.78000000E+01	-1.06000000E+01	1.30000000E+01	-1.50000000E-09	-1.24583168E+01	2.66663008E+01	-1.23877977E+01
-1.17000000E+01	-1.06000000E+01	1.30000000E+01	-1.50000000E-09	-1.09033440E+01	2.66663008E+01	-1.23877977E+01
-5.60000000E+00	-1.06000000E+01	1.30000000E+01	-1.50000000E-09	-9.83024413E+00	2.66663008E+01	-1.23877977E+01
5.00000000E-01	-1.06000000E+01	1.30000000E+01	-1.50000000E-09	-9.48953812E+00	2.66663008E+01	-1.23877977E+01
6.60000000E+00	-1.06000000E+01	1.30000000E+01	-1.50000000E-09	-9.96076556E+00	2.66663008E+01	-1.23877977E+01
1.27000000E+01	-1.06000000E+01	1.30000000E+01	-1.50000000E-09	-1.11339159E+01	2.66663008E+01	-1.23877977E+01
1.88000000E+01	-1.06000000E+01	1.30000000E+01	-1.50000000E-09	-1.27351110E+01	2.66663008E+01	-1.23877977E+01
2.49000000E+01	-1.06000000E+01	1.30000000E+01	-1.50000000E-09	-1.43905433E+01	2.66663008E+01	-1.23877977E+01
-3.00000000E+01	-3.40000000E+00	1.30000000E+01	-1.50000000E-09	-1.39486159E+01	2.64401587E+01	-1.23877977E+01
-2.39000000E+01	-3.40000000E+00	1.30000000E+01	-1.50000000E-09	-1.34126846E+01	2.64401587E+01	-1.23877977E+01
-1.78000000E+01	-3.40000000E+00	1.30000000E+01	-1.50000000E-09	-1.27728074E+01	2.64401587E+01	-1.23877977E+01
-1.17000000E+01	-3.40000000E+00	1.30000000E+01	-1.50000000E-09	-1.21783670E+01	2.64401587E+01	-1.23877977E+01
-5.60000000E+00	-3.40000000E+00	1.30000000E+01	-1.50000000E-09	-1.17681386E+01	2.64401587E+01	-1.23877977E+01
5.00000000E-01	-3.40000000E+00	1.30000000E+01	-1.50000000E-09	-1.16378924E+01	2.64401587E+01	-1.23877977E+01
6.60000000E+00	-3.40000000E+00	1.30000000E+01	-1.50000000E-09	-1.18180348E+01	2.64401587E+01	-1.23877977E+01
1.27000000E+01	-3.40000000E+00	1.30000000E+01	-1.50000000E-09	-1.22665108E+01	2.64401587E+01	-1.23877977E+01
1.88000000E+01	-3.40000000E+00	1.30000000E+01	-1.50000000E-09	-1.28786213E+01	2.64401587E+01	-1.23877977E+01
2.49000000E+01	-3.40000000E+00	1.30000000E+01	-1.50000000E-09	-1.35114657E+01	2.64401587E+01	-1.23877977E+01
-3.00000000E+01	3.80000000E+00	1.30000000E+01	-1.50000000E-09	-1.18761178E+01	2.53802909E+01	-1.23877977E+01
-2.39000000E+01	3.80000000E+00	1.30000000E+01	-1.50000000E-09	-1.24722065E+01	2.53802909E+01	-1.23877977E+01
-1.78000000E+01	3.80000000E+00	1.30000000E+01	-1.50000000E-09	-1.31839089E+01	2.53802909E+01	-1.23877977E+01
-1.17000000E+01	3.80000000E+00	1.30000000E+01	-1.50000000E-09	-1.38450742E+01	2.53802909E+01	-1.23877977E+01
-5.60000000E+00	3.80000000E+00	1.30000000E+01	-1.50000000E-09	-1.43013500E+01	2.53802909E+01	-1.23877977E+01
5.00000000E-01	3.80000000E+00	1.30000000E+01	-1.50000000E-09	-1.44462162E+01	2.53802909E+01	-1.23877977E+01
6.60000000E+00	3.80000000E+00	1.30000000E+01	-1.50000000E-09	-1.42458531E+01	2.53802909E+01	-1.23877977E+01
1.27000000E+01	3.80000000E+00	1.30000000E+01	-1.50000000E-09	-1.37470364E+01	2.53802909E+01	-1.23877977E+01
1.88000000E+01	3.80000000E+00	1.30000000E+01	-1.50000000E-09	-1.30662176E+01	2.53802909E+01	-1.23877977E+01
2.49000000E+01	3.80000000E+00	1.30000000E+01	-1.50000000E-09	-1.23623374E+01	2.53802909E+01	-1.23877977E+01
-3.00000000E+01	1.10000000E+01	1.30000000E+01	-1.50000000E-09	-1.03453369E+01	2.52374128E+01	-1.23877977E+01
-2.39000000E+01	1.10000000E+01	1.30000000E+01	-1.50000000E-09	-1.17775540E+01	2.52374128E+01	-1.23877977E+01
-1.78000000E+01	1.10000000E+01	1.30000000E+01	-1.50000000E-09	-1.34875551E+01	2.52374128E+01	-1.23877977E+01
-1.17000000E+01	1.10000000E+01	1.30000000E+01	-1.50000000E-09	-1.50761313E+01	2.52374128E+01	-1.23877977E+01
-5.60000000E+00	1.10000000E+01	1.30000000E+01	-1.50000000E-09	-1.61724212E+01	2.52374128E+01	-1.23877977E+01
5.00000000E-01	1.10000000E+01	1.30000000E+01	-1.50000000E-09	-1.65204900E+01	2.52374128E+01	-1.23877977E+01
6.60000000E+00	1.10000000E+01	1.30000000E+01	-1.50000000E-09	-1.60390792E+01	2.52374128E+01	-1.23877977E+01
1.27000000E+01	1.10000000E+01	1.30000000E+01	-1.50000000E-09	-1.48405767E+01	2.52374128E+01	-1.23877977E+01
1.88000000E+01	1.10000000E+01	1.30000000E+01	-1.50000000E-09	-1.32047793E+01	2.52374128E+01	-1.23877977E+01
2.49000000E+01	1.10000000E+01	1.30000000E+01	-1.50000000E-09	-1.15135725E+01	2.52374128E+01	-1.23877977E+01
-3.00000000E+01	1.82000000E+01	1.30000000E+01	-1.50000000E-09	-1.01161354E+01	2.64236602E+01	-1.23877977E+01
-2.39000000E+01	1.82000000E+01	1.30000000E+01	-1.50000000E-09	-1.16735447E+01	2.64236602E+01	-1.23877977E+01
-1.78000000E+01	1.82000000E+01	1.30000000E+01	-1.50000000E-09	-1.35330196E+01	2.64236602E+01	-1.23877977E+01
-1.17000000E+01	1.82000000E+01	1.30000000E+01	-1.50000000E-09	-1.52604557E+01	2.64236602E+01	-1.23877977E+01
-5.60000000E+00	1.82000000E+01	1.30000000E+01	-1.50000000E-09	-1.64525739E+01	2.64236602E+01	-1.23877977E+01
5.00000000E-01	1.82000000E+01	1.30000000E+01	-1.50000000E-09	-1.68310678E+01	2.64236602E+01	-1.23877977E+01
6.60000000E+00	1.82000000E+01	1.30000000E+01	-1.50000000E-09	-1.63075762E+01	2.64236602E+01	-1.23877977E+01
1.27000000E+01	1.82000000E+01	1.30000000E+01	-1.50000000E-09	-1.50043108E+01	2.64236602E+01	-1.23877977E+01
1.88000000E+01	1.82000000E+01	1.30000000E+01	-1.50000000E-09	-1.32255259E+01	2.64236602E+01	-1.23877977E+01
2.49000000E+01	1.82000000E+01	1.30000000E+01	-1.50000000E-09	-1.13864883E+01	2.64236602E+01	-1.23877977E+01
-3.00000000E+01	-2.50000000E+01	2.10000000E+01	-1.50000000E-09	-2.27082112E+01	4.04414835E+01	-1.25073806E+01
-2.39000000E+01	-2.50000000E+01	2.10000000E+01	-1.50000000E-09	-2.17464350E+01	4.04414835E+01	-1.25073806E+01
-1.78000000E+01	-2.50000000E+01	2.10000000E+01	-1.50000000E-09	-2.05981186E+01	4.04414835E+01	-1.25073806E+01
-1.17000000E+01	-2.50000000E+01	2.10000000E+01	-1.50000000E-09	-1.95313425E+01	4.04414835E+01	-1.25073806E+01
-5.60000000E+00	-2.50000000E+01	2.10000000E+01	-1.50000000E-09	-1.87951514E+01	4.04414835E+01	-1.25073806E+01
5.00000000E-01	-2.50000000E+01	2.10000000E+01	-1.50000000E-09	-1.85614129E+01	4.04414835E+01	-1.25073806E+01
6.60000000E+00	-2.50000000E+01	2.10000000E+01	-1.50000000E-09	-1.88846945E+01	4.04414835E+01	-1.25073806E+01
1.27000000E+01	-2.50000000E+01	2.10000000E+01	-1.50000000E-09	-1.96895245E+01	4.04414835E+01	-1.25073806E+01
1.88000000E+01	-2.50000000E+01	2.10000000E+01	-1.50000000E-09	-2.07880109E+01	4.04414835E+01	-1.25073806E+01
2.49000000E+01	-2.50000000E+01	2.10000000E+01	-1.50000000E-09	-2.19237063E+01	4.04414835E+01	-1.25073806E+01
-3.00000000E+01	-1.78000000E+01	2.10000000E+01	-1.50000000E-09	-2.38254312E+01	4.14849241E+01	-1.25073806E+01
-2.39000000E+01	-1.78000000E+01	2.10000000E+01	-1.50000000E-09	-2.22534178E+01	4.14849241E+01	-1.25073806E+01
-1.78000000E+01	-1.78000000E+01	2.10000000E+01	-1.50000000E-09	-2.03765064E+01	4.14849241E+01	-1.25073806E+01
-1.17000000E+01	-1.78000000E+01	2.10000000E+01	-1.50000000E-09	-1.86328719E+01	4.14849241E+01	-1.25073806E+01
-5.60000000E+00	-1.78000000E+01	2.10000000E+01	-1.50000000E-09	-1.74295750E+01	4.14849241E+01	-1.25073806E+01
5.00000000E-01	-1.78000000E+01	2.10000000E+01	-1.50000000E-09	-1.70475318E+01	4.14849241E+01	-1.25073806E+01
6.60000000E+00	-1.78000000E+01	2.10000000E+01	-1.50000000E-09	-1.75759324E+01	4.14849241E+01	-1.25073806E+01
1.27000000E+01	-1.78000000E+01	2.10000000E+01	-1.50000000E-09	-1.88914187E+01	4.14849241E+01	-1.25073806E+01
1.88000000E+01	-1.78000000E+01	2.10000000E+01	-1.50000000E-09	-2.06868835E+01	4.14849241E+01	-1.25073806E+01
2.49000000E+01	-1.78000000E+01	2.10000000E+01	-1.50000000E-09	-2.25431661E+01	4.14849241E+01	-1.25073806E+01
-3.00000000E+01	-1.06000000E+01	2.10000000E+01	-1.50000000E-09	-2.35140269E+01	4.26262206E+01	-1.25073806E+01
-2.39000000E+01	-1.06000000E+01	2.10000000E+01	-1.50000000E-09	-2.21121058E+01	4.26262206E+01	-1.25073806E+01
-1.78000000E+01	-1.06000000E+01	2.10000000E+01	-1.50000000E-09	-2.04382767E+01	4.26262206E+01	-1.25073806E+01
-1.17000000E+01	-1.06000000E+01	2.10000000E+01	-1.50000000E-09	-1.88833039E+01	4.26262206E+01	-1.25073806E+01
-5.60000000E+00	-1.06000000E+01	2.10000000E+01	-1.50000000E-09	-1.78102040E+01	4.26262206E+01	-1.25073806E+01
5.00000000E-01	-1.06000000E+01	2.10000000E+01	-1.50000000E-09	-1.74694980E+01	4.26262206E+01	-1.25073806E+01
6.60000000E+00	-1.06000000E+01	2.10000000E+01	-1.50000000E-09	-1.79407255E+01	4.26262206E+01	-1.25073806E+01
1.27000000E+01	-1.06000000E+01	2.10000000E+01	-1.50000000E-09	-1.91138758E+01	4.26262206E+01	-1.25073806E+01
1.88000000E+01	-1.06000000E+01	2.10000000E+01	-1.50000000E-09	-2.07150709E+01	4.26262206E+01	-1.25073806E+01
2.49000000E+01	-1.06000000E+01	2.10000000E+01	-1.50000000E-09	-2.23705032E+01	4.26262206E+01	-1.25073806E+01
-3.00000000E+01	-3.40000000E+00	2.10000000E+01	-1.50000000E-09	-2.19285758E+01	4.24000785E+01	-1.25073806E+01
-2.39000000E+01	-3.40000000E+00	2.10000000E+01	-1.50000000E-09	-2.13926445E+01	4.24000785E+01	-1.25073806E+01
-1.78000000E+01	-3.40000000E+00	2.10000000E+01	-1.50000000E-09	-2.07527673E+01	4.24000785E+01	-1.25073806E+01
-1.17000000E+01	-3.40000000E+00	2.10000000E+01	-1.50000000E-09	-2.01583269E+01	4.24000785E+01	-1.25073806E+01
-5.60000000E+00	-3.40000000E+00	2.10000000E+01	-1.50000000E-09	-1.97480985E+01	4.24000785E+01	-1.25073806E+01
5.00000000E-01	-3.40000000E+00	2.10000000E+01	-1.50000000E-09	-1.96178523E+01	4.24000785E+01	-1.25073806E+01
6.60000000E+00	-3.40000000E+00	2.10000000E+01	-1.50000000E-09	-1.97979947E+01	4.24000785E+01	-1.25073806E+01
1.27000000E+01	-3.40000000E+00	2.10000000E+01	-1.50000000E-09	-2.02464707E+01	4.24000785E+01	-1.25073806E+01
1.88000000E+01	-3.40000000E+00	2.10000000E+01	-1.50000000E-09	-2.08585811E+01	4.24000785E+01	-1.25073806E+01
2.49000000E+01	-3.40000000E+00	2.10000000E+01	-1.50000000E-09	-2.14914256E+01	4.24000785E+01	-1.25073806E+01
-3.00000000E+01	3.80000000E+00	2.10000000E+01	-1.50000000E-09	-1.98560777E+01	4.13402107E+01	-1.25073806E+01
-2.39000000E+01	3.80000000E+00	2.10000000E+01	-1.50000000E-09	-2.04521664E+01	4.13402107E+01	-1.25073806E+01
-1.78000000E+01	3.80000000E+00	2.10000000E+01	-1.50000000E-09	-2.11638687E+01	4.13402107E+01	-1.25073806E+01
-1.17000000E+01	3.80000000E+00	2.10000000E+01	-1.50000000E-09	-2.18250341E+01	4.13402107E+01	-1.25073806E+01
-5.60000000E+00	3.80000000E+00	2.10000000E+01	-1.50000000E-09	-2.22813099E+01	4.13402107E+01	-1.25073806E+01
5.00000000E-01	3.80000000E+00	2.10000000E+01	-1.50000000E-09	-2.24261761E+01	4.13402107E+01	-1.25073806E+01
6.60000000E+00	3.80000000E+00	2.10000000E+01	-1.50000000E-09	-2.22258130E+01	4.13402107E+01	-1.25073806E+01
1.27000000E+01	3.80000000E+00	2.10000000E+01	-1.50000000E-09	-2.17269963E+01	4.13402107E+01	-1.25073806E+01
1.88000000E+01	3.80000000E+00	2.10000000E+01	-1.50000000E-09	-2.10461775E+01	4.13402107E+01	-1.25073806E+01
2.49000000E+01	3.80000000E+00	2.10000000E+01	-1.50000000E-09	-2.03422973E+01	4.13402107E+01	-1.25073806E+01
-3.00000000E+01	1.10000000E+01	2.10000000E+01	-1.50000000E-09	-1.83252968E+01	4.11973326E+01	-1.25073806E+01
-2.39000000E+01	1.10000000E+01	2.10000000E+01	-1.50000000E-09	-1.97575139E+01	4.11973326E+01	-1.25073806E+01
-1.78000000E+01	1.10000000E+01	2.10000000E+01	-1.50000000E-09	-2.14675150E+01	4.11973326E+01	-1.25073806E+01
-1.17000000E+01	1.10000000E+01	2.10000000E+01	-1.50000000E-09	-2.30560912E+01	4.11973326E+01	-1.25073806E+01
-5.60000000E+00	1.10000000E+01	2.10000000E+01	-1.50000000E-09	-2.41523811E+01	4.11973326E+01	-1.25073806E+01
5.00000000E-01	1.10000000E+01	2.10000000E+01	-1.50000000E-09	-2.45004499E+01	4.11973326E+01	-1.25073806E+01
6.60000000E+00	1.10000000E+01	2.10000000E+01	-1.50000000E-09	-2.40190391E+01	4.11973326E+01	-1.25073806E+01
1.27000000E+01	1.10000000E+01	2.10000000E+01	-1.50000000E-09	-2.28205366E+01	4.11973326E+01	-1.25073806E+01
1.88000000E+01	1.10000000E+01	2.10000000E+01	-1.50000000E-09	-2.11847392E+01	4.11973326E+01	-1.25073806E+01
2.49000000E+01	1.10000000E+01	2.10000000E+01	-1.50000000E-09	-1.94935324E+01	4.11973326E+01	-1.25073806E+01
-3.00000000E+01	1.82000000E+01	2.10000000E+01	-1.50000000E-09	-1.80960953E+01	4.23835800E+01	-1.25073806E+01
-2.39000000E+01	1.82000000E+01	2.10000000E+01	-1.50000000E-09	-1.96535046E+01	4.23835800E+01	-1.25073806E+01
-1.78000000E+01	1.82000000E+01	2.10000000E+01	-1.50000000E-09	-2.15129795E+01	4.23835800E+01	-1.25073806E+01
-1.17000000E+01	1.82000000E+01	2.10000000E+01	-1.50000000E-09	-2.32404155E+01	4.23835800E+01	-1.25073806E+01
-5.60000000E+00	1.82000000E+01	2.10000000E+01	-1.50000000E-09	-2.44325338E+01	4.23835800E+01	-1.25073806E+01
5.00000000E-01	1.82000000E+01	2.10000000E+01	-1.50000000E-09	-2.48110277E+01	4.23835800E+01	-1.25073806E+01
6.60000000E+00	1.82000000E+01	2.10000000E+01	-1.50000000E-09	-2.42875361E+01	4.23835800E+01	-1.25073806E+01
1.27000000E+01	1.82000000E+01	2.10000000E+01	-1.50000000E-09	-2.29842707E+01	4.23835800E+01	-1.25073806E+01
1.88000000E+01	1.82000000E+01	2.10000000E+01	-1.50000000E-09	-2.12054858E+01	4.23835800E+01	-1.25073806E+01
2.49000000E+01	1.82000000E+01	2.10000000E+01	-1.50000000E-09	-1.93664482E+01	4.23835800E+01	-1.25073806E+01
-3.00000000E+01	-2.50000000E+01	2.90000000E+01	-1.50000000E-09	-3.06881711E+01	5.64014033E+01	-4.18299161E+00
-2.39000000E+01	-2.50000000E+01	2.90000000E+01	-1.50000000E-09	-2.97263948E+01	5.64014033E+01	-4.18299161E+00
-1.78000000E+01	-2.50000000E+01	2.90000000E+01	-1.50000000E-09	-2.85780785E+01	5.64014033E+01	-4.18299161E+00
-1.17000000E+01	-2.50000000E+01	2.90000000E+01	-1.50000000E-09	-2.75113024E+01	5.64014033E+01	-4.18299161E+00
-5.60000000E+00	-2.50000000E+01	2.90000000E+01	-1.50000000E-09	-2.67751113E+01	5.64014033E+01	-4.18299161E+00
5.00000000E-01	-2.50000000E+01	2.90000000E+01	-1.50000000E-09	-2.65413728E+01	5.64014033E+01	-4.18299161E+00
6.60000000E+00	-2.50000000E+01	2.90000000E+01	-1.50000000E-09	-2.68646544E+01	5.64014033E+01	-4.18299161E+00
1.27000000E+01	-2.50000000E+01	2.90000000E+01	-1.50000000E-09	-2.76694844E+01	5.64014033E+01	-4.18299161E+00
1.88000000E+01	-2.50000000E+01	2.90000000E+01	-1.50000000E-09	-2.87679708E+01	5.64014033E+01	-4.18299161E+00
2.49000000E+01	-2.50000000E+01	2.90000000E+01	-1.50000000E-09	-2.99036662E+01	5.64014033E+01	-4.18299161E+00
-3.00000000E+01	-1.78000000E+01	2.90000000E+01	-1.50000000E-09	-3.18053911E+01	5.74448438E+01	-4.18299161E+00
-2.39000000E+01	-1.78000000E+01	2.90000000E+01	-1.50000000E-09	-3.02333777E+01	5.74448438E+01	-4.18299161E+00
-1.78000000E+01	-1.78000000E+01	2.90000000E+01	-1.50000000E-09	-2.83564663E+01	5.74448438E+01	-4.18299161E+00
-1.17000000E+01	-1.78000000E+01	2.90000000E+01	-1.50000000E-09	-2.66128318E+01	5.74448438E+01	-4.18299161E+00
-5.60000000E+00	-1.78000000E+01	2.90000000E+01	-1.50000000E-09	-2.54095349E+01	5.74448438E+01	-4.18299161E+00
5.00000000E-01	-1.78000000E+01	2.90000000E+01	-1.50000000E-09	-2.50274917E+01	5.74448438E+01	-4.18299161E+00
6.60000000E+00	-1.78000000E+01	2.90000000E+01	-1.50000000E-09	-2.55558923E+01	5.74448438E+01	-4.18299161E+00
1.27000000E+01	-1.78000000E+01	2.90000000E+01	-1.50000000E-09	-2.68713786E+01	5.74448438E+01	-4.18299161E+00
1.88000000E+01	-1.78000000E+01	2.90000000E+01	-1.50000000E-09	-2.86668434E+01	5.74448438E+01	-4.18299161E+00
2.49000000E+01	-1.78000000E+01	2.90000000E+01	-1.50000000E-09	-3.05231259E+01	5.74448438E+01	-4.18299161E+00
-3.00000000E+01	-1.06000000E+01	2.90000000E+01	-1.50000000E-09	-3.14939868E+01	5.85861404E+01	-4.18299161E+00
-2.39000000E+01	-1.06000000E+01	2.90000000E+01	-1.50000000E-09	-3.00920657E+01	5.85861404E+01	-4.18299161E+00
-1.78000000E+01	-1.06000000E+01	2.90000000E+01	-1.50000000E-09	-2.84182366E+01	5.85861404E+01	-4.18299161E+00
-1.17000000E+01	-1.06000000E+01	2.90000000E+01	-1.50000000E-09	-2.68632638E+01	5.85861404E+01	-4.18299161E+00
-5.60000000E+00	-1.06000000E+01	2.90000000E+01	-1.50000000E-09	-2.57901639E+01	5.85861404E+01	-4.18299161E+00
5.00000000E-01	-1.06000000E+01	2.90000000E+01	-1.50000000E-09	-2.54494579E+01	5.85861404E+01	-4.18299161E+00
6.60000000E+00	-1.06000000E+01	2.90000000E+01	-1.50000000E-09	-2.59206853E+01	5.85861404E+01	-4.18299161E+00
1.27000000E+01	-1.06000000E+01	2.90000000E+01	-1.50000000E-09	-2.70938357E+01	5.85861404E+01	-4.18299161E+00
1.88000000E+01	-1.06000000E+01	2.90000000E+01	-1.50000000E-09	-2.86950308E+01	5.85861404E+01	-4.18299161E+00
2.49000000E+01	-1.06000000E+01	2.90000000E+01	-1.50000000E-09	-3.03504631E+01	5.85861404E+01	-4.18299161E+00
-3.00000000E+01	-3.40000000E+00	2.90000000E+01	-1.50000000E-09	-2.99085357E+01	5.83599983E+01	-4.18299161E+00
-2.39000000E+01	-3.40000000E+00	2.90000000E+01	-1.50000000E-09	-2.93726044E+01	5.83599983E+01	-4.18299161E+00
-1.78000000E+01	-3.40000000E+00	2.90000000E+01	-1.50000000E-09	-2.87327272E+01	5.83599983E+01	-4.18299161E+00
-1.17000000E+01	-3.40000000E+00	2.90000000E+01	-1.50000000E-09	-2.81382868E+01	5.83599983E+01	-4.18299161E+00
-5.60000000E+00	-3.40000000E+00	2.90000000E+01	-1.50000000E-09	-2.77280584E+01	5.83599983E+01	-4.18299161E+00
5.00000000E-01	-3.40000000E+00	2.90000000E+01	-1.50000000E-09	-2.75978121E+01	5.83599983E+01	-4.18299161E+00
6.60000000E+00	-3.40000000E+00	2.90000000E+01	-1.50000000E-09	-2.77779546E+01	5.83599983E+01	-4.18299161E+00
1.27000000E+01	-3.40000000E+00	2.90000000E+01	-1.50000000E-09	-2.82264306E+01	5.83599983E+01	-4.18299161E+00
1.88000000E+01	-3.40000000E+00	2.90000000E+01	-1.50000000E-09	-2.88385410E+01	5.83599983E+01	-4.18299161E+00
2.49000000E+01	-3.40000000E+00	2.90000000E+01	-1.50000000E-09	-2.94713855E+01	5.83599983E+01	-4.18299161E+00
-3.00000000E+01	3.80000000E+00	2.90000000E+01	-1.50000000E-09	-2.78360375E+01	5.73001305E+01	-4.18299161E+00
-2.39000000E+01	3.80000000E+00	2.90000000E+01	-1.50000000E-09	-2.84321262E+01	5.73001305E+01	-4.18299161E+00
-1.78000000E+01	3.80000000E+00	2.90000000E+01	-1.50000000E-09	-2.91438286E+01	5.73001305E+01	-4.18299161E+00
-1.17000000E+01	3.80000000E+00	2.90000000E+01	-1.50000000E-09	-2.98049940E+01	5.73001305E+01	-4.18299161E+00
-5.60000000E+00	3.80000000E+00	2.90000000E+01	-1.50000000E-09	-3.02612698E+01	5.73001305E+01	-4.18299161E+00
5.00000000E-01	3.80000000E+00	2.90000000E+01	-1.50000000E-09	-3.04061360E+01	5.73001305E+01	-4.18299161E+00
6.60000000E+00	3.80000000E+00	2.90000000E+01	-1.50000000E-09	-3.02057729E+01	5.73001305E+01	-4.18299161E+00
1.27000000E+01	3.80000000E+00	2.90000000E+01	-1.50000000E-09	-2.97069562E+01	5.73001305E+01	-4.18299161E+00
1.88000000E+01	3.80000000E+00	2.90000000E+01	-1.50000000E-09	-2.90261374E+01	5.73001305E+01	-4.18299161E+00
2.49000000E+01	3.80000000E+00	2.90000000E+01	-1.50000000E-09	-2.83222572E+01	5.73001305E+01	-4.18299161E+00
-3.00000000E+01	1.10000000E+01	2.90000000E+01	-1.50000000E-09	-2.63052567E+01	5.71572524E+01	-4.18299161E+00
-2.39000000E+01	1.10000000E+01	2.90000000E+01	-1.50000000E-09	-2.77374738E+01	5.71572524E+01	-4.18299161E+00
-1.78000000E+01	1.10000000E+01	2.90000000E+01	-1.50000000E-09	-2.94474749E+01	5.71572524E+01	-4.18299161E+00
-1.17000000E+01	1.10000000E+01	2.90000000E+01	-1.50000000E-09	-3.10360511E+01	5.71572524E+01	-4.18299161E+00
-5.60000000E+00	1.10000000E+01	2.90000000E+01	-1.50000000E-09	-3.21323410E+01	5.71572524E+01	-4.18299161E+00
5.00000000E-01	1.10000000E+01	2.90000000E+01	-1.50000000E-09	-3.24804098E+01	5.71572524E+01	-4.18299161E+00
6.60000000E+00	1.10000000E+01	2.90000000E+01	-1.50000000E-09	-3.19989990E+01	5.71572524E+01	-4.18299161E+00
1.27000000E+01	1.10000000E+01	2.90000000E+01	-1.50000000E-09	-3.08004965E+01	5.71572524E+01	-4.18299161E+00
1.88000000E+01	1.10000000E+01	2.90000000E+01	-1.50000000E-09	-2.91646990E+01	5.71572524E+01	-4.18299161E+00
2.49000000E+01	1.10000000E+01	2.90000000E+01	-1.50000000E-09	-2.74734923E+01	5.71572524E+01	-4.18299161E+00
-3.00000000E+01	1.82000000E+01	2.90000000E+01	-1.50000000E-09	-2.60760552E+01	5.83434997E+01	-4.18299161E+00
-2.39000000E+01	1.82000000E+01	2.90000000E+01	-1.50000000E-09	-2.76334645E+01	5.83434997E+01	-4.18299161E+00
-1.78000000E+01	1.82000000E+01	2.90000000E+01	-1.50000000E-09	-2.94929394E+01	5.83434997E+01	-4.18299161E+00
-1.17000000E+01	1.82000000E+01	2.90000000E+01	-1.50000000E-09	-3.12203754E+01	5.83434997E+01	-4.18299161E+00
-5.60000000E+00	1.82000000E+01	2.90000000E+01	-1.50000000E-09	-3.24124936E+01	5.83434997E+01	-4.18299161E+00
5.00000000E-01	1.82000000E+01	2.90000000E+01	-1.50000000E-09	-3.27909876E+01	5.83434997E+01	-4.18299161E+00
6.60000000E+00	1.82000000E+01	2.90000000E+01	-1.50000000E-09	-3.22674960E+01	5.83434997E+01	-4.18299161E+00
1.27000000E+01	1.82000000E+01	2.90000000E+01	-1.50000000E-09	-3.09642306E+01	5.83434997E+01	-4.18299161E+00
1.88000000E+01	1.82000000E+01	2.90000000E+01	-1.50000000E-09	-2.91854457E+01	5.83434997E+01	-4.18299161E+00
2.49000000E+01	1.82000000E+01	2.90000000E+01	-1.50000000E-09	-2.73464080E+01	5.83434997E+01	-4.18299161E+00
-3.00000000E+01	-2.50000000E+01	-3.50000000E+01	-1.00000000E-09	2.79660876E+01	-6.01289548E+01	-6.29953313E+00
-2.39000000E+01	-2.50000000E+01	-3.50000000E+01	-1.00000000E-09	2.87774268E+01	-6.01289548E+01	-6.29953313E+00
-1.78000000E+01	-2.50000000E+01	-3.50000000E+01	-1.00000000E-09	2.97461283E+01	-6.01289548E+01	-6.29953313E+00
-1.17000000E+01	-2.50000000E+01	-3.50000000E+01	-1.00000000E-09	3.06460437E+01	-6.01289548E+01	-6.29953313E+00
-5.60000000E+00	-2.50000000E+01	-3.50000000E+01	-1.00000000E-09	3.12670829E+01	-6.01289548E+01	-6.29953313E+00
5.00000000E-01	-2.50000000E+01	-3.50000000E+01	-1.00000000E-09	3.14642610E+01	-6.01289548E+01	-6.29953313E+00
6.60000000E+00	-2.50000000E+01	-3.50000000E+01	-1.00000000E-09	3.11915457E+01	-6.01289548E+01	-6.29953313E+00
1.27000000E+01	-2.50000000E+01	-3.50000000E+01	-1.00000000E-09	3.05126039E+01	-6.01289548E+01	-6.29953313E+00
1.88000000E+01	-2.50000000E+01	-3.50000000E+01	-1.00000000E-09	2.95859381E+01	-6.01289548E+01	-6.29953313E+00
2.49000000E+01	-2.50000000E+01	-3.50000000E+01	-1.00000000E-09	2.86278835E+01	-6.01289548E+01	-6.29953313E+00
-3.00000000E+01	-1.78000000E+01	-3.50000000E+01	-1.00000000E-09	2.70236184E+01	-5.92487249E+01	-6.29953313E+00
-2.39000000E+01	-1.78000000E+01	-3.50000000E+01	-1.00000000E-09	2.83497440E+01	-5.92487249E+01	-6.29953313E+00
-1.78000000E+01	-1.78000000E+01	-3.50000000E+01	-1.00000000E-09	2.99330768E+01	-5.92487249E+01	-6.29953313E+00
-1.17000000E+01	-1.78000000E+01	-3.50000000E+01	-1.00000000E-09	3.14039793E+01	-5.92487249E+01	-6.29953313E+00
-5.60000000E+00	-1.78000000E+01	-3.50000000E+01	-1.00000000E-09	3.24190615E+01	-5.92487249E+01	-6.29953313E+00
5.00000000E-01	-1.78000000E+01	-3.50000000E+01	-1.00000000E-09	3.27413471E+01	-5.92487249E+01	-6.29953313E+00
6.60000000E+00	-1.78000000E+01	-3.50000000E+01	-1.00000000E-09	3.22955968E+01	-5.92487249E+01	-6.29953313E+00
1.27000000E+01	-1.78000000E+01	-3.50000000E+01	-1.00000000E-09	3.11858733E+01	-5.92487249E+01	-6.29953313E+00
1.88000000E+01	-1.78000000E+01	-3.50000000E+01	-1.00000000E-09	2.96712476E+01	-5.92487249E+01	-6.29953313E+00
2.49000000E+01	-1.78000000E+01	-3.50000000E+01	-1.00000000E-09	2.81053170E+01	-5.92487249E+01	-6.29953313E+00
-3.00000000E+01	-1.06000000E+01	-3.50000000E+01	-1.00000000E-09	2.72863142E+01	-5.82859452E+01	-6.29953313E+00
-2.39000000E+01	-1.06000000E+01	-3.50000000E+01	-1.00000000E-09	2.84689526E+01	-5.82859452E+01	-6.29953313E+00
-1.78000000E+01	-1.06000000E+01	-3.50000000E+01	-1.00000000E-09	2.98809684E+01	-5.82859452E+01	-6.29953313E+00
-1.17000000E+01	-1.06000000E+01	-3.50000000E+01	-1.00000000E-09	3.11927189E+01	-5.82859452E+01	-6.29953313E+00
-5.60000000E+00	-1.06000000E+01	-3.50000000E+01	-1.00000000E-09	3.20979689E+01	-5.82859452E+01	-6.29953313E+00
5.00000000E-01	-1.06000000E+01	-3.50000000E+01	-1.00000000E-09	3.23853831E+01	-5.82859452E+01	-6.29953313E+00
6.60000000E+00	-1.06000000E+01	-3.50000000E+01	-1.00000000E-09	3.19878631E+01	-5.82859452E+01	-6.29953313E+00
1.27000000E+01	-1.06000000E+01	-3.50000000E+01	-1.00000000E-09	3.09982120E+01	-5.82859452E+01	-6.29953313E+00
1.88000000E+01	-1.06000000E+01	-3.50000000E+01	-1.00000000E-09	2.96474692E+01	-5.82859452E+01	-6.29953313E+00
2.49000000E+01	-1.06000000E+01	-3.50000000E+01	-1.00000000E-09	2.82509727E+01	-5.82859452E+01	-6.29953313E+00
-3.00000000E+01	-3.40000000E+00	-3.50000000E+01	-1.00000000E-09	2.86237756E+01	-5.84767151E+01	-6.29953313E+00
-2.39000000E+01	-3.40000000E+00	-3.50000000E+01	-1.00000000E-09	2.90758788E+01	-5.84767151E+01	-6.29953313E+00
-1.78000000E+01	-3.40000000E+00	-3.50000000E+01	-1.00000000E-09	2.96156691E+01	-5.84767151E+01	-6.29953313E+00
-1.17000000E+01	-3.40000000E+00	-3.50000000E+01	-1.00000000E-09	3.01171296E+01	-5.84767151E+01	-6.29953313E+00
-5.60000000E+00	-3.40000000E+00	-3.50000000E+01	-1.00000000E-09	3.04631918E+01	-5.84767151E+01	-6.29953313E+00
5.00000000E-01	-3.40000000E+00	-3.50000000E+01	-1.00000000E-09	3.05730655E+01	-5.84767151E+01	-6.29953313E+00
6.60000000E+00	-3.40000000E+00	-3.50000000E+01	-1.00000000E-09	3.04211001E+01	-5.84767151E+01	-6.29953313E+00
1.27000000E+01	-3.40000000E+00	-3.50000000E+01	-1.00000000E-09	3.00427729E+01	-5.84767151E+01	-6.29953313E+00
1.88000000E+01	-3.40000000E+00	-3.50000000E+01	-1.00000000E-09	2.95264062E+01	-5.84767151E+01	-6.29953313E+00
2.49000000E+01	-3.40000000E+00	-3.50000000E+01	-1.00000000E-09	2.89925486E+01	-5.84767151E+01	-6.29953313E+00
-3.00000000E+01	3.80000000E+00	-3.50000000E+01	-1.00000000E-09	3.03721023E+01	-5.93708028E+01	-6.29953313E+00
-2.39000000E+01	3.80000000E+00	-3.50000000E+01	-1.00000000E-09	2.98692513E+01	-5.93708028E+01	-6.29953313E+00
-1.78000000E+01	3.80000000E+00	-3.50000000E+01	-1.00000000E-09	2.92688704E+01	-5.93708028E+01	-6.29953313E+00
-1.17000000E+01	3.80000000E+00	-3.50000000E+01	-1.00000000E-09	2.87111218E+01	-5.93708028E+01	-6.29953313E+00
-5.60000000E+00	3.80000000E+00	-3.50000000E+01	-1.00000000E-09	2.83262147E+01	-5.93708028E+01	-6.29953313E+00
5.00000000E-01	3.80000000E+00	-3.50000000E+01	-1.00000000E-09	2.82040079E+01	-5.93708028E+01	-6.29953313E+00
6.60000000E+00	3.80000000E+00	-3.50000000E+01	-1.00000000E-09	2.83730311E+01	-5.93708028E+01	-6.29953313E+00
1.27000000E+01	3.80000000E+00	-3.50000000E+01	-1.00000000E-09	2.87938249E+01	-5.93708028E+01	-6.29953313E+00
1.88000000E+01	3.80000000E+00	-3.50000000E+01	-1.00000000E-09	2.93681529E+01	-5.93708028E+01	-6.29953313E+00
2.49000000E+01	3.80000000E+00	-3.50000000E+01	-1.00000000E-09	2.99619351E+01	-5.93708028E+01	-6.29953313E+00
-3.00000000E+01	1.10000000E+01	-3.50000000E+01	-1.00000000E-09	3.16634448E+01	-5.94913325E+01	-6.29953313E+00
-2.39000000E+01	1.10000000E+01	-3.50000000E+01	-1.00000000E-09	3.04552491E+01	-5.94913325E+01	-6.29953313E+00
-1.78000000E+01	1.10000000E+01	-3.50000000E+01	-1.00000000E-09	2.90127193E+01	-5.94913325E+01	-6.29953313E+00
-1.17000000E+01	1.10000000E+01	-3.50000000E+01	-1.00000000E-09	2.76726215E+01	-5.94913325E+01	-6.29953313E+00
-5.60000000E+00	1.10000000E+01	-3.50000000E+01	-1.00000000E-09	2.67478087E+01	-5.94913325E+01	-6.29953313E+00
5.00000000E-01	1.10000000E+01	-3.50000000E+01	-1.00000000E-09	2.64541834E+01	-5.94913325E+01	-6.29953313E+00
6.60000000E+00	1.10000000E+01	-3.50000000E+01	-1.00000000E-09	2.68602939E+01	-5.94913325E+01	-6.29953313E+00
1.27000000E+01	1.10000000E+01	-3.50000000E+01	-1.00000000E-09	2.78713317E+01	-5.94913325E+01	-6.29953313E+00
1.88000000E+01	1.10000000E+01	-3.50000000E+01	-1.00000000E-09	2.92512645E+01	-5.94913325E+01	-6.29953313E+00
2.49000000E+01	1.10000000E+01	-3.50000000E+01	-1.00000000E-09	3.06779397E+01	-5.94913325E+01	-6.29953313E+00
-3.00000000E+01	1.82000000E+01	-3.50000000E+01	-1.00000000E-09	3.18567956E+01	-5.84906330E+01	-6.29953313E+00
-2.39000000E+01	1.82000000E+01	-3.50000000E+01	-1.00000000E-09	3.05429897E+01	-5.84906330E+01	-6.29953313E+00
-1.78000000E+01	1.82000000E+01	-3.50000000E+01	-1.00000000E-09	2.89743661E+01	-5.84906330E+01	-6.29953313E+00
-1.17000000E+01	1.82000000E+01	-3.50000000E+01	-1.00000000E-09	2.75171284E+01	-5.84906330E+01	-6.29953313E+00
-5.60000000E+00	1.82000000E+01	-3.50000000E+01	-1.00000000E-09	2.65114763E+01	-5.84906330E+01	-6.29953313E+00
5.00000000E-01	1.82000000E+01	-3.50000000E+01	-1.00000000E-09	2.61921848E+01	-5.84906330E+01	-6.29953313E+00
6.60000000E+00	1.82000000E+01	-3.50000000E+01	-1.00000000E-09	2.66337941E+01	-5.84906330E+01	-6.29953313E+00
1.27000000E+01	1.82000000E+01	-3.50000000E+01	-1.00000000E-09	2.77332081E+01	-5.84906330E+01	-6.29953313E+00
1.88000000E+01	1.82000000E+01	-3.50000000E+01	-1.00000000E-09	2.92337629E+01	-5.84906330E+01	-6.29953313E+00
2.49000000E+01	1.82000000E+01	-3.50000000E+01	-1.00000000E-09	3.07851460E+01	-5.84906330E+01	-6.29953313E+00
-3.00000000E+01	-2.50000000E+01	-2.70000000E+01	-1.00000000E-09	2.12343197E+01	-4.66654191E+01	5.97092383E+00
-2.39000000E+01	-2.50000000E+01	-2.70000000E+01	-1.00000000E-09	2.20456589E+01	-4.66654191E+01	5.97092383E+00
-1.78000000E+01	-2.50000000E+01	-2.70000000E+01	-1.00000000E-09	2.30143604E+01	-4.66654191E+01	5.97092383E+00
-1.17000000E+01	-2.50000000E+01	-2.70000000E+01	-1.00000000E-09	2.39142758E+01	-4.66654191E+01	5.97092383E+00
-5.60000000E+00	-2.50000000E+01	-2.70000000E+01	-1.00000000E-09	2.45353150E+01	-4.66654191E+01	5.97092383E+00
5.00000000E-01	-2.50000000E+01	-2.70000000E+01	-1.00000000E-09	2.47324931E+01	-4.66654191E+01	5.97092383E+00
6.60000000E+00	-2.50000000E+01	-2.70000000E+01	-1.00000000E-09	2.44597778E+01	-4.66654191E+01	5.97092383E+00
1.27000000E+01	-2.50000000E+01	-2.70000000E+01	-1.00000000E-09	2.37808360E+01	-4.66654191E+01	5.97092383E+00
1.88000000E+01	-2.50000000E+01	-2.70000000E+01	-1.00000000E-09	2.28541703E+01	-4.66654191E+01	5.97092383E+00
2.49000000E+01	-2.50000000E+01	-2.70000000E+01	-1.00000000E-09	2.18961156E+01	-4.66654191E+01	5.97092383E+00
-3.00000000E+01	-1.78000000E+01	-2.70000000E+01	-1.00000000E-09	2.02918505E+01	-4.57851891E+01	5.97092383E+00
-2.39000000E+01	-1.78000000E+01	-2.70000000E+01	-1.00000000E-09	2.16179762E+01	-4.57851891E+01	5.97092383E+00
-1.78000000E+01	-1.78000000E+01	-2.70000000E+01	-1.00000000E-09	2.32013089E+01	-4.57851891E+01	5.97092383E+00
-1.17000000E+01	-1.78000000E+01	-2.70000000E+01	-1.00000000E-09	2.46722114E+01	-4.57851891E+01	5.97092383E+00
-5.60000000E+00	-1.78000000E+01	-2.70000000E+01	-1.00000000E-09	2.56872936E+01	-4.57851891E+01	5.97092383E+00
5.00000000E-01	-1.78000000E+01	-2.70000000E+01	-1.00000000E-09	2.60095792E+01	-4.57851891E+01	5.97092383E+00
6.60000000E+00	-1.78000000E+01	-2.70000000E+01	-1.00000000E-09	2.55638289E+01	-4.57851891E+01	5.97092383E+00
1.27000000E+01	-1.78000000E+01	-2.70000000E+01	-1.00000000E-09	2.44541055E+01	-4.57851891E+01	5.97092383E+00
1.88000000E+01	-1.78000000E+01	-2.70000000E+01	-1.00000000E-09	2.29394797E+01	-4.57851891E+01	5.97092383E+00
2.49000000E+01	-1.78000000E+01	-2.70000000E+01	-1.00000000E-09	2.13735491E+01	-4.57851891E+01	5.97092383E+00
-3.00000000E+01	-1.06000000E+01	-2.70000000E+01	-1.00000000E-09	2.05545463E+01	-4.48224095E+01	5.97092383E+00
-2.39000000E+01	-1.06000000E+01	-2.70000000E+01	-1.00000000E-09	2.17371848E+01	-4.48224095E+01	5.97092383E+00
-1.78000000E+01	-1.06000000E+01	-2.70000000E+01	-1.00000000E-09	2.31492005E+01	-4.48224095E+01	5.97092383E+00
-1.17000000E+01	-1.06000000E+01	-2.70000000E+01	-1.00000000E-09	2.44609510E+01	-4.48224095E+01	5.97092383E+00
-5.60000000E+00	-1.06000000E+01	-2.70000000E+01	-1.00000000E-09	2.53662010E+01	-4.48224095E+01	5.97092383E+00
5.00000000E-01	-1.06000000E+01	-2.70000000E+01	-1.00000000E-09	2.56536152E+01	-4.48224095E+01	5.97092383E+00
6.60000000E+00	-1.06000000E+01	-2.70000000E+01	-1.00000000E-09	2.52560952E+01	-4.48224095E+01	5.97092383E+00
1.27000000E+01	-1.06000000E+01	-2.70000000E+01	-1.00000000E-09	2.42664441E+01	-4.48224095E+01	5.97092383E+00
1.88000000E+01	-1.06000000E+01	-2.70000000E+01	-1.00000000E-09	2.29157013E+01	-4.48224095E+01	5.97092383E+00
2.49000000E+01	-1.06000000E+01	-2.70000000E+01	-1.00000000E-09	2.15192048E+01	-4.48224095E+01	5.97092383E+00
-3.00000000E+01	-3.40000000E+00	-2.70000000E+01	-1.00000000E-09	2.18920077E+01	-4.50131793E+01	5.97092383E+00
-2.39000000E+01	-3.40000000E+00	-2.70000000E+01	-1.00000000E-09	2.23441109E+01	-4.50131793E+01	5.97092383E+00
-1.78000000E+01	-3.40000000E+00	-2.70000000E+01	-1.00000000E-09	2.28839012E+01	-4.50131793E+01	5.97092383E+00
-1.17000000E+01	-3.40000000E+00	-2.70000000E+01	-1.00000000E-09	2.33853617E+01	-4.50131793E+01	5.97092383E+00
-5.60000000E+00	-3.40000000E+00	-2.70000000E+01	-1.00000000E-09	2.37314239E+01	-4.50131793E+01	5.97092383E+00
5.00000000E-01	-3.40000000E+00	-2.70000000E+01	-1.00000000E-09	2.38412976E+01	-4.50131793E+01	5.97092383E+00
6.60000000E+00	-3.40000000E+00	-2.70000000E+01	-1.00000000E-09	2.36893322E+01	-4.50131793E+01	5.97092383E+00
1.27000000E+01	-3.40000000E+00	-2.70000000E+01	-1.00000000E-09	2.33110050E+01	-4.50131793E+01	5.97092383E+00
1.88000000E+01	-3.40000000E+00	-2.70000000E+01	-1.00000000E-09	2.27946383E+01	-4.50131793E+01	5.97092383E+00
2.49000000E+01	-3.40000000E+00	-2.70000000E+01	-1.00000000E-09	2.22607808E+01	-4.50131793E+01	5.97092383E+00
-3.00000000E+01	3.80000000E+00	-2.70000000E+01	-1.00000000E-09	2.36403344E+01	-4.59072670E+01	5.97092383E+00
-2.39000000E+01	3.80000000E+00	-2.70000000E+01	-1.00000000E-09	2.31374834E+01	-4.59072670E+01	5.97092383E+00
-1.78000000E+01	3.80000000E+00	-2.70000000E+01	-1.00000000E-09	2.25371025E+01	-4.59072670E+01	5.97092383E+00
-1.17000000E+01	3.80000000E+00	-2.70000000E+01	-1.00000000E-09	2.19793539E+01	-4.59072670E+01	5.97092383E+00
-5.60000000E+00	3.80000000E+00	-2.70000000E+01	-1.00000000E-09	2.15944468E+01	-4.59072670E+01	5.97092383E+00
5.00000000E-01	3.80000000E+00	-2.70000000E+01	-1.00000000E-09	2.14722400E+01	-4.59072670E+01	5.97092383E+00
6.60000000E+00	3.80000000E+00	-2.70000000E+01	-1.00000000E-09	2.16412632E+01	-4.59072670E+01	5.97092383E+00
1.27000000E+01	3.80000000E+00	-2.70000000E+01	-1.00000000E-09	2.20620570E+01	-4.59072670E+01	5.97092383E+00
1.88000000E+01	3.80000000E+00	-2.70000000E+01	-1.00000000E-09	2.26363850E+01	-4.59072670E+01	5.97092383E+00
2.49000000E+01	3.80000000E+00	-2.70000000E+01	-1.00000000E-09	2.32301672E+01	-4.59072670E+01	5.97092383E+00
-3.00000000E+01	1.10000000E+01	-2.70000000E+01	-1.00000000E-09	2.49316769E+01	-4.60277967E+01	5.97092383E+00
-2.39000000E+01	1.10000000E+01	-2.70000000E+01	-1.00000000E-09	2.37234812E+01	-4.60277967E+01	5.97092383E+00
-1.78000000E+01	1.10000000E+01	-2.70000000E+01	-1.00000000E-09	2.22809514E+01	-4.60277967E+01	5.97092383E+00
-1.17000000E+01	1.10000000E+01	-2.70000000E+01	-1.00000000E-09	2.09408536E+01	-4.60277967E+01	5.97092383E+00
-5.60000000E+00	1.10000000E+01	-2.70000000E+01	-1.00000000E-09	2.00160408E+01	-4.60277967E+01	5.97092383E+00
5.00000000E-01	1.10000000E+01	-2.70000000E+01	-1.00000000E-09	1.97224155E+01	-4.60277967E+01	5.97092383E+00
6.60000000E+00	1.10000000E+01	-2.70000000E+01	-1.00000000E-09	2.01285260E+01	-4.60277967E+01	5.97092383E+00
1.27000000E+01	1.10000000E+01	-2.70000000E+01	-1.00000000E-09	2.11395638E+01	-4.60277967E+01	5.97092383E+00
1.88000000E+01	1.10000000E+01	-2.70000000E+01	-1.00000000E-09	2.25194966E+01	-4.60277967E+01	5.97092383E+00
2.49000000E+01	1.10000000E+01	-2.70000000E+01	-1.00000000E-09	2.39461718E+01	-4.60277967E+01	5.97092383E+00
-3.00000000E+01	1.82000000E+01	-2.70000000E+01	-1.00000000E-09	2.51250277E+01	-4.50270972E+01	5.97092383E+00
-2.39000000E+01	1.82000000E+01	-2.70000000E+01	-1.00000000E-09	2.38112218E+01	-4.50270972E+01	5.97092383E+00
-1.78000000E+01	1.82000000E+01	-2.70000000E+01	-1.00000000E-09	2.22425983E+01	-4.50270972E+01	5.97092383E+00
-1.17000000E+01	1.82000000E+01	-2.70000000E+01	-1.00000000E-09	2.07853605E+01	-4.50270972E+01	5.97092383E+00
-5.60000000E+00	1.82000000E+01	-2.70000000E+01	-1.00000000E-09	1.97797085E+01	-4.50270972E+01	5.97092383E+00
5.00000000E-01	1.82000000E+01	-2.70000000E+01	-1.00000000E-09	1.94604169E+01	-4.50270972E+01	5.97092383E+00
6.60000000E+00	1.82000000E+01	-2.70000000E+01	-1.00000000E-09	1.99020262E+01	-4.50270972E+01	5.97092383E+00
1.27000000E+01	1.82000000E+01	-2.70000000E+01	-1.00000000E-09	2.10014403E+01	-4.50270972E+01	5.97092383E+00
1.88000000E+01	1.82000000E+01	-2.70000000E+01	-1.00000000E-09	2.25019950E+01	-4.50270972E+01	5.97092383E+00
2.49000000E+01	1.82000000E+01	-2.70000000E+01	-1.00000000E-09	2.40533781E+01	-4.50270972E+01	5.97092383E+00
-3.00000000E+01	-2.50000000E+01	-1.90000000E+01	-1.00000000E-09	1.45025518E+01	-3.32018833E+01	1.11599033E+01
-2.39000000E+01	-2.50000000E+01	-1.90000000E+01	-1.00000000E-09	1.53138910E+01	-3.32018833E+01	1.11599033E+01
-1.78000000E+01	-2.50000000E+01	-1.90000000E+01	-1.00000000E-09	1.62825926E+01	-3.32018833E+01	1.11599033E+01
-1.17000000E+01	-2.50000000E+01	-1.90000000E+01	-1.00000000E-09	1.71825079E+01	-3.32018833E+01	1.11599033E+01
-5.60000000E+00	-2.50000000E+01	-1.90000000E+01	-1.00000000E-09	1.78035471E+01	-3.32018833E+01	1.11599033E+01
5.00000000E-01	-2.50000000E+01	-1.90000000E+01	-1.00000000E-09	1.80007252E+01	-3.32018833E+01	1.11599033E+01
6.60000000E+00	-2.50000000E+01	-1.90000000E+01	-1.00000000E-09	1.77280099E+01	-3.32018833E+01	1.11599033E+01
1.27000000E+01	-2.50000000E+01	-1.90000000E+01	-1.00000000E-09	1.70490681E+01	-3.32018833E+01	1.11599033E+01
1.88000000E+01	-2.50000000E+01	-1.90000000E+01	-1.00000000E-09	1.61224024E+01	-3.32018833E+01	1.11599033E+01
2.49000000E+01	-2.50000000E+01	-1.90000000E+01	-1.00000000E-09	1.51643477E+01	-3.32018833E+01	1.11599033E+01
-3.00000000E+01	-1.78000000E+01	-1.90000000E+01	-1.00000000E-09	1.35600827E+01	-3.23216534E+01	1.11599033E+01
-2.39000000E+01	-1.78000000E+01	-1.90000000E+01	-1.00000000E-09	1.48862083E+01	-3.23216534E+01	1.11599033E+01
-1.78000000E+01	-1.78000000E+01	-1.90000000E+01	-1.00000000E-09	1.64695411E+01	-3.23216534E+01	1.11599033E+01
-1.17000000E+01	-1.78000000E+01	-1.90000000E+01	-1.00000000E-09	1.79404435E+01	-3.23216534E+01	1.11599033E+01
-5.60000000E+00	-1.78000000E+01	-1.90000000E+01	-1.00000000E-09	1.89555257E+01	-3.23216534E+01	1.11599033E+01
5.00000000E-01	-1.78000000E+01	-1.90000000E+01	-1.00000000E-09	1.92778113E+01	-3.23216534E+01	1.11599033E+01
6.60000000E+00	-1.78000000E+01	-1.90000000E+01	-1.00000000E-09	1.88320610E+01	-3.23216534E+01	1.11599033E+01
1.27000000E+01	-1.78000000E+01	-1.90000000E+01	-1.00000000E-09	1.77223376E+01	-3.23216534E+01	1.11599033E+01
1.88000000E+01	-1.78000000E+01	-1.90000000E+01	-1.00000000E-09	1.62077119E+01	-3.23216534E+01	1.11599033E+01
2.49000000E+01	-1.78000000E+01	-1.90000000E+01	-1.00000000E-09	1.46417813E+01	-3.23216534E+01	1.11599033E+01
-3.00000000E+01	-1.06000000E+01	-1.90000000E+01	-1.00000000E-09	1.38227784E+01	-3.13588737E+01	1.11599033E+01
-2.39000000E+01	-1.06000000E+01	-1.90000000E+01	-1.00000000E-09	1.50054169E+01	-3.13588737E+01	1.11599033E+01
-1.78000000E+01	-1.06000000E+01	-1.90000000E+01	-1.00000000E-09	1.64174326E+01	-3.13588737E+01	1.11599033E+01
-1.17000000E+01	-1.06000000E+01	-1.90000000E+01	-1.00000000E-09	1.77291831E+01	-3.13588737E+01	1.11599033E+01
-5.60000000E+00	-1.06000000E+01	-1.90000000E+01	-1.00000000E-09	1.86344331E+01	-3.13588737E+01	1.11599033E+01
5.00000000E-01	-1.06000000E+01	-1.90000000E+01	-1.00000000E-09	1.89218473E+01	-3.13588737E+01	1.11599033E+01
6.60000000E+00	-1.06000000E+01	-1.90000000E+01	-1.00000000E-09	1.85243273E+01	-3.13588737E+01	1.11599033E+01
1.27000000E+01	-1.06000000E+01	-1.90000000E+01	-1.00000000E-09	1.75346763E+01	-3.13588737E+01	1.11599033E+01
1.88000000E+01	-1.06000000E+01	-1.90000000E+01	-1.00000000E-09	1.61839334E+01	-3.13588737E+01	1.11599033E+01
2.49000000E+01	-1.06000000E+01	-1.90000000E+01	-1.00000000E-09	1.47874369E+01	-3.13588737E+01	1.11599033E+01
-3.00000000E+01	-3.40000000E+00	-1.90000000E+01	-1.00000000E-09	1.51602399E+01	-3.15496436E+01	1.11599033E+01
-2.39000000E+01	-3.40000000E+00	-1.90000000E+01	-1.00000000E-09	1.56123430E+01	-3.15496436E+01	1.11599033E+01
-1.78000000E+01	-3.40000000E+00	-1.90000000E+01	-1.00000000E-09	1.61521333E+01	-3.15496436E+01	1.11599033E+01
-1.17000000E+01	-3.40000000E+00	-1.90000000E+01	-1.00000000E-09	1.66535939E+01	-3.15496436E+01	1.11599033E+01
-5.60000000E+00	-3.40000000E+00	-1.90000000E+01	-1.00000000E-09	1.69996560E+01	-3.15496436E+01	1.11599033E+01
5.00000000E-01	-3.40000000E+00	-1.90000000E+01	-1.00000000E-09	1.71095297E+01	-3.15496436E+01	1.11599033E+01
6.60000000E+00	-3.40000000E+00	-1.90000000E+01	-1.00000000E-09	1.69575644E+01	-3.15496436E+01	1.11599033E+01
1.27000000E+01	-3.40000000E+00	-1.90000000E+01	-1.00000000E-09	1.65792371E+01	-3.15496436E+01	1.11599033E+01
1.88000000E+01	-3.40000000E+00	-1.90000000E+01	-1.00000000E-09	1.60628704E+01	-3.15496436E+01	1.11599033E+01
2.49000000E+01	-3.40000000E+00	-1.90000000E+01	-1.00000000E-09	1.55290129E+01	-3.15496436E+01	1.11599033E+01
-3.00000000E+01	3.80000000E+00	-1.90000000E+01	-1.00000000E-09	1.69085665E+01	-3.24437312E+01	1.11599033E+01
-2.39000000E+01	3.80000000E+00	-1.90000000E+01	-1.00000000E-09	1.64057155E+01	-3.24437312E+01	1.11599033E+01
-1.78000000E+01	3.80000000E+00	-1.90000000E+01	-1.00000000E-09	1.58053346E+01	-3.24437312E+01	1.11599033E+01
-1.17000000E+01	3.80000000E+00	-1.90000000E+01	-1.00000000E-09	1.52475860E+01	-3.24437312E+01	1.11599033E+01
-5.60000000E+00	3.80000000E+00	-1.90000000E+01	-1.00000000E-09	1.48626790E+01	-3.24437312E+01	1.11599033E+01
5.00000000E-01	3.80000000E+00	-1.90000000E+01	-1.00000000E-09	1.47404721E+01	-3.24437312E+01	1.11599033E+01
6.60000000E+00	3.80000000E+00	-1.90000000E+01	-1.00000000E-09	1.49094953E+01	-3.24437312E+01	1.11599033E+01
1.27000000E+01	3.80000000E+00	-1.90000000E+01	-1.00000000E-09	1.53302892E+01	-3.24437312E+01	1.11599033E+01
1.88000000E+01	3.80000000E+00	-1.90000000E+01	-1.00000000E-09	1.59046172E+01	-3.24437312E+01	1.11599033E+01
2.49000000E+01	3.80000000E+00	-1.90000000E+01	-1.00000000E-09	1.64983993E+01	-3.24437312E+01	1.11599033E+01
-3.00000000E+01	1.10000000E+01	-1.90000000E+01	-1.00000000E-09	1.81999090E+01	-3.25642609E+01	1.11599033E+01
-2.39000000E+01	1.10000000E+01	-1.90000000E+01	-1.00000000E-09	1.69917134E+01	-3.25642609E+01	1.11599033E+01
-1.78000000E+01	1.10000000E+01	-1.90000000E+01	-1.00000000E-09	1.55491835E+01	-3.25642609E+01	1.11599033E+01
-1.17000000E+01	1.10000000E+01	-1.90000000E+01	-1.00000000E-09	1.42090857E+01	-3.25642609E+01	1.11599033E+01
-5.60000000E+00	1.10000000E+01	-1.90000000E+01	-1.00000000E-09	1.32842729E+01	-3.25642609E+01	1.11599033E+01
5.00000000E-01	1.10000000E+01	-1.90000000E+01	-1.00000000E-09	1.29906476E+01	-3.25642609E+01	1.11599033E+01
6.60000000E+00	1.10000000E+01	-1.90000000E+01	-1.00000000E-09	1.33967582E+01	-3.25642609E+01	1.11599033E+01
1.27000000E+01	1.10000000E+01	-1.90000000E+01	-1.00000000E-09	1.44077959E+01	-3.25642609E+01	1.11599033E+01
1.88000000E+01	1.10000000E+01	-1.90000000E+01	-1.00000000E-09	1.57877287E+01	-3.25642609E+01	1.11599033E+01
2.49000000E+01	1.10000000E+01	-1.90000000E+01	-1.00000000E-09	1.72144039E+01	-3.25642609E+01	1.11599033E+01
-3.00000000E+01	1.82000000E+01	-1.90000000E+01	-1.00000000E-09	1.83932598E+01	-3.15635615E+01	1.11599033E+01
-2.39000000E+01	1.82000000E+01	-1.90000000E+01	-1.00000000E-09	1.70794539E+01	-3.15635615E+01	1.11599033E+01
-1.78000000E+01	1.82000000E+01	-1.90000000E+01	-1.00000000E-09	1.55108304E+01	-3.15635615E+01	1.11599033E+01
-1.17000000E+01	1.82000000E+01	-1.90000000E+01	-1.00000000E-09	1.40535926E+01	-3.15635615E+01	1.11599033E+01
-5.60000000E+00	1.82000000E+01	-1.90000000E+01	-1.00000000E-09	1.30479406E+01	-3.15635615E+01	1.11599033E+01
5.00000000E-01	1.82000000E+01	-1.90000000E+01	-1.00000000E-09	1.27286490E+01	-3.15635615E+01	1.11599033E+01
6.60000000E+00	1.82000000E+01	-1.90000000E+01	-1.00000000E-09	1.31702583E+01	-3.15635615E+01	1.11599033E+01
1.27000000E+01	1.82000000E+01	-1.90000000E+01	-1.00000000E-09	1.42696724E+01	-3.15635615E+01	1.11599033E+01
1.88000000E+01	1.82000000E+01	-1.90000000E+01	-1.00000000E-09	1.57702272E+01	-3.15635615E+01	1.11599033E+01
2.49000000E+01	1.82000000E+01	-1.90000000E+01	-1.00000000E-09	1.73216102E+01	-3.15635615E+01	1.11599033E+01
-3.00000000E+01	-2.50000000E+01	-1.10000000E+01	-1.00000000E-09	7.77078394E+00	-1.97383476E+01	9.46934537E+00
-2.39000000E+01	-2.50000000E+01	-1.10000000E+01	-1.00000000E-09	8.58212313E+00	-1.97383476E+01	9.46934537E+00
-1.78000000E+01	-2.50000000E+01	-1.10000000E+01	-1.00000000E-09	9.55082467E+00	-1.97383476E+01	9.46934537E+00
-1.17000000E+01	-2.50000000E+01	-1.10000000E+01	-1.00000000E-09	1.04507400E+01	-1.97383476E+01	9.46934537E+00
-5.60000000E+00	-2.50000000E+01	-1.10000000E+01	-1.00000000E-09	1.10717792E+01	-1.97383476E+01	9.46934537E+00
5.00000000E-01	-2.50000000E+01	-1.10000000E+01	-1.00000000E-09	1.12689573E+01	-1.97383476E+01	9.46934537E+00
6.60000000E+00	-2.50000000E+01	-1.10000000E+01	-1.00000000E-09	1.09962421E+01	-1.97383476E+01	9.46934537E+00
1.27000000E+01	-2.50000000E+01	-1.10000000E+01	-1.00000000E-09	1.03173003E+01	-1.97383476E+01	9.46934537E+00
1.88000000E+01	-2.50000000E+01	-1.10000000E+01	-1.00000000E-09	9.39063450E+00	-1.97383476E+01	9.46934537E+00
2.49000000E+01	-2.50000000E+01	-1.10000000E+01	-1.00000000E-09	8.43257982E+00	-1.97383476E+01	9.46934537E+00
-3.00000000E+01	-1.78000000E+01	-1.10000000E+01	-1.00000000E-09	6.82831479E+00	-1.88581176E+01	9.46934537E+00
-2.39000000E+01	-1.78000000E+01	-1.10000000E+01	-1.00000000E-09	8.15444041E+00	-1.88581176E+01	9.46934537E+00
-1.78000000E+01	-1.78000000E+01	-1.10000000E+01	-1.00000000E-09	9.73777318E+00	-1.88581176E+01	9.46934537E+00
-1.17000000E+01	-1.78000000E+01	-1.10000000E+01	-1.00000000E-09	1.12086757E+01	-1.88581176E+01	9.46934537E+00
-5.60000000E+00	-1.78000000E+01	-1.10000000E+01	-1.00000000E-09	1.22237579E+01	-1.88581176E+01	9.46934537E+00
5.00000000E-01	-1.78000000E+01	-1.10000000E+01	-1.00000000E-09	1.25460434E+01	-1.88581176E+01	9.46934537E+00
6.60000000E+00	-1.78000000E+01	-1.10000000E+01	-1.00000000E-09	1.21002931E+01	-1.88581176E+01	9.46934537E+00
1.27000000E+01	-1.78000000E+01	-1.10000000E+01	-1.00000000E-09	1.09905697E+01	-1.88581176E+01	9.46934537E+00
1.88000000E+01	-1.78000000E+01	-1.10000000E+01	-1.00000000E-09	9.47594398E+00	-1.88581176E+01	9.46934537E+00
2.49000000E+01	-1.78000000E+01	-1.10000000E+01	-1.00000000E-09	7.91001339E+00	-1.88581176E+01	9.46934537E+00
-3.00000000E+01	-1.06000000E+01	-1.10000000E+01	-1.00000000E-09	7.09101052E+00	-1.78953379E+01	9.46934537E+00
-2.39000000E+01	-1.06000000E+01	-1.10000000E+01	-1.00000000E-09	8.27364901E+00	-1.78953379E+01	9.46934537E+00
-1.78000000E+01	-1.06000000E+01	-1.10000000E+01	-1.00000000E-09	9.68566476E+00	-1.78953379E+01	9.46934537E+00
-1.17000000E+01	-1.06000000E+01	-1.10000000E+01	-1.00000000E-09	1.09974152E+01	-1.78953379E+01	9.46934537E+00
-5.60000000E+00	-1.06000000E+01	-1.10000000E+01	-1.00000000E-09	1.19026653E+01	-1.78953379E+01	9.46934537E+00
5.00000000E-01	-1.06000000E+01	-1.10000000E+01	-1.00000000E-09	1.21900795E+01	-1.78953379E+01	9.46934537E+00
6.60000000E+00	-1.06000000E+01	-1.10000000E+01	-1.00000000E-09	1.17925594E+01	-1.78953379E+01	9.46934537E+00
1.27000000E+01	-1.06000000E+01	-1.10000000E+01	-1.00000000E-09	1.08029084E+01	-1.78953379E+01	9.46934537E+00
1.88000000E+01	-1.06000000E+01	-1.10000000E+01	-1.00000000E-09	9.45216555E+00	-1.78953379E+01	9.46934537E+00
2.49000000E+01	-1.06000000E+01	-1.10000000E+01	-1.00000000E-09	8.05566905E+00	-1.78953379E+01	9.46934537E+00
-3.00000000E+01	-3.40000000E+00	-1.10000000E+01	-1.00000000E-09	8.42847199E+00	-1.80861078E+01	9.46934537E+00
-2.39000000E+01	-3.40000000E+00	-1.10000000E+01	-1.00000000E-09	8.88057514E+00	-1.80861078E+01	9.46934537E+00
-1.78000000E+01	-3.40000000E+00	-1.10000000E+01	-1.00000000E-09	9.42036545E+00	-1.80861078E+01	9.46934537E+00
-1.17000000E+01	-3.40000000E+00	-1.10000000E+01	-1.00000000E-09	9.92182598E+00	-1.80861078E+01	9.46934537E+00
-5.60000000E+00	-3.40000000E+00	-1.10000000E+01	-1.00000000E-09	1.02678881E+01	-1.80861078E+01	9.46934537E+00
5.00000000E-01	-3.40000000E+00	-1.10000000E+01	-1.00000000E-09	1.03777618E+01	-1.80861078E+01	9.46934537E+00
6.60000000E+00	-3.40000000E+00	-1.10000000E+01	-1.00000000E-09	1.02257965E+01	-1.80861078E+01	9.46934537E+00
1.27000000E+01	-3.40000000E+00	-1.10000000E+01	-1.00000000E-09	9.84746923E+00	-1.80861078E+01	9.46934537E+00
1.88000000E+01	-3.40000000E+00	-1.10000000E+01	-1.00000000E-09	9.33110255E+00	-1.80861078E+01	9.46934537E+00
2.49000000E+01	-3.40000000E+00	-1.10000000E+01	-1.00000000E-09	8.79724501E+00	-1.80861078E+01	9.46934537E+00
-3.00000000E+01	3.80000000E+00	-1.10000000E+01	-1.00000000E-09	1.01767986E+01	-1.89801955E+01	9.46934537E+00
-2.39000000E+01	3.80000000E+00	-1.10000000E+01	-1.00000000E-09	9.67394764E+00	-1.89801955E+01	9.46934537E+00
-1.78000000E+01	3.80000000E+00	-1.10000000E+01	-1.00000000E-09	9.07356677E+00	-1.89801955E+01	9.46934537E+00
-1.17000000E+01	3.80000000E+00	-1.10000000E+01	-1.00000000E-09	8.51581812E+00	-1.89801955E+01	9.46934537E+00
-5.60000000E+00	3.80000000E+00	-1.10000000E+01	-1.00000000E-09	8.13091107E+00	-1.89801955E+01	9.46934537E+00
5.00000000E-01	3.80000000E+00	-1.10000000E+01	-1.00000000E-09	8.00870423E+00	-1.89801955E+01	9.46934537E+00
6.60000000E+00	3.80000000E+00	-1.10000000E+01	-1.00000000E-09	8.17772742E+00	-1.89801955E+01	9.46934537E+00
1.27000000E+01	3.80000000E+00	-1.10000000E+01	-1.00000000E-09	8.59852129E+00	-1.89801955E+01	9.46934537E+00
1.88000000E+01	3.80000000E+00	-1.10000000E+01	-1.00000000E-09	9.17284927E+00	-1.89801955E+01	9.46934537E+00
2.49000000E+01	3.80000000E+00	-1.10000000E+01	-1.00000000E-09	9.76663145E+00	-1.89801955E+01	9.46934537E+00
-3.00000000E+01	1.10000000E+01	-1.10000000E+01	-1.00000000E-09	1.14681412E+01	-1.91007252E+01	9.46934537E+00
-2.39000000E+01	1.10000000E+01	-1.10000000E+01	-1.00000000E-09	1.02599455E+01	-1.91007252E+01	9.46934537E+00
-1.78000000E+01	1.10000000E+01	-1.10000000E+01	-1.00000000E-09	8.81741562E+00	-1.91007252E+01	9.46934537E+00
-1.17000000E+01	1.10000000E+01	-1.10000000E+01	-1.00000000E-09	7.47731783E+00	-1.91007252E+01	9.46934537E+00
-5.60000000E+00	1.10000000E+01	-1.10000000E+01	-1.00000000E-09	6.55250505E+00	-1.91007252E+01	9.46934537E+00
5.00000000E-01	1.10000000E+01	-1.10000000E+01	-1.00000000E-09	6.25887973E+00	-1.91007252E+01	9.46934537E+00
6.60000000E+00	1.10000000E+01	-1.10000000E+01	-1.00000000E-09	6.66499028E+00	-1.91007252E+01	9.46934537E+00
1.27000000E+01	1.10000000E+01	-1.10000000E+01	-1.00000000E-09	7.67602802E+00	-1.91007252E+01	9.46934537E+00
1.88000000E+01	1.10000000E+01	-1.10000000E+01	-1.00000000E-09	9.05596082E+00	-1.91007252E+01	9.46934537E+00
2.49000000E+01	1.10000000E+01	-1.10000000E+01	-1.00000000E-09	1.04826361E+01	-1.91007252E+01	9.46934537E+00
-3.00000000E+01	1.82000000E+01	-1.10000000E+01	-1.00000000E-09	1.16614919E+01	-1.81000257E+01	9.46934537E+00
-2.39000000E+01	1.82000000E+01	-1.10000000E+01	-1.00000000E-09	1.03476861E+01	-1.81000257E+01	9.46934537E+00
-1.78000000E+01	1.82000000E+01	-1.10000000E+01	-1.00000000E-09	8.77906250E+00	-1.81000257E+01	9.46934537E+00
-1.17000000E+01	1.82000000E+01	-1.10000000E+01	-1.00000000E-09	7.32182475E+00	-1.81000257E+01	9.46934537E+00
-5.60000000E+00	1.82000000E+01	-1.10000000E+01	-1.00000000E-09	6.31617270E+00	-1.81000257E+01	9.46934537E+00
5.00000000E-01	1.82000000E+01	-1.10000000E+01	-1.00000000E-09	5.99688116E+00	-1.81000257E+01	9.46934537E+00
6.60000000E+00	1.82000000E+01	-1.10000000E+01	-1.00000000E-09	6.43849044E+00	-1.81000257E+01	9.46934537E+00
1.27000000E+01	1.82000000E+01	-1.10000000E+01	-1.00000000E-09	7.53790450E+00	-1.81000257E+01	9.46934537E+00
1.88000000E+01	1.82000000E+01	-1.10000000E+01	-1.00000000E-09	9.03845929E+00	-1.81000257E+01	9.46934537E+00
2.49000000E+01	1.82000000E+01	-1.10000000E+01	-1.00000000E-09	1.05898423E+01	-1.81000257E+01	9.46934537E+00
-3.00000000E+01	-2.50000000E+01	-3.00000000E+00	-1.00000000E-09	1.03901607E+00	-6.27481182E+00	2.99527982E+00
-2.39000000E+01	-2.50000000E+01	-3.00000000E+00	-1.00000000E-09	1.85035526E+00	-6.27481182E+00	2.99527982E+00
-1.78000000E+01	-2.50000000E+01	-3.00000000E+00	-1.00000000E-09	2.81905679E+00	-6.27481182E+00	2.99527982E+00
-1.17000000E+01	-2.50000000E+01	-3.00000000E+00	-1.00000000E-09	3.71897216E+00	-6.27481182E+00	2.99527982E+00
-5.60000000E+00	-2.50000000E+01	-3.00000000E+00	-1.00000000E-09	4.34001134E+00	-6.27481182E+00	2.99527982E+00
5.00000000E-01	-2.50000000E+01	-3.00000000E+00	-1.00000000E-09	4.53718944E+00	-6.27481182E+00	2.99527982E+00
6.60000000E+00	-2.50000000E+01	-3.00000000E+00	-1.00000000E-09	4.26447417E+00	-6.27481182E+00	2.99527982E+00
1.27000000E+01	-2.50000000E+01	-3.00000000E+00	-1.00000000E-09	3.58553238E+00	-6.27481182E+00	2.99527982E+00
1.88000000E+01	-2.50000000E+01	-3.00000000E+00	-1.00000000E-09	2.65886662E+00	-6.27481182E+00	2.99527982E+00
2.49000000E+01	-2.50000000E+01	-3.00000000E+00	-1.00000000E-09	1.70081194E+00	-6.27481182E+00	2.99527982E+00
-3.00000000E+01	-1.78000000E+01	-3.00000000E+00	-1.00000000E-09	9.65469125E-02	-5.39458186E+00	2.99527982E+00
-2.39000000E+01	-1.78000000E+01	-3.00000000E+00	-1.00000000E-09	1.42267253E+00	-5.39458186E+00	2.99527982E+00
-1.78000000E+01	-1.78000000E+01	-3.00000000E+00	-1.00000000E-09	3.00600530E+00	-5.39458186E+00	2.99527982E+00
-1.17000000E+01	-1.78000000E+01	-3.00000000E+00	-1.00000000E-09	4.47690778E+00	-5.39458186E+00	2.99527982E+00
-5.60000000E+00	-1.78000000E+01	-3.00000000E+00	-1.00000000E-09	5.49198997E+00	-5.39458186E+00	2.99527982E+00
5.00000000E-01	-1.78000000E+01	-3.00000000E+00	-1.00000000E-09	5.81427556E+00	-5.39458186E+00	2.99527982E+00
6.60000000E+00	-1.78000000E+01	-3.00000000E+00	-1.00000000E-09	5.36852525E+00	-5.39458186E+00	2.99527982E+00
1.27000000E+01	-1.78000000E+01	-3.00000000E+00	-1.00000000E-09	4.25880182E+00	-5.39458186E+00	2.99527982E+00
1.88000000E+01	-1.78000000E+01	-3.00000000E+00	-1.00000000E-09	2.74417610E+00	-5.39458186E+00	2.99527982E+00
2.49000000E+01	-1.78000000E+01	-3.00000000E+00	-1.00000000E-09	1.17824551E+00	-5.39458186E+00	2.99527982E+00
-3.00000000E+01	-1.06000000E+01	-3.00000000E+00	-1.00000000E-09	3.59242643E-01	-4.43180218E+00	2.99527982E+00
-2.39000000E+01	-1.06000000E+01	-3.00000000E+00	-1.00000000E-09	1.54188113E+00	-4.43180218E+00	2.99527982E+00
-1.78000000E+01	-1.06000000E+01	-3.00000000E+00	-1.00000000E-09	2.95389688E+00	-4.43180218E+00	2.99527982E+00
-1.17000000E+01	-1.06000000E+01	-3.00000000E+00	-1.00000000E-09	4.26564734E+00	-4.43180218E+00	2.99527982E+00
-5.60000000E+00	-1.06000000E+01	-3.00000000E+00	-1.00000000E-09	5.17089738E+00	-4.43180218E+00	2.99527982E+00
5.00000000E-01	-1.06000000E+01	-3.00000000E+00	-1.00000000E-09	5.45831158E+00	-4.43180218E+00	2.99527982E+00
6.60000000E+00	-1.06000000E+01	-3.00000000E+00	-1.00000000E-09	5.06079156E+00	-4.43180218E+00	2.99527982E+00
1.27000000E+01	-1.06000000E+01	-3.00000000E+00	-1.00000000E-09	4.07114050E+00	-4.43180218E+00	2.99527982E+00
1.88000000E+01	-1.06000000E+01	-3.00000000E+00	-1.00000000E-09	2.72039767E+00	-4.43180218E+00	2.99527982E+00
2.49000000E+01	-1.06000000E+01	-3.00000000E+00	-1.00000000E-09	1.32390118E+00	-4.43180218E+00	2.99527982E+00
-3.00000000E+01	-3.40000000E+00	-3.00000000E+00	-1.00000000E-09	1.69670411E+00	-4.62257205E+00	2.99527982E+00
-2.39000000E+01	-3.40000000E+00	-3.00000000E+00	-1.00000000E-09	2.14880727E+00	-4.62257205E+00	2.99527982E+00
-1.78000000E+01	-3.40000000E+00	-3.00000000E+00	-1.00000000E-09	2.68859757E+00	-4.62257205E+00	2.99527982E+00
-1.17000000E+01	-3.40000000E+00	-3.00000000E+00	-1.00000000E-09	3.19005810E+00	-4.62257205E+00	2.99527982E+00
-5.60000000E+00	-3.40000000E+00	-3.00000000E+00	-1.00000000E-09	3.53612024E+00	-4.62257205E+00	2.99527982E+00
5.00000000E-01	-3.40000000E+00	-3.00000000E+00	-1.00000000E-09	3.64599394E+00	-4.62257205E+00	2.99527982E+00
6.60000000E+00	-3.40000000E+00	-3.00000000E+00	-1.00000000E-09	3.49402860E+00	-4.62257205E+00	2.99527982E+00
1.27000000E+01	-3.40000000E+00	-3.00000000E+00	-1.00000000E-09	3.11570135E+00	-4.62257205E+00	2.99527982E+00
1.88000000E+01	-3.40000000E+00	-3.00000000E+00	-1.00000000E-09	2.59933468E+00	-4.62257205E+00	2.99527982E+00
2.49000000E+01	-3.40000000E+00	-3.00000000E+00	-1.00000000E-09	2.06547713E+00	-4.62257205E+00	2.99527982E+00
-3.00000000E+01	3.80000000E+00	-3.00000000E+00	-1.00000000E-09	3.44503076E+00	-5.51665973E+00	2.99527982E+00
-2.39000000E+01	3.80000000E+00	-3.00000000E+00	-1.00000000E-09	2.94217976E+00	-5.51665973E+00	2.99527982E+00
-1.78000000E+01	3.80000000E+00	-3.00000000E+00	-1.00000000E-09	2.34179889E+00	-5.51665973E+00	2.99527982E+00
-1.17000000E+01	3.80000000E+00	-3.00000000E+00	-1.00000000E-09	1.78405024E+00	-5.51665973E+00	2.99527982E+00
-5.60000000E+00	3.80000000E+00	-3.00000000E+00	-1.00000000E-09	1.39914319E+00	-5.51665973E+00	2.99527982E+00
5.00000000E-01	3.80000000E+00	-3.00000000E+00	-1.00000000E-09	1.27693635E+00	-5.51665973E+00	2.99527982E+00
6.60000000E+00	3.80000000E+00	-3.00000000E+00	-1.00000000E-09	1.44595954E+00	-5.51665973E+00	2.99527982E+00
1.27000000E+01	3.80000000E+00	-3.00000000E+00	-1.00000000E-09	1.86675341E+00	-5.51665973E+00	2.99527982E+00
1.88000000E+01	3.80000000E+00	-3.00000000E+00	-1.00000000E-09	2.44108139E+00	-5.51665973E+00	2.99527982E+00
2.49000000E+01	3.80000000E+00	-3.00000000E+00	-1.00000000E-09	3.03486357E+00	-5.51665973E+00	2.99527982E+00
-3.00000000E+01	1.10000000E+01	-3.00000000E+00	-1.00000000E-09	4.73637328E+00	-5.63718943E+00	2.99527982E+00
-2.39000000E+01	1.10000000E+01	-3.00000000E+00	-1.00000000E-09	3.52817760E+00	-5.63718943E+00	2.99527982E+00
-1.78000000E+01	1.10000000E+01	-3.00000000E+00	-1.00000000E-09	2.08564774E+00	-5.63718943E+00	2.99527982E+00
-1.17000000E+01	1.10000000E+01	-3.00000000E+00	-1.00000000E-09	7.45549947E-01	-5.63718943E+00	2.99527982E+00
-5.60000000E+00	1.10000000E+01	-3.00000000E+00	-1.00000000E-09	-1.79262833E-01	-5.63718943E+00	2.99527982E+00
5.00000000E-01	1.10000000E+01	-3.00000000E+00	-1.00000000E-09	-4.72888145E-01	-5.63718943E+00	2.99527982E+00
6.60000000E+00	1.10000000E+01	-3.00000000E+00	-1.00000000E-09	-6.67775996E-02	-5.63718943E+00	2.99527982E+00
1.27000000E+01	1.10000000E+01	-3.00000000E+00	-1.00000000E-09	9.44260139E-01	-5.63718943E+00	2.99527982E+00
1.88000000E+01	1.10000000E+01	-3.00000000E+00	-1.00000000E-09	2.32419294E+00	-5.63718943E+00	2.99527982E+00
2.49000000E+01	1.10000000E+01	-3.00000000E+00	-1.00000000E-09	3.75086817E+00	-5.63718943E+00	2.99527982E+00
-3.00000000E+01	1.82000000E+01	-3.00000000E+00	-1.00000000E-09	4.92972404E+00	-4.63648996E+00	2.99527982E+00
-2.39000000E+01	1.82000000E+01	-3.00000000E+00	-1.00000000E-09	3.61591817E+00	-4.63648996E+00	2.99527982E+00
-1.78000000E+01	1.82000000E+01	-3.00000000E+00	-1.00000000E-09	2.04729462E+00	-4.63648996E+00	2.99527982E+00
-1.17000000E+01	1.82000000E+01	-3.00000000E+00	-1.00000000E-09	5.90056870E-01	-4.63648996E+00	2.99527982E+00
-5.60000000E+00	1.82000000E+01	-3.00000000E+00	-1.00000000E-09	-4.15595179E-01	-4.63648996E+00	2.99527982E+00
5.00000000E-01	1.82000000E+01	-3.00000000E+00	-1.00000000E-09	-7.34886719E-01	-4.63648996E+00	2.99527982E+00
6.60000000E+00	1.82000000E+01	-3.00000000E+00	-1.00000000E-09	-2.93277443E-01	-4.63648996E+00	2.99527982E+00
1.27000000E+01	1.82000000E+01	-3.00000000E+00	-1.00000000E-09	8.06136617E-01	-4.63648996E+00	2.99527982E+00
1.88000000E+01	1.82000000E+01	-3.00000000E+00	-1.00000000E-09	2.30669141E+00	-4.63648996E+00	2.99527982E+00
2.49000000E+01	1.82000000E+01	-3.00000000E+00	-1.00000000E-09	3.85807446E+00	-4.63648996E+00	2.99527982E+00
-3.00000000E+01	-2.50000000E+01	5.00000000E+00	-1.00000000E-09	-5.69275181E+00	7.18872394E+00	-4.89187014E+00
-2.39000000E+01	-2.50000000E+01	5.00000000E+00	-1.00000000E-09	-4.88141262E+00	7.18872394E+00	-4.89187014E+00
-1.78000000E+01	-2.50000000E+01	5.00000000E+00	-1.00000000E-09	-3.91271109E+00	7.18872394E+00	-4.89187014E+00
-1.17000000E+01	-2.50000000E+01	5.00000000E+00	-1.00000000E-09	-3.01279572E+00	7.18872394E+00	-4.89187014E+00
-5.60000000E+00	-2.50000000E+01	5.00000000E+00	-1.00000000E-09	-2.39175654E+00	7.18872394E+00	-4.89187014E+00
5.00000000E-01	-2.50000000E+01	5.00000000E+00	-1.00000000E-09	-2.19457844E+00	7.18872394E+00	-4.89187014E+00
6.60000000E+00	-2.50000000E+01	5.00000000E+00	-1.00000000E-09	-2.46729370E+00	7.18872394E+00	-4.89187014E+00
1.27000000E+01	-2.50000000E+01	5.00000000E+00	-1.00000000E-09	-3.14623550E+00	7.18872394E+00	-4.89187014E+00
1.88000000E+01	-2.50000000E+01	5.00000000E+00	-1.00000000E-09	-4.07290125E+00	7.18872394E+00	-4.89187014E+00
2.49000000E+01	-2.50000000E+01	5.00000000E+00	-1.00000000E-09	-5.03095594E+00	7.18872394E+00	-4.89187014E+00
-3.00000000E+01	-1.78000000E+01	5.00000000E+00	-1.00000000E-09	-6.63522097E+00	8.06895389E+00	-4.89187014E+00
-2.39000000E+01	-1.78000000E+01	5.00000000E+00	-1.00000000E-09	-5.30909535E+00	8.06895389E+00	-4.89187014E+00
-1.78000000E+01	-1.78000000E+01	5.00000000E+00	-1.00000000E-09	-3.72576258E+00	8.06895389E+00	-4.89187014E+00
-1.17000000E+01	-1.78000000E+01	5.00000000E+00	-1.00000000E-09	-2.25486010E+00	8.06895389E+00	-4.89187014E+00
-5.60000000E+00	-1.78000000E+01	5.00000000E+00	-1.00000000E-09	-1.23977790E+00	8.06895389E+00	-4.89187014E+00
5.00000000E-01	-1.78000000E+01	5.00000000E+00	-1.00000000E-09	-9.17492322E-01	8.06895389E+00	-4.89187014E+00
6.60000000E+00	-1.78000000E+01	5.00000000E+00	-1.00000000E-09	-1.36324263E+00	8.06895389E+00	-4.89187014E+00
1.27000000E+01	-1.78000000E+01	5.00000000E+00	-1.00000000E-09	-2.47296606E+00	8.06895389E+00	-4.89187014E+00
1.88000000E+01	-1.78000000E+01	5.00000000E+00	-1.00000000E-09	-3.98759178E+00	8.06895389E+00	-4.89187014E+00
2.49000000E+01	-1.78000000E+01	5.00000000E+00	-1.00000000E-09	-5.55352237E+00	8.06895389E+00	-4.89187014E+00
-3.00000000E+01	-1.06000000E+01	5.00000000E+00	-1.00000000E-09	-6.37252524E+00	9.03173357E+00	-4.89187014E+00
-2.39000000E+01	-1.06000000E+01	5.00000000E+00	-1.00000000E-09	-5.18988675E+00	9.03173357E+00	-4.89187014E+00
-1.78000000E+01	-1.06000000E+01	5.00000000E+00	-1.00000000E-09	-3.77787099E+00	9.03173357E+00	-4.89187014E+00
-1.17000000E+01	-1.06000000E+01	5.00000000E+00	-1.00000000E-09	-2.46612054E+00	9.03173357E+00	-4.89187014E+00
-5.60000000E+00	-1.06000000E+01	5.00000000E+00	-1.00000000E-09	-1.56087050E+00	9.03173357E+00	-4.89187014E+00
5.00000000E-01	-1.06000000E+01	5.00000000E+00	-1.00000000E-09	-1.27345630E+00	9.03173357E+00	-4.89187014E+00
6.60000000E+00	-1.06000000E+01	5.00000000E+00	-1.00000000E-09	-1.67097631E+00	9.03173357E+00	-4.89187014E+00
1.27000000E+01	-1.06000000E+01	5.00000000E+00	-1.00000000E-09	-2.66062738E+00	9.03173357E+00	-4.89187014E+00
1.88000000E+01	-1.06000000E+01	5.00000000E+00	-1.00000000E-09	-4.01137020E+00	9.03173357E+00	-4.89187014E+00
2.49000000E+01	-1.06000000E+01	5.00000000E+00	-1.00000000E-09	-5.40786670E+00	9.03173357E+00	-4.89187014E+00
-3.00000000E+01	-3.40000000E+00	5.00000000E+00	-1.00000000E-09	-5.03506377E+00	8.84096371E+00	-4.89187014E+00
-2.39000000E+01	-3.40000000E+00	5.00000000E+00	-1.00000000E-09	-4.58296061E+00	8.84096371E+00	-4.89187014E+00
-1.78000000E+01	-3.40000000E+00	5.00000000E+00	-1.00000000E-09	-4.04317031E+00	8.84096371E+00	-4.89187014E+00
-1.17000000E+01	-3.40000000E+00	5.00000000E+00	-1.00000000E-09	-3.54170978E+00	8.84096371E+00	-4.89187014E+00
-5.60000000E+00	-3.40000000E+00	5.00000000E+00	-1.00000000E-09	-3.19564764E+00	8.84096371E+00	-4.89187014E+00
5.00000000E-01	-3.40000000E+00	5.00000000E+00	-1.00000000E-09	-3.08577394E+00	8.84096371E+00	-4.89187014E+00
6.60000000E+00	-3.40000000E+00	5.00000000E+00	-1.00000000E-09	-3.23773927E+00	8.84096371E+00	-4.89187014E+00
1.27000000E+01	-3.40000000E+00	5.00000000E+00	-1.00000000E-09	-3.61606653E+00	8.84096371E+00	-4.89187014E+00
1.88000000E+01	-3.40000000E+00	5.00000000E+00	-1.00000000E-09	-4.13243320E+00	8.84096371E+00	-4.89187014E+00
2.49000000E+01	-3.40000000E+00	5.00000000E+00	-1.00000000E-09	-4.66629075E+00	8.84096371E+00	-4.89187014E+00
-3.00000000E+01	3.80000000E+00	5.00000000E+00	-1.00000000E-09	-3.28673712E+00	7.94687603E+00	-4.89187014E+00
-2.39000000E+01	3.80000000E+00	5.00000000E+00	-1.00000000E-09	-3.78958811E+00	7.94687603E+00	-4.89187014E+00
-1.78000000E+01	3.80000000E+00	5.00000000E+00	-1.00000000E-09	-4.38996899E+00	7.94687603E+00	-4.89187014E+00
-1.17000000E+01	3.80000000E+00	5.00000000E+00	-1.00000000E-09	-4.94771764E+00	7.94687603E+00	-4.89187014E+00
-5.60000000E+00	3.80000000E+00	5.00000000E+00	-1.00000000E-09	-5.33262468E+00	7.94687603E+00	-4.89187014E+00
5.00000000E-01	3.80000000E+00	5.00000000E+00	-1.00000000E-09	-5.45483153E+00	7.94687603E+00	-4.89187014E+00
6.60000000E+00	3.80000000E+00	5.00000000E+00	-1.00000000E-09	-5.28580833E+00	7.94687603E+00	-4.89187014E+00
1.27000000E+01	3.80000000E+00	5.00000000E+00	-1.00000000E-09	-4.86501447E+00	7.94687603E+00	-4.89187014E+00
1.88000000E+01	3.80000000E+00	5.00000000E+00	-1.00000000E-09	-4.29068649E+00	7.94687603E+00	-4.89187014E+00
2.49000000E+01	3.80000000E+00	5.00000000E+00	-1.00000000E-09	-3.69690431E+00	7.94687603E+00	-4.89187014E+00
-3.00000000E+01	1.10000000E+01	5.00000000E+00	-1.00000000E-09	-1.99539460E+00	7.82634632E+00	-4.89187014E+00
-2.39000000E+01	1.10000000E+01	5.00000000E+00	-1.00000000E-09	-3.20359027E+00	7.82634632E+00	-4.89187014E+00
-1.78000000E+01	1.10000000E+01	5.00000000E+00	-1.00000000E-09	-4.64612014E+00	7.82634632E+00	-4.89187014E+00
-1.17000000E+01	1.10000000E+01	5.00000000E+00	-1.00000000E-09	-5.98621793E+00	7.82634632E+00	-4.89187014E+00
-5.60000000E+00	1.10000000E+01	5.00000000E+00	-1.00000000E-09	-6.91103071E+00	7.82634632E+00	-4.89187014E+00
5.00000000E-01	1.10000000E+01	5.00000000E+00	-1.00000000E-09	-7.20465602E+00	7.82634632E+00	-4.89187014E+00
6.60000000E+00	1.10000000E+01	5.00000000E+00	-1.00000000E-09	-6.79854548E+00	7.82634632E+00	-4.89187014E+00
1.27000000E+01	1.10000000E+01	5.00000000E+00	-1.00000000E-09	-5.78750774E+00	7.82634632E+00	-4.89187014E+00
1.88000000E+01	1.10000000E+01	5.00000000E+00	-1.00000000E-09	-4.40757494E+00	7.82634632E+00	-4.89187014E+00
2.49000000E+01	1.10000000E+01	5.00000000E+00	-1.00000000E-09	-2.98089971E+00	7.82634632E+00	-4.89187014E+00
-3.00000000E+01	1.82000000E+01	5.00000000E+00	-1.00000000E-09	-1.80204384E+00	8.82704579E+00	-4.89187014E+00
-2.39000000E+01	1.82000000E+01	5.00000000E+00	-1.00000000E-09	-3.11584970E+00	8.82704579E+00	-4.89187014E+00
-1.78000000E+01	1.82000000E+01	5.00000000E+00	-1.00000000E-09	-4.68447326E+00	8.82704579E+00	-4.89187014E+00
-1.17000000E+01	1.82000000E+01	5.00000000E+00	-1.00000000E-09	-6.14171101E+00	8.82704579E+00	-4.89187014E+00
-5.60000000E+00	1.82000000E+01	5.00000000E+00	-1.00000000E-09	-7.14736306E+00	8.82704579E+00	-4.89187014E+00
5.00000000E-01	1.82000000E+01	5.00000000E+00	-1.00000000E-09	-7.46665460E+00	8.82704579E+00	-4.89187014E+00
6.60000000E+00	1.82000000E+01	5.00000000E+00	-1.00000000E-09	-7.02504532E+00	8.82704579E+00	-4.89187014E+00
1.27000000E+01	1.82000000E+01	5.00000000E+00	-1.00000000E-09	-5.92563126E+00	8.82704579E+00	-4.89187014E+00
1.88000000E+01	1.82000000E+01	5.00000000E+00	-1.00000000E-09	-4.42507647E+00	8.82704579E+00	-4.89187014E+00
2.49000000E+01	1.82000000E+01	5.00000000E+00	-1.00000000E-09	-2.87369342E+00	8.82704579E+00	-4.89187014E+00
-3.00000000E+01	-2.50000000E+01	1.30000000E+01	-1.00000000E-09	-1.24245197E+01	2.06522597E+01	-1.04501501E+01
-2.39000000E+01	-2.50000000E+01	1.30000000E+01	-1.00000000E-09	-1.16131805E+01	2.06522597E+01	-1.04501501E+01
-1.78000000E+01	-2.50000000E+01	1.30000000E+01	-1.00000000E-09	-1.06444790E+01	2.06522597E+01	-1.04501501E+01
-1.17000000E+01	-2.50000000E+01	1.30000000E+01	-1.00000000E-09	-9.74456359E+00	2.06522597E+01	-1.04501501E+01
-5.60000000E+00	-2.50000000E+01	1.30000000E+01	-1.00000000E-09	-9.12352442E+00	2.06522597E+01	-1.04501501E+01
5.00000000E-01	-2.50000000E+01	1.30000000E+01	-1.00000000E-09	-8.92634632E+00	2.06522597E+01	-1.04501501E+01
6.60000000E+00	-2.50000000E+01	1.30000000E+01	-1.00000000E-09	-9.19906158E+00	2.06522597E+01	-1.04501501E+01
1.27000000E+01	-2.50000000E+01	1.30000000E+01	-1.00000000E-09	-9.87800338E+00	2.06522597E+01	-1.04501501E+01
1.88000000E+01	-2.50000000E+01	1.30000000E+01	-1.00000000E-09	-1.08046691E+01	2.06522597E+01	-1.04501501E+01
2.49000000E+01	-2.50000000E+01	1.30000000E+01	-1.00000000E-09	-1.17627238E+01	2.06522597E+01	-1.04501501E+01
-3.00000000E+01	-1.78000000E+01	1.30000000E+01	-1.00000000E-09	-1.33669888E+01	2.15324897E+01	-1.04501501E+01
-2.39000000E+01	-1.78000000E+01	1.30000000E+01	-1.00000000E-09	-1.20408632E+01	2.15324897E+01	-1.04501501E+01
-1.78000000E+01	-1.78000000E+01	1.30000000E+01	-1.00000000E-09	-1.04575305E+01	2.15324897E+01	-1.04501501E+01
-1.17000000E+01	-1.78000000E+01	1.30000000E+01	-1.00000000E-09	-8.98662798E+00	2.15324897E+01	-1.04501501E+01
-5.60000000E+00	-1.78000000E+01	1.30000000E+01	-1.00000000E-09	-7.97154578E+00	2.15324897E+01	-1.04501501E+01
5.00000000E-01	-1.78000000E+01	1.30000000E+01	-1.00000000E-09	-7.64926020E+00	2.15324897E+01	-1.04501501E+01
6.60000000E+00	-1.78000000E+01	1.30000000E+01	-1.00000000E-09	-8.09501051E+00	2.15324897E+01	-1.04501501E+01
1.27000000E+01	-1.78000000E+01	1.30000000E+01	-1.00000000E-09	-9.20473394E+00	2.15324897E+01	-1.04501501E+01
1.88000000E+01	-1.78000000E+01	1.30000000E+01	-1.00000000E-09	-1.07193597E+01	2.15324897E+01	-1.04501501E+01
2.49000000E+01	-1.78000000E+01	1.30000000E+01	-1.00000000E-09	-1.22852902E+01	2.15324897E+01	-1.04501501E+01
-3.00000000E+01	-1.06000000E+01	1.30000000E+01	-1.00000000E-09	-1.31042931E+01	2.24952693E+01	-1.04501501E+01
-2.39000000E+01	-1.06000000E+01	1.30000000E+01	-1.00000000E-09	-1.19216546E+01	2.24952693E+01	-1.04501501E+01
-1.78000000E+01	-1.06000000E+01	1.30000000E+01	-1.00000000E-09	-1.05096389E+01	2.24952693E+01	-1.04501501E+01
-1.17000000E+01	-1.06000000E+01	1.30000000E+01	-1.00000000E-09	-9.19788842E+00	2.24952693E+01	-1.04501501E+01
-5.60000000E+00	-1.06000000E+01	1.30000000E+01	-1.00000000E-09	-8.29263838E+00	2.24952693E+01	-1.04501501E+01
5.00000000E-01	-1.06000000E+01	1.30000000E+01	-1.00000000E-09	-8.00522418E+00	2.24952693E+01	-1.04501501E+01
6.60000000E+00	-1.06000000E+01	1.30000000E+01	-1.00000000E-09	-8.40274419E+00	2.24952693E+01	-1.04501501E+01
1.27000000E+01	-1.06000000E+01	1.30000000E+01	-1.00000000E-09	-9.39239526E+00	2.24952693E+01	-1.04501501E+01
1.88000000E+01	-1.06000000E+01	1.30000000E+01	-1.00000000E-09	-1.07431381E+01	2.24952693E+01	-1.04501501E+01
2.49000000E+01	-1.06000000E+01	1.30000000E+01	-1.00000000E-09	-1.21396346E+01	2.24952693E+01	-1.04501501E+01
-3.00000000E+01	-3.40000000E+00	1.30000000E+01	-1.00000000E-09	-1.17668317E+01	2.23044995E+01	-1.04501501E+01
-2.39000000E+01	-3.40000000E+00	1.30000000E+01	-1.00000000E-09	-1.13147285E+01	2.23044995E+01	-1.04501501E+01
-1.78000000E+01	-3.40000000E+00	1.30000000E+01	-1.00000000E-09	-1.07749382E+01	2.23044995E+01	-1.04501501E+01
-1.17000000E+01	-3.40000000E+00	1.30000000E+01	-1.00000000E-09	-1.02734777E+01	2.23044995E+01	-1.04501501E+01
-5.60000000E+00	-3.40000000E+00	1.30000000E+01	-1.00000000E-09	-9.92741552E+00	2.23044995E+01	-1.04501501E+01
5.00000000E-01	-3.40000000E+00	1.30000000E+01	-1.00000000E-09	-9.81754182E+00	2.23044995E+01	-1.04501501E+01
6.60000000E+00	-3.40000000E+00	1.30000000E+01	-1.00000000E-09	-9.96950715E+00	2.23044995E+01	-1.04501501E+01
1.27000000E+01	-3.40000000E+00	1.30000000E+01	-1.00000000E-09	-1.03478344E+01	2.23044995E+01	-1.04501501E+01
1.88000000E+01	-3.40000000E+00	1.30000000E+01	-1.00000000E-09	-1.08642011E+01	2.23044995E+01	-1.04501501E+01
2.49000000E+01	-3.40000000E+00	1.30000000E+01	-1.00000000E-09	-1.13980586E+01	2.23044995E+01	-1.04501501E+01
-3.00000000E+01	3.80000000E+00	1.30000000E+01	-1.00000000E-09	-1.00185050E+01	2.14104118E+01	-1.04501501E+01
-2.39000000E+01	3.80000000E+00	1.30000000E+01	-1.00000000E-09	-1.05213560E+01	2.14104118E+01	-1.04501501E+01
-1.78000000E+01	3.80000000E+00	1.30000000E+01	-1.00000000E-09	-1.11217369E+01	2.14104118E+01	-1.04501501E+01
-1.17000000E+01	3.80000000E+00	1.30000000E+01	-1.00000000E-09	-1.16794855E+01	2.14104118E+01	-1.04501501E+01
-5.60000000E+00	3.80000000E+00	1.30000000E+01	-1.00000000E-09	-1.20643926E+01	2.14104118E+01	-1.04501501E+01
5.00000000E-01	3.80000000E+00	1.30000000E+01	-1.00000000E-09	-1.21865994E+01	2.14104118E+01	-1.04501501E+01
6.60000000E+00	3.80000000E+00	1.30000000E+01	-1.00000000E-09	-1.20175762E+01	2.14104118E+01	-1.04501501E+01
1.27000000E+01	3.80000000E+00	1.30000000E+01	-1.00000000E-09	-1.15967823E+01	2.14104118E+01	-1.04501501E+01
1.88000000E+01	3.80000000E+00	1.30000000E+01	-1.00000000E-09	-1.10224544E+01	2.14104118E+01	-1.04501501E+01
2.49000000E+01	3.80000000E+00	1.30000000E+01	-1.00000000E-09	-1.04286722E+01	2.14104118E+01	-1.04501501E+01
-3.00000000E+01	1.10000000E+01	1.30000000E+01	-1.00000000E-09	-8.72716248E+00	2.12898821E+01	-1.04501501E+01
-2.39000000E+01	1.10000000E+01	1.30000000E+01	-1.00000000E-09	-9.93535815E+00	2.12898821E+01	-1.04501501E+01
-1.78000000E+01	1.10000000E+01	1.30000000E+01	-1.00000000E-09	-1.13778880E+01	2.12898821E+01	-1.04501501E+01
-1.17000000E+01	1.10000000E+01	1.30000000E+01	-1.00000000E-09	-1.27179858E+01	2.12898821E+01	-1.04501501E+01
-5.60000000E+00	1.10000000E+01	1.30000000E+01	-1.00000000E-09	-1.36427986E+01	2.12898821E+01	-1.04501501E+01
5.00000000E-01	1.10000000E+01	1.30000000E+01	-1.00000000E-09	-1.39364239E+01	2.12898821E+01	-1.04501501E+01
6.60000000E+00	1.10000000E+01	1.30000000E+01	-1.00000000E-09	-1.35303134E+01	2.12898821E+01	-1.04501501E+01
1.27000000E+01	1.10000000E+01	1.30000000E+01	-1.00000000E-09	-1.25192756E+01	2.12898821E+01	-1.04501501E+01
1.88000000E+01	1.10000000E+01	1.30000000E+01	-1.00000000E-09	-1.11393428E+01	2.12898821E+01	-1.04501501E+01
2.49000000E+01	1.10000000E+01	1.30000000E+01	-1.00000000E-09	-9.71266759E+00	2.12898821E+01	-1.04501501E+01
-3.00000000E+01	1.82000000E+01	1.30000000E+01	-1.00000000E-09	-8.53381171E+00	2.22905815E+01	-1.04501501E+01
-2.39000000E+01	1.82000000E+01	1.30000000E+01	-1.00000000E-09	-9.84761758E+00	2.22905815E+01	-1.04501501E+01
-1.78000000E+01	1.82000000E+01	1.30000000E+01	-1.00000000E-09	-1.14162411E+01	2.22905815E+01	-1.04501501E+01
-1.17000000E+01	1.82000000E+01	1.30000000E+01	-1.00000000E-09	-1.28734789E+01	2.22905815E+01	-1.04501501E+01
-5.60000000E+00	1.82000000E+01	1.30000000E+01	-1.00000000E-09	-1.38791309E+01	2.22905815E+01	-1.04501501E+01
5.00000000E-01	1.82000000E+01	1.30000000E+01	-1.00000000E-09	-1.41984225E+01	2.22905815E+01	-1.04501501E+01
6.60000000E+00	1.82000000E+01	1.30000000E+01	-1.00000000E-09	-1.37568132E+01	2.22905815E+01	-1.04501501E+01
1.27000000E+01	1.82000000E+01	1.30000000E+01	-1.00000000E-09	-1.26573991E+01	2.22905815E+01	-1.04501501E+01
1.88000000E+01	1.82000000E+01	1.30000000E+01	-1.00000000E-09	-1.11568443E+01	2.22905815E+01	-1.04501501E+01
2.49000000E+01	1.82000000E+01	1.30000000E+01	-1.00000000E-09	-9.60546130E+00	2.22905815E+01	-1.04501501E+01
-3.00000000E+01	-2.50000000E+01	2.10000000E+01	-1.00000000E-09	-1.91562876E+01	3.41157955E+01	-1.05510283E+01
-2.39000000E+01	-2.50000000E+01	2.10000000E+01	-1.00000000E-09	-1.83449484E+01	3.41157955E+01	-1.05510283E+01
-1.78000000E+01	-2.50000000E+01	2.10000000E+01	-1.00000000E-09	-1.73762468E+01	3.41157955E+01	-1.05510283E+01
-1.17000000E+01	-2.50000000E+01	2.10000000E+01	-1.00000000E-09	-1.64763315E+01	3.41157955E+01	-1.05510283E+01
-5.60000000E+00	-2.50000000E+01	2.10000000E+01	-1.00000000E-09	-1.58552923E+01	3.41157955E+01	-1.05510283E+01
5.00000000E-01	-2.50000000E+01	2.10000000E+01	-1.00000000E-09	-1.56581142E+01	3.41157955E+01	-1.05510283E+01
6.60000000E+00	-2.50000000E+01	2.10000000E+01	-1.00000000E-09	-1.59308295E+01	3.41157955E+01	-1.05510283E+01
1.27000000E+01	-2.50000000E+01	2.10000000E+01	-1.00000000E-09	-1.66097713E+01	3.41157955E+01	-1.05510283E+01
1.88000000E+01	-2.50000000E+01	2.10000000E+01	-1.00000000E-09	-1.75364370E+01	3.41157955E+01	-1.05510283E+01
2.49000000E+01	-2.50000000E+01	2.10000000E+01	-1.00000000E-09	-1.84944917E+01	3.41157955E+01	-1.05510283E+01
-3.00000000E+01	-1.78000000E+01	2.10000000E+01	-1.00000000E-09	-2.00987567E+01	3.49960254E+01	-1.05510283E+01
-2.39000000E+01	-1.78000000E+01	2.10000000E+01	-1.00000000E-09	-1.87726311E+01	3.49960254E+01	-1.05510283E+01
-1.78000000E+01	-1.78000000E+01	2.10000000E+01	-1.00000000E-09	-1.71892983E+01	3.49960254E+01	-1.05510283E+01
-1.17000000E+01	-1.78000000E+01	2.10000000E+01	-1.00000000E-09	-1.57183959E+01	3.49960254E+01	-1.05510283E+01
-5.60000000E+00	-1.78000000E+01	2.10000000E+01	-1.00000000E-09	-1.47033137E+01	3.49960254E+01	-1.05510283E+01
5.00000000E-01	-1.78000000E+01	2.10000000E+01	-1.00000000E-09	-1.43810281E+01	3.49960254E+01	-1.05510283E+01
6.60000000E+00	-1.78000000E+01	2.10000000E+01	-1.00000000E-09	-1.48267784E+01	3.49960254E+01	-1.05510283E+01
1.27000000E+01	-1.78000000E+01	2.10000000E+01	-1.00000000E-09	-1.59365018E+01	3.49960254E+01	-1.05510283E+01
1.88000000E+01	-1.78000000E+01	2.10000000E+01	-1.00000000E-09	-1.74511275E+01	3.49960254E+01	-1.05510283E+01
2.49000000E+01	-1.78000000E+01	2.10000000E+01	-1.00000000E-09	-1.90170581E+01	3.49960254E+01	-1.05510283E+01
-3.00000000E+01	-1.06000000E+01	2.10000000E+01	-1.00000000E-09	-1.98360610E+01	3.59588051E+01	-1.05510283E+01
-2.39000000E+01	-1.06000000E+01	2.10000000E+01	-1.00000000E-09	-1.86534225E+01	3.59588051E+01	-1.05510283E+01
-1.78000000E+01	-1.06000000E+01	2.10000000E+01	-1.00000000E-09	-1.72414068E+01	3.59588051E+01	-1.05510283E+01
-1.17000000E+01	-1.06000000E+01	2.10000000E+01	-1.00000000E-09	-1.59296563E+01	3.59588051E+01	-1.05510283E+01
-5.60000000E+00	-1.06000000E+01	2.10000000E+01	-1.00000000E-09	-1.50244063E+01	3.59588051E+01	-1.05510283E+01
5.00000000E-01	-1.06000000E+01	2.10000000E+01	-1.00000000E-09	-1.47369921E+01	3.59588051E+01	-1.05510283E+01
6.60000000E+00	-1.06000000E+01	2.10000000E+01	-1.00000000E-09	-1.51345121E+01	3.59588051E+01	-1.05510283E+01
1.27000000E+01	-1.06000000E+01	2.10000000E+01	-1.00000000E-09	-1.61241631E+01	3.59588051E+01	-1.05510283E+01
1.88000000E+01	-1.06000000E+01	2.10000000E+01	-1.00000000E-09	-1.74749060E+01	3.59588051E+01	-1.05510283E+01
2.49000000E+01	-1.06000000E+01	2.10000000E+01	-1.00000000E-09	-1.88714025E+01	3.59588051E+01	-1.05510283E+01
-3.00000000E+01	-3.40000000E+00	2.10000000E+01	-1.00000000E-09	-1.84985995E+01	3.57680352E+01	-1.05510283E+01
-2.39000000E+01	-3.40000000E+00	2.10000000E+01	-1.00000000E-09	-1.80464964E+01	3.57680352E+01	-1.05510283E+01
-1.78000000E+01	-3.40000000E+00	2.10000000E+01	-1.00000000E-09	-1.75067061E+01	3.57680352E+01	-1.05510283E+01
-1.17000000E+01	-3.40000000E+00	2.10000000E+01	-1.00000000E-09	-1.70052455E+01	3.57680352E+01	-1.05510283E+01
-5.60000000E+00	-3.40000000E+00	2.10000000E+01	-1.00000000E-09	-1.66591834E+01	3.57680352E+01	-1.05510283E+01
5.00000000E-01	-3.40000000E+00	2.10000000E+01	-1.00000000E-09	-1.65493097E+01	3.57680352E+01	-1.05510283E+01
6.60000000E+00	-3.40000000E+00	2.10000000E+01	-1.00000000E-09	-1.67012750E+01	3.57680352E+01	-1.05510283E+01
1.27000000E+01	-3.40000000E+00	2.10000000E+01	-1.00000000E-09	-1.70796023E+01	3.57680352E+01	-1.05510283E+01
1.88000000E+01	-3.40000000E+00	2.10000000E+01	-1.00000000E-09	-1.75959690E+01	3.57680352E+01	-1.05510283E+01
2.49000000E+01	-3.40000000E+00	2.10000000E+01	-1.00000000E-09	-1.81298265E+01	3.57680352E+01	-1.05510283E+01
-3.00000000E+01	3.80000000E+00	2.10000000E+01	-1.00000000E-09	-1.67502729E+01	3.48739475E+01	-1.05510283E+01
-2.39000000E+01	3.80000000E+00	2.10000000E+01	-1.00000000E-09	-1.72531239E+01	3.48739475E+01	-1.05510283E+01
-1.78000000E+01	3.80000000E+00	2.10000000E+01	-1.00000000E-09	-1.78535047E+01	3.48739475E+01	-1.05510283E+01
-1.17000000E+01	3.80000000E+00	2.10000000E+01	-1.00000000E-09	-1.84112534E+01	3.48739475E+01	-1.05510283E+01
-5.60000000E+00	3.80000000E+00	2.10000000E+01	-1.00000000E-09	-1.87961604E+01	3.48739475E+01	-1.05510283E+01
5.00000000E-01	3.80000000E+00	2.10000000E+01	-1.00000000E-09	-1.89183673E+01	3.48739475E+01	-1.05510283E+01
6.60000000E+00	3.80000000E+00	2.10000000E+01	-1.00000000E-09	-1.87493441E+01	3.48739475E+01	-1.05510283E+01
1.27000000E+01	3.80000000E+00	2.10000000E+01	-1.00000000E-09	-1.83285502E+01	3.48739475E+01	-1.05510283E+01
1.88000000E+01	3.80000000E+00	2.10000000E+01	-1.00000000E-09	-1.77542222E+01	3.48739475E+01	-1.05510283E+01
2.49000000E+01	3.80000000E+00	2.10000000E+01	-1.00000000E-09	-1.71604401E+01	3.48739475E+01	-1.05510283E+01
-3.00000000E+01	1.10000000E+01	2.10000000E+01	-1.00000000E-09	-1.54589304E+01	3.47534178E+01	-1.05510283E+01
-2.39000000E+01	1.10000000E+01	2.10000000E+01	-1.00000000E-09	-1.66671260E+01	3.47534178E+01	-1.05510283E+01
-1.78000000E+01	1.10000000E+01	2.10000000E+01	-1.00000000E-09	-1.81096559E+01	3.47534178E+01	-1.05510283E+01
-1.17000000E+01	1.10000000E+01	2.10000000E+01	-1.00000000E-09	-1.94497537E+01	3.47534178E+01	-1.05510283E+01
-5.60000000E+00	1.10000000E+01	2.10000000E+01	-1.00000000E-09	-2.03745665E+01	3.47534178E+01	-1.05510283E+01
5.00000000E-01	1.10000000E+01	2.10000000E+01	-1.00000000E-09	-2.06681918E+01	3.47534178E+01	-1.05510283E+01
6.60000000E+00	1.10000000E+01	2.10000000E+01	-1.00000000E-09	-2.02620812E+01	3.47534178E+01	-1.05510283E+01
1.27000000E+01	1.10000000E+01	2.10000000E+01	-1.00000000E-09	-1.92510435E+01	3.47534178E+01	-1.05510283E+01
1.88000000E+01	1.10000000E+01	2.10000000E+01	-1.00000000E-09	-1.78711107E+01	3.47534178E+01	-1.05510283E+01
2.49000000E+01	1.10000000E+01	2.10000000E+01	-1.00000000E-09	-1.64444355E+01	3.47534178E+01	-1.05510283E+01
-3.00000000E+01	1.82000000E+01	2.10000000E+01	-1.00000000E-09	-1.52655796E+01	3.57541173E+01	-1.05510283E+01
-2.39000000E+01	1.82000000E+01	2.10000000E+01	-1.00000000E-09	-1.65793855E+01	3.57541173E+01	-1.05510283E+01
-1.78000000E+01	1.82000000E+01	2.10000000E+01	-1.00000000E-09	-1.81480090E+01	3.57541173E+01	-1.05510283E+01
-1.17000000E+01	1.82000000E+01	2.10000000E+01	-1.00000000E-09	-1.96052468E+01	3.57541173E+01	-1.05510283E+01
-5.60000000E+00	1.82000000E+01	2.10000000E+01	-1.00000000E-09	-2.06108988E+01	3.57541173E+01	-1.05510283E+01
5.00000000E-01	1.82000000E+01	2.10000000E+01	-1.00000000E-09	-2.09301904E+01	3.57541173E+01	-1.05510283E+01
6.60000000E+00	1.82000000E+01	2.10000000E+01	-1.00000000E-09	-2.04885811E+01	3.57541173E+01	-1.05510283E+01
1.27000000E+01	1.82000000E+01	2.10000000E+01	-1.00000000E-09	-1.93891670E+01	3.57541173E+01	-1.05510283E+01
1.88000000E+01	1.82000000E+01	2.10000000E+01	-1.00000000E-09	-1.78886122E+01	3.57541173E+01	-1.05510283E+01
2.49000000E+01	1.82000000E+01	2.10000000E+01	-1.00000000E-09	-1.63372292E+01	3.57541173E+01	-1.05510283E+01
-3.00000000E+01	-2.50000000E+01	2.90000000E+01	-1.00000000E-09	-2.58880554E+01	4.75793312E+01	-3.52870552E+00
-2.39000000E+01	-2.50000000E+01	2.90000000E+01	-1.00000000E-09	-2.50767163E+01	4.75793312E+01	-3.52870552E+00
-1.78000000E+01	-2.50000000E+01	2.90000000E+01	-1.00000000E-09	-2.41080147E+01	4.75793312E+01	-3.52870552E+00
-1.17000000E+01	-2.50000000E+01	2.90000000E+01	-1.00000000E-09	-2.32080994E+01	4.75793312E+01	-3.52870552E+00
-5.60000000E+00	-2.50000000E+01	2.90000000E+01	-1.00000000E-09	-2.25870602E+01	4.75793312E+01	-3.52870552E+00
5.00000000E-01	-2.50000000E+01	2.90000000E+01	-1.00000000E-09	-2.23898821E+01	4.75793312E+01	-3.52870552E+00
6.60000000E+00	-2.50000000E+01	2.90000000E+01	-1.00000000E-09	-2.26625973E+01	4.75793312E+01	-3.52870552E+00
1.27000000E+01	-2.50000000E+01	2.90000000E+01	-1.00000000E-09	-2.33415391E+01	4.75793312E+01	-3.52870552E+00
1.88000000E+01	-2.50000000E+01	2.90000000E+01	-1.00000000E-09	-2.42682049E+01	4.75793312E+01	-3.52870552E+00
2.49000000E+01	-2.50000000E+01	2.90000000E+01	-1.00000000E-09	-2.52262596E+01	4.75793312E+01	-3.52870552E+00
-3.00000000E+01	-1.78000000E+01	2.90000000E+01	-1.00000000E-09	-2.68305246E+01	4.84595612E+01	-3.52870552E+00
-2.39000000E+01	-1.78000000E+01	2.90000000E+01	-1.00000000E-09	-2.55043990E+01	4.84595612E+01	-3.52870552E+00
-1.78000000E+01	-1.78000000E+01	2.90000000E+01	-1.00000000E-09	-2.39210662E+01	4.84595612E+01	-3.52870552E+00
-1.17000000E+01	-1.78000000E+01	2.90000000E+01	-1.00000000E-09	-2.24501637E+01	4.84595612E+01	-3.52870552E+00
-5.60000000E+00	-1.78000000E+01	2.90000000E+01	-1.00000000E-09	-2.14350815E+01	4.84595612E+01	-3.52870552E+00
5.00000000E-01	-1.78000000E+01	2.90000000E+01	-1.00000000E-09	-2.11127960E+01	4.84595612E+01	-3.52870552E+00
6.60000000E+00	-1.78000000E+01	2.90000000E+01	-1.00000000E-09	-2.15585463E+01	4.84595612E+01	-3.52870552E+00
1.27000000E+01	-1.78000000E+01	2.90000000E+01	-1.00000000E-09	-2.26682697E+01	4.84595612E+01	-3.52870552E+00
1.88000000E+01	-1.78000000E+01	2.90000000E+01	-1.00000000E-09	-2.41828954E+01	4.84595612E+01	-3.52870552E+00
2.49000000E+01	-1.78000000E+01	2.90000000E+01	-1.00000000E-09	-2.57488260E+01	4.84595612E+01	-3.52870552E+00
-3.00000000E+01	-1.06000000E+01	2.90000000E+01	-1.00000000E-09	-2.65678289E+01	4.94223408E+01	-3.52870552E+00
-2.39000000E+01	-1.06000000E+01	2.90000000E+01	-1.00000000E-09	-2.53851904E+01	4.94223408E+01	-3.52870552E+00
-1.78000000E+01	-1.06000000E+01	2.90000000E+01	-1.00000000E-09	-2.39731746E+01	4.94223408E+01	-3.52870552E+00
-1.17000000E+01	-1.06000000E+01	2.90000000E+01	-1.00000000E-09	-2.26614242E+01	4.94223408E+01	-3.52870552E+00
-5.60000000E+00	-1.06000000E+01	2.90000000E+01	-1.00000000E-09	-2.17561741E+01	4.94223408E+01	-3.52870552E+00
5.00000000E-01	-1.06000000E+01	2.90000000E+01	-1.00000000E-09	-2.14687599E+01	4.94223408E+01	-3.52870552E+00
6.60000000E+00	-1.06000000E+01	2.90000000E+01	-1.00000000E-09	-2.18662799E+01	4.94223408E+01	-3.52870552E+00
1.27000000E+01	-1.06000000E+01	2.90000000E+01	-1.00000000E-09	-2.28559310E+01	4.94223408E+01	-3.52870552E+00
1.88000000E+01	-1.06000000E+01	2.90000000E+01	-1.00000000E-09	-2.42066738E+01	4.94223408E+01	-3.52870552E+00
2.49000000E+01	-1.06000000E+01	2.90000000E+01	-1.00000000E-09	-2.56031703E+01	4.94223408E+01	-3.52870552E+00
-3.00000000E+01	-3.40000000E+00	2.90000000E+01	-1.00000000E-09	-2.52303674E+01	4.92315710E+01	-3.52870552E+00
-2.39000000E+01	-3.40000000E+00	2.90000000E+01	-1.00000000E-09	-2.47782642E+01	4.92315710E+01	-3.52870552E+00
-1.78000000E+01	-3.40000000E+00	2.90000000E+01	-1.00000000E-09	-2.42384739E+01	4.92315710E+01	-3.52870552E+00
-1.17000000E+01	-3.40000000E+00	2.90000000E+01	-1.00000000E-09	-2.37370134E+01	4.92315710E+01	-3.52870552E+00
-5.60000000E+00	-3.40000000E+00	2.90000000E+01	-1.00000000E-09	-2.33909513E+01	4.92315710E+01	-3.52870552E+00
5.00000000E-01	-3.40000000E+00	2.90000000E+01	-1.00000000E-09	-2.32810776E+01	4.92315710E+01	-3.52870552E+00
6.60000000E+00	-3.40000000E+00	2.90000000E+01	-1.00000000E-09	-2.34330429E+01	4.92315710E+01	-3.52870552E+00
1.27000000E+01	-3.40000000E+00	2.90000000E+01	-1.00000000E-09	-2.38113702E+01	4.92315710E+01	-3.52870552E+00
1.88000000E+01	-3.40000000E+00	2.90000000E+01	-1.00000000E-09	-2.43277368E+01	4.92315710E+01	-3.52870552E+00
2.49000000E+01	-3.40000000E+00	2.90000000E+01	-1.00000000E-09	-2.48615944E+01	4.92315710E+01	-3.52870552E+00
-3.00000000E+01	3.80000000E+00	2.90000000E+01	-1.00000000E-09	-2.34820408E+01	4.83374833E+01	-3.52870552E+00
-2.39000000E+01	3.80000000E+00	2.90000000E+01	-1.00000000E-09	-2.39848917E+01	4.83374833E+01	-3.52870552E+00
-1.78000000E+01	3.80000000E+00	2.90000000E+01	-1.00000000E-09	-2.45852726E+01	4.83374833E+01	-3.52870552E+00
-1.17000000E+01	3.80000000E+00	2.90000000E+01	-1.00000000E-09	-2.51430213E+01	4.83374833E+01	-3.52870552E+00
-5.60000000E+00	3.80000000E+00	2.90000000E+01	-1.00000000E-09	-2.55279283E+01	4.83374833E+01	-3.52870552E+00
5.00000000E-01	3.80000000E+00	2.90000000E+01	-1.00000000E-09	-2.56501352E+01	4.83374833E+01	-3.52870552E+00
6.60000000E+00	3.80000000E+00	2.90000000E+01	-1.00000000E-09	-2.54811120E+01	4.83374833E+01	-3.52870552E+00
1.27000000E+01	3.80000000E+00	2.90000000E+01	-1.00000000E-09	-2.50603181E+01	4.83374833E+01	-3.52870552E+00
1.88000000E+01	3.80000000E+00	2.90000000E+01	-1.00000000E-09	-2.44859901E+01	4.83374833E+01	-3.52870552E+00
2.49000000E+01	3.80000000E+00	2.90000000E+01	-1.00000000E-09	-2.38922079E+01	4.83374833E+01	-3.52870552E+00
-3.00000000E+01	1.10000000E+01	2.90000000E+01	-1.00000000E-09	-2.21906982E+01	4.82169536E+01	-3.52870552E+00
-2.39000000E+01	1.10000000E+01	2.90000000E+01	-1.00000000E-09	-2.33988939E+01	4.82169536E+01	-3.52870552E+00
-1.78000000E+01	1.10000000E+01	2.90000000E+01	-1.00000000E-09	-2.48414238E+01	4.82169536E+01	-3.52870552E+00
-1.17000000E+01	1.10000000E+01	2.90000000E+01	-1.00000000E-09	-2.61815216E+01	4.82169536E+01	-3.52870552E+00
-5.60000000E+00	1.10000000E+01	2.90000000E+01	-1.00000000E-09	-2.71063343E+01	4.82169536E+01	-3.52870552E+00
5.00000000E-01	1.10000000E+01	2.90000000E+01	-1.00000000E-09	-2.73999597E+01	4.82169536E+01	-3.52870552E+00
6.60000000E+00	1.10000000E+01	2.90000000E+01	-1.00000000E-09	-2.69938491E+01	4.82169536E+01	-3.52870552E+00
1.27000000E+01	1.10000000E+01	2.90000000E+01	-1.00000000E-09	-2.59828114E+01	4.82169536E+01	-3.52870552E+00
1.88000000E+01	1.10000000E+01	2.90000000E+01	-1.00000000E-09	-2.46028786E+01	4.82169536E+01	-3.52870552E+00
2.49000000E+01	1.10000000E+01	2.90000000E+01	-1.00000000E-09	-2.31762033E+01	4.82169536E+01	-3.52870552E+00
-3.00000000E+01	1.82000000E+01	2.90000000E+01	-1.00000000E-09	-2.19973475E+01	4.92176531E+01	-3.52870552E+00
-2.39000000E+01	1.82000000E+01	2.90000000E+01	-1.00000000E-09	-2.33111533E+01	4.92176531E+01	-3.52870552E+00
-1.78000000E+01	1.82000000E+01	2.90000000E+01	-1.00000000E-09	-2.48797769E+01	4.92176531E+01	-3.52870552E+00
-1.17000000E+01	1.82000000E+01	2.90000000E+01	-1.00000000E-09	-2.63370146E+01	4.92176531E+01	-3.52870552E+00
-5.60000000E+00	1.82000000E+01	2.90000000E+01	-1.00000000E-09	-2.73426667E+01	4.92176531E+01	-3.52870552E+00
5.00000000E-01	1.82000000E+01	2.90000000E+01	-1.00000000E-09	-2.76619582E+01	4.92176531E+01	-3.52870552E+00
6.60000000E+00	1.82000000E+01	2.90000000E+01	-1.00000000E-09	-2.72203490E+01	4.92176531E+01	-3.52870552E+00
1.27000000E+01	1.82000000E+01	2.90000000E+01	-1.00000000E-09	-2.61209349E+01	4.92176531E+01	-3.52870552E+00
1.88000000E+01	1.82000000E+01	2.90000000E+01	-1.00000000E-09	-2.46203801E+01	4.92176531E+01	-3.52870552E+00
2.49000000E+01	1.82000000E+01	2.90000000E+01	-1.00000000E-09	-2.30689971E+01	4.92176531E+01	-3.52870552E+00
-3.00000000E+01	-2.50000000E+01	-3.50000000E+01	-5.00000000E-10	1.59335935E+01	-3.42582895E+01	-3.58913987E+00
-2.39000000E+01	-2.50000000E+01	-3.50000000E+01	-5.00000000E-10	1.63958515E+01	-3.42582895E+01	-3.58913987E+00
-1.78000000E+01	-2.50000000E+01	-3.50000000E+01	-5.00000000E-10	1.69477663E+01	-3.42582895E+01	-3.58913987E+00
-1.17000000E+01	-2.50000000E+01	-3.50000000E+01	-5.00000000E-10	1.74604903E+01	-3.42582895E+01	-3.58913987E+00
-5.60000000E+00	-2.50000000E+01	-3.50000000E+01	-5.00000000E-10	1.78143255E+01	-3.42582895E+01	-3.58913987E+00
5.00000000E-01	-2.50000000E+01	-3.50000000E+01	-5.00000000E-10	1.79266671E+01	-3.42582895E+01	-3.58913987E+00
6.60000000E+00	-2.50000000E+01	-3.50000000E+01	-5.00000000E-10	1.77712884E+01	-3.42582895E+01	-3.58913987E+00
1.27000000E+01	-2.50000000E+01	-3.50000000E+01	-5.00000000E-10	1.73844634E+01	-3.42582895E+01	-3.58913987E+00
1.88000000E+01	-2.50000000E+01	-3.50000000E+01	-5.00000000E-10	1.68564984E+01	-3.42582895E+01	-3.58913987E+00
2.49000000E+01	-2.50000000E+01	-3.50000000E+01	-5.00000000E-10	1.63106497E+01	-3.42582895E+01	-3.58913987E+00
-3.00000000E+01	-1.78000000E+01	-3.50000000E+01	-5.00000000E-10	1.53966245E+01	-3.37567811E+01	-3.58913987E+00
-2.39000000E+01	-1.78000000E+01	-3.50000000E+01	-5.00000000E-10	1.61521806E+01	-3.37567811E+01	-3.58913987E+00
-1.78000000E+01	-1.78000000E+01	-3.50000000E+01	-5.00000000E-10	1.70542796E+01	-3.37567811E+01	-3.58913987E+00
-1.17000000E+01	-1.78000000E+01	-3.50000000E+01	-5.00000000E-10	1.78923218E+01	-3.37567811E+01	-3.58913987E+00
-5.60000000E+00	-1.78000000E+01	-3.50000000E+01	-5.00000000E-10	1.84706618E+01	-3.37567811E+01	-3.58913987E+00
5.00000000E-01	-1.78000000E+01	-3.50000000E+01	-5.00000000E-10	1.86542831E+01	-3.37567811E+01	-3.58913987E+00
6.60000000E+00	-1.78000000E+01	-3.50000000E+01	-5.00000000E-10	1.84003182E+01	-3.37567811E+01	-3.58913987E+00
1.27000000E+01	-1.78000000E+01	-3.50000000E+01	-5.00000000E-10	1.77680566E+01	-3.37567811E+01	-3.58913987E+00
1.88000000E+01	-1.78000000E+01	-3.50000000E+01	-5.00000000E-10	1.69051032E+01	-3.37567811E+01	-3.58913987E+00
2.49000000E+01	-1.78000000E+01	-3.50000000E+01	-5.00000000E-10	1.60129190E+01	-3.37567811E+01	-3.58913987E+00
-3.00000000E+01	-1.06000000E+01	-3.50000000E+01	-5.00000000E-10	1.55462946E+01	-3.32082403E+01	-3.58913987E+00
-2.39000000E+01	-1.06000000E+01	-3.50000000E+01	-5.00000000E-10	1.62200993E+01	-3.32082403E+01	-3.58913987E+00
-1.78000000E+01	-1.06000000E+01	-3.50000000E+01	-5.00000000E-10	1.70245910E+01	-3.32082403E+01	-3.58913987E+00
-1.17000000E+01	-1.06000000E+01	-3.50000000E+01	-5.00000000E-10	1.77719569E+01	-3.32082403E+01	-3.58913987E+00
-5.60000000E+00	-1.06000000E+01	-3.50000000E+01	-5.00000000E-10	1.82877203E+01	-3.32082403E+01	-3.58913987E+00
5.00000000E-01	-1.06000000E+01	-3.50000000E+01	-5.00000000E-10	1.84514737E+01	-3.32082403E+01	-3.58913987E+00
6.60000000E+00	-1.06000000E+01	-3.50000000E+01	-5.00000000E-10	1.82249879E+01	-3.32082403E+01	-3.58913987E+00
1.27000000E+01	-1.06000000E+01	-3.50000000E+01	-5.00000000E-10	1.76611372E+01	-3.32082403E+01	-3.58913987E+00
1.88000000E+01	-1.06000000E+01	-3.50000000E+01	-5.00000000E-10	1.68915556E+01	-3.32082403E+01	-3.58913987E+00
2.49000000E+01	-1.06000000E+01	-3.50000000E+01	-5.00000000E-10	1.60959059E+01	-3.32082403E+01	-3.58913987E+00
-3.00000000E+01	-3.40000000E+00	-3.50000000E+01	-5.00000000E-10	1.63083092E+01	-3.33169309E+01	-3.58913987E+00
-2.39000000E+01	-3.40000000E+00	-3.50000000E+01	-5.00000000E-10	1.65658937E+01	-3.33169309E+01	-3.58913987E+00
-1.78000000E+01	-3.40000000E+00	-3.50000000E+01	-5.00000000E-10	1.68734375E+01	-3.33169309E+01	-3.58913987E+00
-1.17000000E+01	-3.40000000E+00	-3.50000000E+01	-5.00000000E-10	1.71591432E+01	-3.33169309E+01	-3.58913987E+00
-5.60000000E+00	-3.40000000E+00	-3.50000000E+01	-5.00000000E-10	1.73563110E+01	-3.33169309E+01	-3.58913987E+00
5.00000000E-01	-3.40000000E+00	-3.50000000E+01	-5.00000000E-10	1.74189112E+01	-3.33169309E+01	-3.58913987E+00
6.60000000E+00	-3.40000000E+00	-3.50000000E+01	-5.00000000E-10	1.73323294E+01	-3.33169309E+01	-3.58913987E+00
1.27000000E+01	-3.40000000E+00	-3.50000000E+01	-5.00000000E-10	1.71167786E+01	-3.33169309E+01	-3.58913987E+00
1.88000000E+01	-3.40000000E+00	-3.50000000E+01	-5.00000000E-10	1.68225803E+01	-3.33169309E+01	-3.58913987E+00
2.49000000E+01	-3.40000000E+00	-3.50000000E+01	-5.00000000E-10	1.65184166E+01	-3.33169309E+01	-3.58913987E+00
-3.00000000E+01	3.80000000E+00	-3.50000000E+01	-5.00000000E-10	1.73044130E+01	-3.38263346E+01	-3.58913987E+00
-2.39000000E+01	3.80000000E+00	-3.50000000E+01	-5.00000000E-10	1.70179152E+01	-3.38263346E+01	-3.58913987E+00
-1.78000000E+01	3.80000000E+00	-3.50000000E+01	-5.00000000E-10	1.66758500E+01	-3.38263346E+01	-3.58913987E+00
-1.17000000E+01	3.80000000E+00	-3.50000000E+01	-5.00000000E-10	1.63580744E+01	-3.38263346E+01	-3.58913987E+00
-5.60000000E+00	3.80000000E+00	-3.50000000E+01	-5.00000000E-10	1.61387748E+01	-3.38263346E+01	-3.58913987E+00
5.00000000E-01	3.80000000E+00	-3.50000000E+01	-5.00000000E-10	1.60691478E+01	-3.38263346E+01	-3.58913987E+00
6.60000000E+00	3.80000000E+00	-3.50000000E+01	-5.00000000E-10	1.61654483E+01	-3.38263346E+01	-3.58913987E+00
1.27000000E+01	3.80000000E+00	-3.50000000E+01	-5.00000000E-10	1.64051943E+01	-3.38263346E+01	-3.58913987E+00
1.88000000E+01	3.80000000E+00	-3.50000000E+01	-5.00000000E-10	1.67324159E+01	-3.38263346E+01	-3.58913987E+00
2.49000000E+01	3.80000000E+00	-3.50000000E+01	-5.00000000E-10	1.70707215E+01	-3.38263346E+01	-3.58913987E+00
-3.00000000E+01	1.10000000E+01	-3.50000000E+01	-5.00000000E-10	1.80401515E+01	-3.38950060E+01	-3.58913987E+00
-2.39000000E+01	1.10000000E+01	-3.50000000E+01	-5.00000000E-10	1.73517857E+01	-3.38950060E+01	-3.58913987E+00
-1.78000000E+01	1.10000000E+01	-3.50000000E+01	-5.00000000E-10	1.65299087E+01	-3.38950060E+01	-3.58913987E+00
-1.17000000E+01	1.10000000E+01	-3.50000000E+01	-5.00000000E-10	1.57663921E+01	-3.38950060E+01	-3.58913987E+00
-5.60000000E+00	1.10000000E+01	-3.50000000E+01	-5.00000000E-10	1.52394828E+01	-3.38950060E+01	-3.58913987E+00
5.00000000E-01	1.10000000E+01	-3.50000000E+01	-5.00000000E-10	1.50721907E+01	-3.38950060E+01	-3.58913987E+00
6.60000000E+00	1.10000000E+01	-3.50000000E+01	-5.00000000E-10	1.53035709E+01	-3.38950060E+01	-3.58913987E+00
1.27000000E+01	1.10000000E+01	-3.50000000E+01	-5.00000000E-10	1.58796066E+01	-3.38950060E+01	-3.58913987E+00
1.88000000E+01	1.10000000E+01	-3.50000000E+01	-5.00000000E-10	1.66658191E+01	-3.38950060E+01	-3.58913987E+00
2.49000000E+01	1.10000000E+01	-3.50000000E+01	-5.00000000E-10	1.74786630E+01	-3.38950060E+01	-3.58913987E+00
-3.00000000E+01	1.82000000E+01	-3.50000000E+01	-5.00000000E-10	1.81503125E+01	-3.33248605E+01	-3.58913987E+00
-2.39000000E+01	1.82000000E+01	-3.50000000E+01	-5.00000000E-10	1.74017756E+01	-3.33248605E+01	-3.58913987E+00
-1.78000000E+01	1.82000000E+01	-3.50000000E+01	-5.00000000E-10	1.65080571E+01	-3.33248605E+01	-3.58913987E+00
-1.17000000E+01	1.82000000E+01	-3.50000000E+01	-5.00000000E-10	1.56778003E+01	-3.33248605E+01	-3.58913987E+00
-5.60000000E+00	1.82000000E+01	-3.50000000E+01	-5.00000000E-10	1.51048331E+01	-3.33248605E+01	-3.58913987E+00
5.00000000E-01	1.82000000E+01	-3.50000000E+01	-5.00000000E-10	1.49229178E+01	-3.33248605E+01	-3.58913987E+00
6.60000000E+00	1.82000000E+01	-3.50000000E+01	-5.00000000E-10	1.51745233E+01	-3.33248605E+01	-3.58913987E+00
1.27000000E+01	1.82000000E+01	-3.50000000E+01	-5.00000000E-10	1.58009111E+01	-3.33248605E+01	-3.58913987E+00
1.88000000E+01	1.82000000E+01	-3.50000000E+01	-5.00000000E-10	1.66558477E+01	-3.33248605E+01	-3.58913987E+00
2.49000000E+01	1.82000000E+01	-3.50000000E+01	-5.00000000E-10	1.75397434E+01	-3.33248605E+01	-3.58913987E+00
-3.00000000E+01	-2.50000000E+01	-2.70000000E+01	-5.00000000E-10	1.20981892E+01	-2.65874808E+01	3.40191572E+00
-2.39000000E+01	-2.50000000E+01	-2.70000000E+01	-5.00000000E-10	1.25604472E+01	-2.65874808E+01	3.40191572E+00
-1.78000000E+01	-2.50000000E+01	-2.70000000E+01	-5.00000000E-10	1.31123620E+01	-2.65874808E+01	3.40191572E+00
-1.17000000E+01	-2.50000000E+01	-2.70000000E+01	-5.00000000E-10	1.36250860E+01	-2.65874808E+01	3.40191572E+00
-5.60000000E+00	-2.50000000E+01	-2.70000000E+01	-5.00000000E-10	1.39789212E+01	-2.65874808E+01	3.40191572E+00
5.00000000E-01	-2.50000000E+01	-2.70000000E+01	-5.00000000E-10	1.40912628E+01	-2.65874808E+01	3.40191572E+00
6.60000000E+00	-2.50000000E+01	-2.70000000E+01	-5.00000000E-10	1.39358841E+01	-2.65874808E+01	3.40191572E+00
1.27000000E+01	-2.50000000E+01	-2.70000000E+01	-5.00000000E-10	1.35490591E+01	-2.65874808E+01	3.40191572E+00
1.88000000E+01	-2.50000000E+01	-2.70000000E+01	-5.00000000E-10	1.30210941E+01	-2.65874808E+01	3.40191572E+00
2.49000000E+01	-2.50000000E+01	-2.70000000E+01	-5.00000000E-10	1.24752454E+01	-2.65874808E+01	3.40191572E+00
-3.00000000E+01	-1.78000000E+01	-2.70000000E+01	-5.00000000E-10	1.15612202E+01	-2.60859725E+01	3.40191572E+00
-2.39000000E+01	-1.78000000E+01	-2.70000000E+01	-5.00000000E-10	1.23167763E+01	-2.60859725E+01	3.40191572E+00
-1.78000000E+01	-1.78000000E+01	-2.70000000E+01	-5.00000000E-10	1.32188753E+01	-2.60859725E+01	3.40191572E+00
-1.17000000E+01	-1.78000000E+01	-2.70000000E+01	-5.00000000E-10	1.40569175E+01	-2.60859725E+01	3.40191572E+00
-5.60000000E+00	-1.78000000E+01	-2.70000000E+01	-5.00000000E-10	1.46352575E+01	-2.60859725E+01	3.40191572E+00
5.00000000E-01	-1.78000000E+01	-2.70000000E+01	-5.00000000E-10	1.48188788E+01	-2.60859725E+01	3.40191572E+00
6.60000000E+00	-1.78000000E+01	-2.70000000E+01	-5.00000000E-10	1.45649139E+01	-2.60859725E+01	3.40191572E+00
1.27000000E+01	-1.78000000E+01	-2.70000000E+01	-5.00000000E-10	1.39326523E+01	-2.60859725E+01	3.40191572E+00
1.88000000E+01	-1.78000000E+01	-2.70000000E+01	-5.00000000E-10	1.30696989E+01	-2.60859725E+01	3.40191572E+00
2.49000000E+01	-1.78000000E+01	-2.70000000E+01	-5.00000000E-10	1.21775147E+01	-2.60859725E+01	3.40191572E+00
-3.00000000E+01	-1.06000000E+01	-2.70000000E+01	-5.00000000E-10	1.17108903E+01	-2.55374317E+01	3.40191572E+00
-2.39000000E+01	-1.06000000E+01	-2.70000000E+01	-5.00000000E-10	1.23846950E+01	-2.55374317E+01	3.40191572E+00
-1.78000000E+01	-1.06000000E+01	-2.70000000E+01	-5.00000000E-10	1.31891867E+01	-2.55374317E+01	3.40191572E+00
-1.17000000E+01	-1.06000000E+01	-2.70000000E+01	-5.00000000E-10	1.39365525E+01	-2.55374317E+01	3.40191572E+00
-5.60000000E+00	-1.06000000E+01	-2.70000000E+01	-5.00000000E-10	1.44523160E+01	-2.55374317E+01	3.40191572E+00
5.00000000E-01	-1.06000000E+01	-2.70000000E+01	-5.00000000E-10	1.46160694E+01	-2.55374317E+01	3.40191572E+00
6.60000000E+00	-1.06000000E+01	-2.70000000E+01	-5.00000000E-10	1.43895836E+01	-2.55374317E+01	3.40191572E+00
1.27000000E+01	-1.06000000E+01	-2.70000000E+01	-5.00000000E-10	1.38257329E+01	-2.55374317E+01	3.40191572E+00
1.88000000E+01	-1.06000000E+01	-2.70000000E+01	-5.00000000E-10	1.30561512E+01	-2.55374317E+01	3.40191572E+00
2.49000000E+01	-1.06000000E+01	-2.70000000E+01	-5.00000000E-10	1.22605016E+01	-2.55374317E+01	3.40191572E+00
-3.00000000E+01	-3.40000000E+00	-2.70000000E+01	-5.00000000E-10	1.24729049E+01	-2.56461222E+01	3.40191572E+00
-2.39000000E+01	-3.40000000E+00	-2.70000000E+01	-5.00000000E-10	1.27304893E+01	-2.56461222E+01	3.40191572E+00
-1.78000000E+01	-3.40000000E+00	-2.70000000E+01	-5.00000000E-10	1.30380332E+01	-2.56461222E+01	3.40191572E+00
-1.17000000E+01	-3.40000000E+00	-2.70000000E+01	-5.00000000E-10	1.33237388E+01	-2.56461222E+01	3.40191572E+00
-5.60000000E+00	-3.40000000E+00	-2.70000000E+01	-5.00000000E-10	1.35209067E+01	-2.56461222E+01	3.40191572E+00
5.00000000E-01	-3.40000000E+00	-2.70000000E+01	-5.00000000E-10	1.35835069E+01	-2.56461222E+01	3.40191572E+00
6.60000000E+00	-3.40000000E+00	-2.70000000E+01	-5.00000000E-10	1.34969251E+01	-2.56461222E+01	3.40191572E+00
1.27000000E+01	-3.40000000E+00	-2.70000000E+01	-5.00000000E-10	1.32813743E+01	-2.56461222E+01	3.40191572E+00
1.88000000E+01	-3.40000000E+00	-2.70000000E+01	-5.00000000E-10	1.29871760E+01	-2.56461222E+01	3.40191572E+00
2.49000000E+01	-3.40000000E+00	-2.70000000E+01	-5.00000000E-10	1.26830123E+01	-2.56461222E+01	3.40191572E+00
-3.00000000E+01	3.80000000E+00	-2.70000000E+01	-5.00000000E-10	1.34690087E+01	-2.61555260E+01	3.40191572E+00
-2.39000000E+01	3.80000000E+00	-2.70000000E+01	-5.00000000E-10	1.31825109E+01	-2.61555260E+01	3.40191572E+00
-1.78000000E+01	3.80000000E+00	-2.70000000E+01	-5.00000000E-10	1.28404457E+01	-2.61555260E+01	3.40191572E+00
-1.17000000E+01	3.80000000E+00	-2.70000000E+01	-5.00000000E-10	1.25226701E+01	-2.61555260E+01	3.40191572E+00
-5.60000000E+00	3.80000000E+00	-2.70000000E+01	-5.00000000E-10	1.23033705E+01	-2.61555260E+01	3.40191572E+00
5.00000000E-01	3.80000000E+00	-2.70000000E+01	-5.00000000E-10	1.22337435E+01	-2.61555260E+01	3.40191572E+00
6.60000000E+00	3.80000000E+00	-2.70000000E+01	-5.00000000E-10	1.23300440E+01	-2.61555260E+01	3.40191572E+00
1.27000000E+01	3.80000000E+00	-2.70000000E+01	-5.00000000E-10	1.25697900E+01	-2.61555260E+01	3.40191572E+00
1.88000000E+01	3.80000000E+00	-2.70000000E+01	-5.00000000E-10	1.28970116E+01	-2.61555260E+01	3.40191572E+00
2.49000000E+01	3.80000000E+00	-2.70000000E+01	-5.00000000E-10	1.32353172E+01	-2.61555260E+01	3.40191572E+00
-3.00000000E+01	1.10000000E+01	-2.70000000E+01	-5.00000000E-10	1.42047472E+01	-2.62241974E+01	3.40191572E+00
-2.39000000E+01	1.10000000E+01	-2.70000000E+01	-5.00000000E-10	1.35163814E+01	-2.62241974E+01	3.40191572E+00
-1.78000000E+01	1.10000000E+01	-2.70000000E+01	-5.00000000E-10	1.26945044E+01	-2.62241974E+01	3.40191572E+00
-1.17000000E+01	1.10000000E+01	-2.70000000E+01	-5.00000000E-10	1.19309877E+01	-2.62241974E+01	3.40191572E+00
-5.60000000E+00	1.10000000E+01	-2.70000000E+01	-5.00000000E-10	1.14040785E+01	-2.62241974E+01	3.40191572E+00
5.00000000E-01	1.10000000E+01	-2.70000000E+01	-5.00000000E-10	1.12367863E+01	-2.62241974E+01	3.40191572E+00
6.60000000E+00	1.10000000E+01	-2.70000000E+01	-5.00000000E-10	1.14681666E+01	-2.62241974E+01	3.40191572E+00
1.27000000E+01	1.10000000E+01	-2.70000000E+01	-5.00000000E-10	1.20442023E+01	-2.62241974E+01	3.40191572E+00
1.88000000E+01	1.10000000E+01	-2.70000000E+01	-5.00000000E-10	1.28304148E+01	-2.62241974E+01	3.40191572E+00
2.49000000E+01	1.10000000E+01	-2.70000000E+01	-5.00000000E-10	1.36432587E+01	-2.62241974E+01	3.40191572E+00
-3.00000000E+01	1.82000000E+01	-2.70000000E+01	-5.00000000E-10	1.43149082E+01	-2.56540519E+01	3.40191572E+00
-2.39000000E+01	1.82000000E+01	-2.70000000E+01	-5.00000000E-10	1.35663713E+01	-2.56540519E+01	3.40191572E+00
-1.78000000E+01	1.82000000E+01	-2.70000000E+01	-5.00000000E-10	1.26726528E+01	-2.56540519E+01	3.40191572E+00
-1.17000000E+01	1.82000000E+01	-2.70000000E+01	-5.00000000E-10	1.18423960E+01	-2.56540519E+01	3.40191572E+00
-5.60000000E+00	1.82000000E+01	-2.70000000E+01	-5.00000000E-10	1.12694288E+01	-2.56540519E+01	3.40191572E+00
5.00000000E-01	1.82000000E+01	-2.70000000E+01	-5.00000000E-10	1.10875134E+01	-2.56540519E+01	3.40191572E+00
6.60000000E+00	1.82000000E+01	-2.70000000E+01	-5.00000000E-10	1.13391190E+01	-2.56540519E+01	3.40191572E+00
1.27000000E+01	1.82000000E+01	-2.70000000E+01	-5.00000000E-10	1.19655068E+01	-2.56540519E+01	3.40191572E+00
1.88000000E+01	1.82000000E+01	-2.70000000E+01	-5.00000000E-10	1.28204434E+01	-2.56540519E+01	3.40191572E+00
2.49000000E+01	1.82000000E+01	-2.70000000E+01	-5.00000000E-10	1.37043391E+01	-2.56540519E+01	3.40191572E+00
-3.00000000E+01	-2.50000000E+01	-1.90000000E+01	-5.00000000E-10	8.26278487E+00	-1.89166722E+01	6.35832101E+00
-2.39000000E+01	-2.50000000E+01	-1.90000000E+01	-5.00000000E-10	8.72504291E+00	-1.89166722E+01	6.35832101E+00
-1.78000000E+01	-2.50000000E+01	-1.90000000E+01	-5.00000000E-10	9.27695767E+00	-1.89166722E+01	6.35832101E+00
-1.17000000E+01	-2.50000000E+01	-1.90000000E+01	-5.00000000E-10	9.78968172E+00	-1.89166722E+01	6.35832101E+00
-5.60000000E+00	-2.50000000E+01	-1.90000000E+01	-5.00000000E-10	1.01435169E+01	-1.89166722E+01	6.35832101E+00
5.00000000E-01	-2.50000000E+01	-1.90000000E+01	-5.00000000E-10	1.02558585E+01	-1.89166722E+01	6.35832101E+00
6.60000000E+00	-2.50000000E+01	-1.90000000E+01	-5.00000000E-10	1.01004798E+01	-1.89166722E+01	6.35832101E+00
1.27000000E+01	-2.50000000E+01	-1.90000000E+01	-5.00000000E-10	9.71365481E+00	-1.89166722E+01	6.35832101E+00
1.88000000E+01	-2.50000000E+01	-1.90000000E+01	-5.00000000E-10	9.18568980E+00	-1.89166722E+01	6.35832101E+00
2.49000000E+01	-2.50000000E+01	-1.90000000E+01	-5.00000000E-10	8.63984106E+00	-1.89166722E+01	6.35832101E+00
-3.00000000E+01	-1.78000000E+01	-1.90000000E+01	-5.00000000E-10	7.72581593E+00	-1.84151639E+01	6.35832101E+00
-2.39000000E+01	-1.78000000E+01	-1.90000000E+01	-5.00000000E-10	8.48137197E+00	-1.84151639E+01	6.35832101E+00
-1.78000000E+01	-1.78000000E+01	-1.90000000E+01	-5.00000000E-10	9.38347101E+00	-1.84151639E+01	6.35832101E+00
-1.17000000E+01	-1.78000000E+01	-1.90000000E+01	-5.00000000E-10	1.02215132E+01	-1.84151639E+01	6.35832101E+00
-5.60000000E+00	-1.78000000E+01	-1.90000000E+01	-5.00000000E-10	1.07998532E+01	-1.84151639E+01	6.35832101E+00
5.00000000E-01	-1.78000000E+01	-1.90000000E+01	-5.00000000E-10	1.09834745E+01	-1.84151639E+01	6.35832101E+00
6.60000000E+00	-1.78000000E+01	-1.90000000E+01	-5.00000000E-10	1.07295096E+01	-1.84151639E+01	6.35832101E+00
1.27000000E+01	-1.78000000E+01	-1.90000000E+01	-5.00000000E-10	1.00972480E+01	-1.84151639E+01	6.35832101E+00
1.88000000E+01	-1.78000000E+01	-1.90000000E+01	-5.00000000E-10	9.23429462E+00	-1.84151639E+01	6.35832101E+00
2.49000000E+01	-1.78000000E+01	-1.90000000E+01	-5.00000000E-10	8.34211042E+00	-1.84151639E+01	6.35832101E+00
-3.00000000E+01	-1.06000000E+01	-1.90000000E+01	-5.00000000E-10	7.87548602E+00	-1.78666231E+01	6.35832101E+00
-2.39000000E+01	-1.06000000E+01	-1.90000000E+01	-5.00000000E-10	8.54929071E+00	-1.78666231E+01	6.35832101E+00
-1.78000000E+01	-1.06000000E+01	-1.90000000E+01	-5.00000000E-10	9.35378240E+00	-1.78666231E+01	6.35832101E+00
-1.17000000E+01	-1.06000000E+01	-1.90000000E+01	-5.00000000E-10	1.01011482E+01	-1.78666231E+01	6.35832101E+00
-5.60000000E+00	-1.06000000E+01	-1.90000000E+01	-5.00000000E-10	1.06169117E+01	-1.78666231E+01	6.35832101E+00
5.00000000E-01	-1.06000000E+01	-1.90000000E+01	-5.00000000E-10	1.07806651E+01	-1.78666231E+01	6.35832101E+00
6.60000000E+00	-1.06000000E+01	-1.90000000E+01	-5.00000000E-10	1.05541792E+01	-1.78666231E+01	6.35832101E+00
1.27000000E+01	-1.06000000E+01	-1.90000000E+01	-5.00000000E-10	9.99032856E+00	-1.78666231E+01	6.35832101E+00
1.88000000E+01	-1.06000000E+01	-1.90000000E+01	-5.00000000E-10	9.22074693E+00	-1.78666231E+01	6.35832101E+00
2.49000000E+01	-1.06000000E+01	-1.90000000E+01	-5.00000000E-10	8.42509729E+00	-1.78666231E+01	6.35832101E+00
-3.00000000E+01	-3.40000000E+00	-1.90000000E+01	-5.00000000E-10	8.63750063E+00	-1.79753136E+01	6.35832101E+00
-2.39000000E+01	-3.40000000E+00	-1.90000000E+01	-5.00000000E-10	8.89508503E+00	-1.79753136E+01	6.35832101E+00
-1.78000000E+01	-3.40000000E+00	-1.90000000E+01	-5.00000000E-10	9.20262892E+00	-1.79753136E+01	6.35832101E+00
-1.17000000E+01	-3.40000000E+00	-1.90000000E+01	-5.00000000E-10	9.48833453E+00	-1.79753136E+01	6.35832101E+00
-5.60000000E+00	-3.40000000E+00	-1.90000000E+01	-5.00000000E-10	9.68550239E+00	-1.79753136E+01	6.35832101E+00
5.00000000E-01	-3.40000000E+00	-1.90000000E+01	-5.00000000E-10	9.74810259E+00	-1.79753136E+01	6.35832101E+00
6.60000000E+00	-3.40000000E+00	-1.90000000E+01	-5.00000000E-10	9.66152081E+00	-1.79753136E+01	6.35832101E+00
1.27000000E+01	-3.40000000E+00	-1.90000000E+01	-5.00000000E-10	9.44597000E+00	-1.79753136E+01	6.35832101E+00
1.88000000E+01	-3.40000000E+00	-1.90000000E+01	-5.00000000E-10	9.15177166E+00	-1.79753136E+01	6.35832101E+00
2.49000000E+01	-3.40000000E+00	-1.90000000E+01	-5.00000000E-10	8.84760794E+00	-1.79753136E+01	6.35832101E+00
-3.00000000E+01	3.80000000E+00	-1.90000000E+01	-5.00000000E-10	9.63360443E+00	-1.84847174E+01	6.35832101E+00
-2.39000000E+01	3.80000000E+00	-1.90000000E+01	-5.00000000E-10	9.34710660E+00	-1.84847174E+01	6.35832101E+00
-1.78000000E+01	3.80000000E+00	-1.90000000E+01	-5.00000000E-10	9.00504142E+00	-1.84847174E+01	6.35832101E+00
-1.17000000E+01	3.80000000E+00	-1.90000000E+01	-5.00000000E-10	8.68726582E+00	-1.84847174E+01	6.35832101E+00
-5.60000000E+00	3.80000000E+00	-1.90000000E+01	-5.00000000E-10	8.46796620E+00	-1.84847174E+01	6.35832101E+00
5.00000000E-01	3.80000000E+00	-1.90000000E+01	-5.00000000E-10	8.39833923E+00	-1.84847174E+01	6.35832101E+00
6.60000000E+00	3.80000000E+00	-1.90000000E+01	-5.00000000E-10	8.49463968E+00	-1.84847174E+01	6.35832101E+00
1.27000000E+01	3.80000000E+00	-1.90000000E+01	-5.00000000E-10	8.73438571E+00	-1.84847174E+01	6.35832101E+00
1.88000000E+01	3.80000000E+00	-1.90000000E+01	-5.00000000E-10	9.06160733E+00	-1.84847174E+01	6.35832101E+00
2.49000000E+01	3.80000000E+00	-1.90000000E+01	-5.00000000E-10	9.39991292E+00	-1.84847174E+01	6.35832101E+00
-3.00000000E+01	1.10000000E+01	-1.90000000E+01	-5.00000000E-10	1.03693429E+01	-1.85533888E+01	6.35832101E+00
-2.39000000E+01	1.10000000E+01	-1.90000000E+01	-5.00000000E-10	9.68097710E+00	-1.85533888E+01	6.35832101E+00
-1.78000000E+01	1.10000000E+01	-1.90000000E+01	-5.00000000E-10	8.85910009E+00	-1.85533888E+01	6.35832101E+00
-1.17000000E+01	1.10000000E+01	-1.90000000E+01	-5.00000000E-10	8.09558344E+00	-1.85533888E+01	6.35832101E+00
-5.60000000E+00	1.10000000E+01	-1.90000000E+01	-5.00000000E-10	7.56867416E+00	-1.85533888E+01	6.35832101E+00
5.00000000E-01	1.10000000E+01	-1.90000000E+01	-5.00000000E-10	7.40138203E+00	-1.85533888E+01	6.35832101E+00
6.60000000E+00	1.10000000E+01	-1.90000000E+01	-5.00000000E-10	7.63276228E+00	-1.85533888E+01	6.35832101E+00
1.27000000E+01	1.10000000E+01	-1.90000000E+01	-5.00000000E-10	8.20879796E+00	-1.85533888E+01	6.35832101E+00
1.88000000E+01	1.10000000E+01	-1.90000000E+01	-5.00000000E-10	8.99501049E+00	-1.85533888E+01	6.35832101E+00
2.49000000E+01	1.10000000E+01	-1.90000000E+01	-5.00000000E-10	9.80785437E+00	-1.85533888E+01	6.35832101E+00
-3.00000000E+01	1.82000000E+01	-1.90000000E+01	-5.00000000E-10	1.04795039E+01	-1.79832433E+01	6.35832101E+00
-2.39000000E+01	1.82000000E+01	-1.90000000E+01	-5.00000000E-10	9.73096702E+00	-1.79832433E+01	6.35832101E+00
-1.78000000E+01	1.82000000E+01	-1.90000000E+01	-5.00000000E-10	8.83724851E+00	-1.79832433E+01	6.35832101E+00
-1.17000000E+01	1.82000000E+01	-1.90000000E+01	-5.00000000E-10	8.00699173E+00	-1.79832433E+01	6.35832101E+00
-5.60000000E+00	1.82000000E+01	-1.90000000E+01	-5.00000000E-10	7.43402453E+00	-1.79832433E+01	6.35832101E+00
5.00000000E-01	1.82000000E+01	-1.90000000E+01	-5.00000000E-10	7.25210914E+00	-1.79832433E+01	6.35832101E+00
6.60000000E+00	1.82000000E+01	-1.90000000E+01	-5.00000000E-10	7.50371468E+00	-1.79832433E+01	6.35832101E+00
1.27000000E+01	1.82000000E+01	-1.90000000E+01	-5.00000000E-10	8.13010251E+00	-1.79832433E+01	6.35832101E+00
1.88000000E+01	1.82000000E+01	-1.90000000E+01	-5.00000000E-10	8.98503905E+00	-1.79832433E+01	6.35832101E+00
2.49000000E+01	1.82000000E+01	-1.90000000E+01	-5.00000000E-10	9.86893483E+00	-1.79832433E+01	6.35832101E+00
-3.00000000E+01	-2.50000000E+01	-1.10000000E+01	-5.00000000E-10	4.42738056E+00	-1.12458636E+01	5.39513077E+00
-2.39000000E+01	-2.50000000E+01	-1.10000000E+01	-5.00000000E-10	4.88963860E+00	-1.12458636E+01	5.39513077E+00
-1.78000000E+01	-2.50000000E+01	-1.10000000E+01	-5.00000000E-10	5.44155336E+00	-1.12458636E+01	5.39513077E+00
-1.17000000E+01	-2.50000000E+01	-1.10000000E+01	-5.00000000E-10	5.95427741E+00	-1.12458636E+01	5.39513077E+00
-5.60000000E+00	-2.50000000E+01	-1.10000000E+01	-5.00000000E-10	6.30811259E+00	-1.12458636E+01	5.39513077E+00
5.00000000E-01	-2.50000000E+01	-1.10000000E+01	-5.00000000E-10	6.42045421E+00	-1.12458636E+01	5.39513077E+00
6.60000000E+00	-2.50000000E+01	-1.10000000E+01	-5.00000000E-10	6.26507552E+00	-1.12458636E+01	5.39513077E+00
1.27000000E+01	-2.50000000E+01	-1.10000000E+01	-5.00000000E-10	5.87825050E+00	-1.12458636E+01	5.39513077E+00
1.88000000E+01	-2.50000000E+01	-1.10000000E+01	-5.00000000E-10	5.35028549E+00	-1.12458636E+01	5.39513077E+00
2.49000000E+01	-2.50000000E+01	-1.10000000E+01	-5.00000000E-10	4.80443675E+00	-1.12458636E+01	5.39513077E+00
-3.00000000E+01	-1.78000000E+01	-1.10000000E+01	-5.00000000E-10	3.89041162E+00	-1.07443553E+01	5.39513077E+00
-2.39000000E+01	-1.78000000E+01	-1.10000000E+01	-5.00000000E-10	4.64596766E+00	-1.07443553E+01	5.39513077E+00
-1.78000000E+01	-1.78000000E+01	-1.10000000E+01	-5.00000000E-10	5.54806670E+00	-1.07443553E+01	5.39513077E+00
-1.17000000E+01	-1.78000000E+01	-1.10000000E+01	-5.00000000E-10	6.38610892E+00	-1.07443553E+01	5.39513077E+00
-5.60000000E+00	-1.78000000E+01	-1.10000000E+01	-5.00000000E-10	6.96444892E+00	-1.07443553E+01	5.39513077E+00
5.00000000E-01	-1.78000000E+01	-1.10000000E+01	-5.00000000E-10	7.14807015E+00	-1.07443553E+01	5.39513077E+00
6.60000000E+00	-1.78000000E+01	-1.10000000E+01	-5.00000000E-10	6.89410527E+00	-1.07443553E+01	5.39513077E+00
1.27000000E+01	-1.78000000E+01	-1.10000000E+01	-5.00000000E-10	6.26184371E+00	-1.07443553E+01	5.39513077E+00
1.88000000E+01	-1.78000000E+01	-1.10000000E+01	-5.00000000E-10	5.39889031E+00	-1.07443553E+01	5.39513077E+00
2.49000000E+01	-1.78000000E+01	-1.10000000E+01	-5.00000000E-10	4.50670611E+00	-1.07443553E+01	5.39513077E+00
-3.00000000E+01	-1.06000000E+01	-1.10000000E+01	-5.00000000E-10	4.04008171E+00	-1.01958145E+01	5.39513077E+00
-2.39000000E+01	-1.06000000E+01	-1.10000000E+01	-5.00000000E-10	4.71388640E+00	-1.01958145E+01	5.39513077E+00
-1.78000000E+01	-1.06000000E+01	-1.10000000E+01	-5.00000000E-10	5.51837809E+00	-1.01958145E+01	5.39513077E+00
-1.17000000E+01	-1.06000000E+01	-1.10000000E+01	-5.00000000E-10	6.26574393E+00	-1.01958145E+01	5.39513077E+00
-5.60000000E+00	-1.06000000E+01	-1.10000000E+01	-5.00000000E-10	6.78150739E+00	-1.01958145E+01	5.39513077E+00
5.00000000E-01	-1.06000000E+01	-1.10000000E+01	-5.00000000E-10	6.94526076E+00	-1.01958145E+01	5.39513077E+00
6.60000000E+00	-1.06000000E+01	-1.10000000E+01	-5.00000000E-10	6.71877494E+00	-1.01958145E+01	5.39513077E+00
1.27000000E+01	-1.06000000E+01	-1.10000000E+01	-5.00000000E-10	6.15492425E+00	-1.01958145E+01	5.39513077E+00
1.88000000E+01	-1.06000000E+01	-1.10000000E+01	-5.00000000E-10	5.38534262E+00	-1.01958145E+01	5.39513077E+00
2.49000000E+01	-1.06000000E+01	-1.10000000E+01	-5.00000000E-10	4.58969298E+00	-1.01958145E+01	5.39513077E+00
-3.00000000E+01	-3.40000000E+00	-1.10000000E+01	-5.00000000E-10	4.80209632E+00	-1.03045050E+01	5.39513077E+00
-2.39000000E+01	-3.40000000E+00	-1.10000000E+01	-5.00000000E-10	5.05968072E+00	-1.03045050E+01	5.39513077E+00
-1.78000000E+01	-3.40000000E+00	-1.10000000E+01	-5.00000000E-10	5.36722461E+00	-1.03045050E+01	5.39513077E+00
-1.17000000E+01	-3.40000000E+00	-1.10000000E+01	-5.00000000E-10	5.65293022E+00	-1.03045050E+01	5.39513077E+00
-5.60000000E+00	-3.40000000E+00	-1.10000000E+01	-5.00000000E-10	5.85009808E+00	-1.03045050E+01	5.39513077E+00
5.00000000E-01	-3.40000000E+00	-1.10000000E+01	-5.00000000E-10	5.91269828E+00	-1.03045050E+01	5.39513077E+00
6.60000000E+00	-3.40000000E+00	-1.10000000E+01	-5.00000000E-10	5.82611650E+00	-1.03045050E+01	5.39513077E+00
1.27000000E+01	-3.40000000E+00	-1.10000000E+01	-5.00000000E-10	5.61056569E+00	-1.03045050E+01	5.39513077E+00
1.88000000E+01	-3.40000000E+00	-1.10000000E+01	-5.00000000E-10	5.31636735E+00	-1.03045050E+01	5.39513077E+00
2.49000000E+01	-3.40000000E+00	-1.10000000E+01	-5.00000000E-10	5.01220363E+00	-1.03045050E+01	5.39513077E+00
-3.00000000E+01	3.80000000E+00	-1.10000000E+01	-5.00000000E-10	5.79820012E+00	-1.08139087E+01	5.39513077E+00
-2.39000000E+01	3.80000000E+00	-1.10000000E+01	-5.00000000E-10	5.51170230E+00	-1.08139087E+01	5.39513077E+00
-1.78000000E+01	3.80000000E+00	-1.10000000E+01	-5.00000000E-10	5.16963712E+00	-1.08139087E+01	5.39513077E+00
-1.17000000E+01	3.80000000E+00	-1.10000000E+01	-5.00000000E-10	4.85186152E+00	-1.08139087E+01	5.39513077E+00
-5.60000000E+00	3.80000000E+00	-1.10000000E+01	-5.00000000E-10	4.63256190E+00	-1.08139087E+01	5.39513077E+00
5.00000000E-01	3.80000000E+00	-1.10000000E+01	-5.00000000E-10	4.56293492E+00	-1.08139087E+01	5.39513077E+00
6.60000000E+00	3.80000000E+00	-1.10000000E+01	-5.00000000E-10	4.65923537E+00	-1.08139087E+01	5.39513077E+00
1.27000000E+01	3.80000000E+00	-1.10000000E+01	-5.00000000E-10	4.89898140E+00	-1.08139087E+01	5.39513077E+00
1.88000000E+01	3.80000000E+00	-1.10000000E+01	-5.00000000E-10	5.22620302E+00	-1.08139087E+01	5.39513077E+00
2.49000000E+01	3.80000000E+00	-1.10000000E+01	-5.00000000E-10	5.56450861E+00	-1.08139087E+01	5.39513077E+00
-3.00000000E+01	1.10000000E+01	-1.10000000E+01	-5.00000000E-10	6.53393860E+00	-1.08825802E+01	5.39513077E+00
-2.39000000E+01	1.10000000E+01	-1.10000000E+01	-5.00000000E-10	5.84557279E+00	-1.08825802E+01	5.39513077E+00
-1.78000000E+01	1.10000000E+01	-1.10000000E+01	-5.00000000E-10	5.02369578E+00	-1.08825802E+01	5.39513077E+00
-1.17000000E+01	1.10000000E+01	-1.10000000E+01	-5.00000000E-10	4.26017913E+00	-1.08825802E+01	5.39513077E+00
-5.60000000E+00	1.10000000E+01	-1.10000000E+01	-5.00000000E-10	3.73326985E+00	-1.08825802E+01	5.39513077E+00
5.00000000E-01	1.10000000E+01	-1.10000000E+01	-5.00000000E-10	3.56597772E+00	-1.08825802E+01	5.39513077E+00
6.60000000E+00	1.10000000E+01	-1.10000000E+01	-5.00000000E-10	3.79735797E+00	-1.08825802E+01	5.39513077E+00
1.27000000E+01	1.10000000E+01	-1.10000000E+01	-5.00000000E-10	4.37339366E+00	-1.08825802E+01	5.39513077E+00
1.88000000E+01	1.10000000E+01	-1.10000000E+01	-5.00000000E-10	5.15960618E+00	-1.08825802E+01	5.39513077E+00
2.49000000E+01	1.10000000E+01	-1.10000000E+01	-5.00000000E-10	5.97245006E+00	-1.08825802E+01	5.39513077E+00
-3.00000000E+01	1.82000000E+01	-1.10000000E+01	-5.00000000E-10	6.64409961E+00	-1.03124347E+01	5.39513077E+00
-2.39000000E+01	1.82000000E+01	-1.10000000E+01	-5.00000000E-10	5.89556271E+00	-1.03124347E+01	5.39513077E+00
-1.78000000E+01	1.82000000E+01	-1.10000000E+01	-5.00000000E-10	5.00184420E+00	-1.03124347E+01	5.39513077E+00
-1.17000000E+01	1.82000000E+01	-1.10000000E+01	-5.00000000E-10	4.17158742E+00	-1.03124347E+01	5.39513077E+00
-5.60000000E+00	1.82000000E+01	-1.10000000E+01	-5.00000000E-10	3.59862022E+00	-1.03124347E+01	5.39513077E+00
5.00000000E-01	1.82000000E+01	-1.10000000E+01	-5.00000000E-10	3.41670483E+00	-1.03124347E+01	5.39513077E+00
6.60000000E+00	1.82000000E+01	-1.10000000E+01	-5.00000000E-10	3.66831038E+00	-1.03124347E+01	5.39513077E+00
1.27000000E+01	1.82000000E+01	-1.10000000E+01	-5.00000000E-10	4.29469820E+00	-1.03124347E+01	5.39513077E+00
1.88000000E+01	1.82000000E+01	-1.10000000E+01	-5.00000000E-10	5.14963474E+00	-1.03124347E+01	5.39513077E+00
2.49000000E+01	1.82000000E+01	-1.10000000E+01	-5.00000000E-10	6.03353052E+00	-1.03124347E+01	5.39513077E+00
-3.00000000E+01	-2.50000000E+01	-3.00000000E+00	-5.00000000E-10	5.91976249E-01	-3.57505498E+00	1.70655158E+00
-2.39000000E+01	-2.50000000E+01	-3.00000000E+00	-5.00000000E-10	1.05423429E+00	-3.57505498E+00	1.70655158E+00
-1.78000000E+01	-2.50000000E+01	-3.00000000E+00	-5.00000000E-10	1.60614905E+00	-3.57505498E+00	1.70655158E+00
-1.17000000E+01	-2.50000000E+01	-3.00000000E+00	-5.00000000E-10	2.11887310E+00	-3.57505498E+00	1.70655158E+00
-5.60000000E+00	-2.50000000E+01	-3.00000000E+00	-5.00000000E-10	2.47270828E+00	-3.57505498E+00	1.70655158E+00
5.00000000E-01	-2.50000000E+01	-3.00000000E+00	-5.00000000E-10	2.58504991E+00	-3.57505498E+00	1.70655158E+00
6.60000000E+00	-2.50000000E+01	-3.00000000E+00	-5.00000000E-10	2.42967121E+00	-3.57505498E+00	1.70655158E+00
1.27000000E+01	-2.50000000E+01	-3.00000000E+00	-5.00000000E-10	2.04284619E+00	-3.57505498E+00	1.70655158E+00
1.88000000E+01	-2.50000000E+01	-3.00000000E+00	-5.00000000E-10	1.51488119E+00	-3.57505498E+00	1.70655158E+00
2.49000000E+01	-2.50000000E+01	-3.00000000E+00	-5.00000000E-10	9.69032440E-01	-3.57505498E+00	1.70655158E+00
-3.00000000E+01	-1.78000000E+01	-3.00000000E+00	-5.00000000E-10	5.50073103E-02	-3.07354664E+00	1.70655158E+00
-2.39000000E+01	-1.78000000E+01	-3.00000000E+00	-5.00000000E-10	8.10563354E-01	-3.07354664E+00	1.70655158E+00
-1.78000000E+01	-1.78000000E+01	-3.00000000E+00	-5.00000000E-10	1.71266239E+00	-3.07354664E+00	1.70655158E+00
-1.17000000E+01	-1.78000000E+01	-3.00000000E+00	-5.00000000E-10	2.55070461E+00	-3.07354664E+00	1.70655158E+00
-5.60000000E+00	-1.78000000E+01	-3.00000000E+00	-5.00000000E-10	3.12904461E+00	-3.07354664E+00	1.70655158E+00
5.00000000E-01	-1.78000000E+01	-3.00000000E+00	-5.00000000E-10	3.31266584E+00	-3.07354664E+00	1.70655158E+00
6.60000000E+00	-1.78000000E+01	-3.00000000E+00	-5.00000000E-10	3.05870096E+00	-3.07354664E+00	1.70655158E+00
1.27000000E+01	-1.78000000E+01	-3.00000000E+00	-5.00000000E-10	2.42643941E+00	-3.07354664E+00	1.70655158E+00
1.88000000E+01	-1.78000000E+01	-3.00000000E+00	-5.00000000E-10	1.56348600E+00	-3.07354664E+00	1.70655158E+00
2.49000000E+01	-1.78000000E+01	-3.00000000E+00	-5.00000000E-10	6.71301803E-01	-3.07354664E+00	1.70655158E+00
-3.00000000E+01	-1.06000000E+01	-3.00000000E+00	-5.00000000E-10	2.04677405E-01	-2.52500584E+00	1.70655158E+00
-2.39000000E+01	-1.06000000E+01	-3.00000000E+00	-5.00000000E-10	8.78482091E-01	-2.52500584E+00	1.70655158E+00
-1.78000000E+01	-1.06000000E+01	-3.00000000E+00	-5.00000000E-10	1.68297378E+00	-2.52500584E+00	1.70655158E+00
-1.17000000E+01	-1.06000000E+01	-3.00000000E+00	-5.00000000E-10	2.43033962E+00	-2.52500584E+00	1.70655158E+00
-5.60000000E+00	-1.06000000E+01	-3.00000000E+00	-5.00000000E-10	2.94610308E+00	-2.52500584E+00	1.70655158E+00
5.00000000E-01	-1.06000000E+01	-3.00000000E+00	-5.00000000E-10	3.10985645E+00	-2.52500584E+00	1.70655158E+00
6.60000000E+00	-1.06000000E+01	-3.00000000E+00	-5.00000000E-10	2.88337063E+00	-2.52500584E+00	1.70655158E+00
1.27000000E+01	-1.06000000E+01	-3.00000000E+00	-5.00000000E-10	2.31951994E+00	-2.52500584E+00	1.70655158E+00
1.88000000E+01	-1.06000000E+01	-3.00000000E+00	-5.00000000E-10	1.54993831E+00	-2.52500584E+00	1.70655158E+00
2.49000000E+01	-1.06000000E+01	-3.00000000E+00	-5.00000000E-10	7.54288675E-01	-2.52500584E+00	1.70655158E+00
-3.00000000E+01	-3.40000000E+00	-3.00000000E+00	-5.00000000E-10	9.66692013E-01	-2.63369639E+00	1.70655158E+00
-2.39000000E+01	-3.40000000E+00	-3.00000000E+00	-5.00000000E-10	1.22427641E+00	-2.63369639E+00	1.70655158E+00
-1.78000000E+01	-3.40000000E+00	-3.00000000E+00	-5.00000000E-10	1.53182030E+00	-2.63369639E+00	1.70655158E+00
-1.17000000E+01	-3.40000000E+00	-3.00000000E+00	-5.00000000E-10	1.81752592E+00	-2.63369639E+00	1.70655158E+00
-5.60000000E+00	-3.40000000E+00	-3.00000000E+00	-5.00000000E-10	2.01469377E+00	-2.63369639E+00	1.70655158E+00
5.00000000E-01	-3.40000000E+00	-3.00000000E+00	-5.00000000E-10	2.07729398E+00	-2.63369639E+00	1.70655158E+00
6.60000000E+00	-3.40000000E+00	-3.00000000E+00	-5.00000000E-10	1.99071219E+00	-2.63369639E+00	1.70655158E+00
1.27000000E+01	-3.40000000E+00	-3.00000000E+00	-5.00000000E-10	1.77516138E+00	-2.63369639E+00	1.70655158E+00
1.88000000E+01	-3.40000000E+00	-3.00000000E+00	-5.00000000E-10	1.48096304E+00	-2.63369639E+00	1.70655158E+00
2.49000000E+01	-3.40000000E+00	-3.00000000E+00	-5.00000000E-10	1.17679932E+00	-2.63369639E+00	1.70655158E+00
-3.00000000E+01	3.80000000E+00	-3.00000000E+00	-5.00000000E-10	1.96279581E+00	-3.14310013E+00	1.70655158E+00
-2.39000000E+01	3.80000000E+00	-3.00000000E+00	-5.00000000E-10	1.67629799E+00	-3.14310013E+00	1.70655158E+00
-1.78000000E+01	3.80000000E+00	-3.00000000E+00	-5.00000000E-10	1.33423281E+00	-3.14310013E+00	1.70655158E+00
-1.17000000E+01	3.80000000E+00	-3.00000000E+00	-5.00000000E-10	1.01645721E+00	-3.14310013E+00	1.70655158E+00
-5.60000000E+00	3.80000000E+00	-3.00000000E+00	-5.00000000E-10	7.97157587E-01	-3.14310013E+00	1.70655158E+00
5.00000000E-01	3.80000000E+00	-3.00000000E+00	-5.00000000E-10	7.27530609E-01	-3.14310013E+00	1.70655158E+00
6.60000000E+00	3.80000000E+00	-3.00000000E+00	-5.00000000E-10	8.23831060E-01	-3.14310013E+00	1.70655158E+00
1.27000000E+01	3.80000000E+00	-3.00000000E+00	-5.00000000E-10	1.06357709E+00	-3.14310013E+00	1.70655158E+00
1.88000000E+01	3.80000000E+00	-3.00000000E+00	-5.00000000E-10	1.39079871E+00	-3.14310013E+00	1.70655158E+00
2.49000000E+01	3.80000000E+00	-3.00000000E+00	-5.00000000E-10	1.72910430E+00	-3.14310013E+00	1.70655158E+00
-3.00000000E+01	1.10000000E+01	-3.00000000E+00	-5.00000000E-10	2.69853430E+00	-3.21177156E+00	1.70655158E+00
-2.39000000E+01	1.10000000E+01	-3.00000000E+00	-5.00000000E-10	2.01016848E+00	-3.21177156E+00	1.70655158E+00
-1.78000000E+01	1.10000000E+01	-3.00000000E+00	-5.00000000E-10	1.18829147E+00	-3.21177156E+00	1.70655158E+00
-1.17000000E+01	1.10000000E+01	-3.00000000E+00	-5.00000000E-10	4.24774818E-01	-3.21177156E+00	1.70655158E+00
-5.60000000E+00	1.10000000E+01	-3.00000000E+00	-5.00000000E-10	-1.02134455E-01	-3.21177156E+00	1.70655158E+00
5.00000000E-01	1.10000000E+01	-3.00000000E+00	-5.00000000E-10	-2.69426585E-01	-3.21177156E+00	1.70655158E+00
6.60000000E+00	1.10000000E+01	-3.00000000E+00	-5.00000000E-10	-3.80463346E-02	-3.21177156E+00	1.70655158E+00
1.27000000E+01	1.10000000E+01	-3.00000000E+00	-5.00000000E-10	5.37989347E-01	-3.21177156E+00	1.70655158E+00
1.88000000E+01	1.10000000E+01	-3.00000000E+00	-5.00000000E-10	1.32420187E+00	-3.21177156E+00	1.70655158E+00
2.49000000E+01	1.10000000E+01	-3.00000000E+00	-5.00000000E-10	2.13704575E+00	-3.21177156E+00	1.70655158E+00
-3.00000000E+01	1.82000000E+01	-3.00000000E+00	-5.00000000E-10	2.80869531E+00	-2.64162608E+00	1.70655158E+00
-2.39000000E+01	1.82000000E+01	-3.00000000E+00	-5.00000000E-10	2.06015840E+00	-2.64162608E+00	1.70655158E+00
-1.78000000E+01	1.82000000E+01	-3.00000000E+00	-5.00000000E-10	1.16643989E+00	-2.64162608E+00	1.70655158E+00
-1.17000000E+01	1.82000000E+01	-3.00000000E+00	-5.00000000E-10	3.36183110E-01	-2.64162608E+00	1.70655158E+00
-5.60000000E+00	1.82000000E+01	-3.00000000E+00	-5.00000000E-10	-2.36784092E-01	-2.64162608E+00	1.70655158E+00
5.00000000E-01	1.82000000E+01	-3.00000000E+00	-5.00000000E-10	-4.18699477E-01	-2.64162608E+00	1.70655158E+00
6.60000000E+00	1.82000000E+01	-3.00000000E+00	-5.00000000E-10	-1.67093933E-01	-2.64162608E+00	1.70655158E+00
1.27000000E+01	1.82000000E+01	-3.00000000E+00	-5.00000000E-10	4.59293890E-01	-2.64162608E+00	1.70655158E+00
1.88000000E+01	1.82000000E+01	-3.00000000E+00	-5.00000000E-10	1.31423043E+00	-2.64162608E+00	1.70655158E+00
2.49000000E+01	1.82000000E+01	-3.00000000E+00	-5.00000000E-10	2.19812621E+00	-2.64162608E+00	1.70655158E+00
-3.00000000E+01	-2.50000000E+01	5.00000000E+00	-5.00000000E-10	-3.24342806E+00	4.09575364E+00	-2.78712816E+00
-2.39000000E+01	-2.50000000E+01	5.00000000E+00	-5.00000000E-10	-2.78117002E+00	4.09575364E+00	-2.78712816E+00
-1.78000000E+01	-2.50000000E+01	5.00000000E+00	-5.00000000E-10	-2.22925526E+00	4.09575364E+00	-2.78712816E+00
-1.17000000E+01	-2.50000000E+01	5.00000000E+00	-5.00000000E-10	-1.71653121E+00	4.09575364E+00	-2.78712816E+00
-5.60000000E+00	-2.50000000E+01	5.00000000E+00	-5.00000000E-10	-1.36269602E+00	4.09575364E+00	-2.78712816E+00
5.00000000E-01	-2.50000000E+01	5.00000000E+00	-5.00000000E-10	-1.25035440E+00	4.09575364E+00	-2.78712816E+00
6.60000000E+00	-2.50000000E+01	5.00000000E+00	-5.00000000E-10	-1.40573310E+00	4.09575364E+00	-2.78712816E+00
1.27000000E+01	-2.50000000E+01	5.00000000E+00	-5.00000000E-10	-1.79255812E+00	4.09575364E+00	-2.78712816E+00
1.88000000E+01	-2.50000000E+01	5.00000000E+00	-5.00000000E-10	-2.32052312E+00	4.09575364E+00	-2.78712816E+00
2.49000000E+01	-2.50000000E+01	5.00000000E+00	-5.00000000E-10	-2.86637187E+00	4.09575364E+00	-2.78712816E+00
-3.00000000E+01	-1.78000000E+01	5.00000000E+00	-5.00000000E-10	-3.78039700E+00	4.59726198E+00	-2.78712816E+00
-2.39000000E+01	-1.78000000E+01	5.00000000E+00	-5.00000000E-10	-3.02484095E+00	4.59726198E+00	-2.78712816E+00
-1.78000000E+01	-1.78000000E+01	5.00000000E+00	-5.00000000E-10	-2.12274192E+00	4.59726198E+00	-2.78712816E+00
-1.17000000E+01	-1.78000000E+01	5.00000000E+00	-5.00000000E-10	-1.28469970E+00	4.59726198E+00	-2.78712816E+00
-5.60000000E+00	-1.78000000E+01	5.00000000E+00	-5.00000000E-10	-7.06359697E-01	4.59726198E+00	-2.78712816E+00
5.00000000E-01	-1.78000000E+01	5.00000000E+00	-5.00000000E-10	-5.22738464E-01	4.59726198E+00	-2.78712816E+00
6.60000000E+00	-1.78000000E+01	5.00000000E+00	-5.00000000E-10	-7.76703350E-01	4.59726198E+00	-2.78712816E+00
1.27000000E+01	-1.78000000E+01	5.00000000E+00	-5.00000000E-10	-1.40896490E+00	4.59726198E+00	-2.78712816E+00
1.88000000E+01	-1.78000000E+01	5.00000000E+00	-5.00000000E-10	-2.27191831E+00	4.59726198E+00	-2.78712816E+00
2.49000000E+01	-1.78000000E+01	5.00000000E+00	-5.00000000E-10	-3.16410251E+00	4.59726198E+00	-2.78712816E+00
-3.00000000E+01	-1.06000000E+01	5.00000000E+00	-5.00000000E-10	-3.63072690E+00	5.14580278E+00	-2.78712816E+00
-2.39000000E+01	-1.06000000E+01	5.00000000E+00	-5.00000000E-10	-2.95692222E+00	5.14580278E+00	-2.78712816E+00
-1.78000000E+01	-1.06000000E+01	5.00000000E+00	-5.00000000E-10	-2.15243053E+00	5.14580278E+00	-2.78712816E+00
-1.17000000E+01	-1.06000000E+01	5.00000000E+00	-5.00000000E-10	-1.40506469E+00	5.14580278E+00	-2.78712816E+00
-5.60000000E+00	-1.06000000E+01	5.00000000E+00	-5.00000000E-10	-8.89301229E-01	5.14580278E+00	-2.78712816E+00
5.00000000E-01	-1.06000000E+01	5.00000000E+00	-5.00000000E-10	-7.25547861E-01	5.14580278E+00	-2.78712816E+00
6.60000000E+00	-1.06000000E+01	5.00000000E+00	-5.00000000E-10	-9.52033681E-01	5.14580278E+00	-2.78712816E+00
1.27000000E+01	-1.06000000E+01	5.00000000E+00	-5.00000000E-10	-1.51588437E+00	5.14580278E+00	-2.78712816E+00
1.88000000E+01	-1.06000000E+01	5.00000000E+00	-5.00000000E-10	-2.28546599E+00	5.14580278E+00	-2.78712816E+00
2.49000000E+01	-1.06000000E+01	5.00000000E+00	-5.00000000E-10	-3.08111563E+00	5.14580278E+00	-2.78712816E+00
-3.00000000E+01	-3.40000000E+00	5.00000000E+00	-5.00000000E-10	-2.86871230E+00	5.03711223E+00	-2.78712816E+00
-2.39000000E+01	-3.40000000E+00	5.00000000E+00	-5.00000000E-10	-2.61112789E+00	5.03711223E+00	-2.78712816E+00
-1.78000000E+01	-3.40000000E+00	5.00000000E+00	-5.00000000E-10	-2.30358401E+00	5.03711223E+00	-2.78712816E+00
-1.17000000E+01	-3.40000000E+00	5.00000000E+00	-5.00000000E-10	-2.01787839E+00	5.03711223E+00	-2.78712816E+00
-5.60000000E+00	-3.40000000E+00	5.00000000E+00	-5.00000000E-10	-1.82071054E+00	5.03711223E+00	-2.78712816E+00
5.00000000E-01	-3.40000000E+00	5.00000000E+00	-5.00000000E-10	-1.75811033E+00	5.03711223E+00	-2.78712816E+00
6.60000000E+00	-3.40000000E+00	5.00000000E+00	-5.00000000E-10	-1.84469212E+00	5.03711223E+00	-2.78712816E+00
1.27000000E+01	-3.40000000E+00	5.00000000E+00	-5.00000000E-10	-2.06024293E+00	5.03711223E+00	-2.78712816E+00
1.88000000E+01	-3.40000000E+00	5.00000000E+00	-5.00000000E-10	-2.35444127E+00	5.03711223E+00	-2.78712816E+00
2.49000000E+01	-3.40000000E+00	5.00000000E+00	-5.00000000E-10	-2.65860499E+00	5.03711223E+00	-2.78712816E+00
-3.00000000E+01	3.80000000E+00	5.00000000E+00	-5.00000000E-10	-1.87260849E+00	4.52770849E+00	-2.78712816E+00
-2.39000000E+01	3.80000000E+00	5.00000000E+00	-5.00000000E-10	-2.15910632E+00	4.52770849E+00	-2.78712816E+00
-1.78000000E+01	3.80000000E+00	5.00000000E+00	-5.00000000E-10	-2.50117150E+00	4.52770849E+00	-2.78712816E+00
-1.17000000E+01	3.80000000E+00	5.00000000E+00	-5.00000000E-10	-2.81894710E+00	4.52770849E+00	-2.78712816E+00
-5.60000000E+00	3.80000000E+00	5.00000000E+00	-5.00000000E-10	-3.03824672E+00	4.52770849E+00	-2.78712816E+00
5.00000000E-01	3.80000000E+00	5.00000000E+00	-5.00000000E-10	-3.10787370E+00	4.52770849E+00	-2.78712816E+00
6.60000000E+00	3.80000000E+00	5.00000000E+00	-5.00000000E-10	-3.01157325E+00	4.52770849E+00	-2.78712816E+00
1.27000000E+01	3.80000000E+00	5.00000000E+00	-5.00000000E-10	-2.77182722E+00	4.52770849E+00	-2.78712816E+00
1.88000000E+01	3.80000000E+00	5.00000000E+00	-5.00000000E-10	-2.44460560E+00	4.52770849E+00	-2.78712816E+00
2.49000000E+01	3.80000000E+00	5.00000000E+00	-5.00000000E-10	-2.10630001E+00	4.52770849E+00	-2.78712816E+00
-3.00000000E+01	1.10000000E+01	5.00000000E+00	-5.00000000E-10	-1.13687001E+00	4.45903705E+00	-2.78712816E+00
-2.39000000E+01	1.10000000E+01	5.00000000E+00	-5.00000000E-10	-1.82523583E+00	4.45903705E+00	-2.78712816E+00
-1.78000000E+01	1.10000000E+01	5.00000000E+00	-5.00000000E-10	-2.64711284E+00	4.45903705E+00	-2.78712816E+00
-1.17000000E+01	1.10000000E+01	5.00000000E+00	-5.00000000E-10	-3.41062949E+00	4.45903705E+00	-2.78712816E+00
-5.60000000E+00	1.10000000E+01	5.00000000E+00	-5.00000000E-10	-3.93753876E+00	4.45903705E+00	-2.78712816E+00
5.00000000E-01	1.10000000E+01	5.00000000E+00	-5.00000000E-10	-4.10483089E+00	4.45903705E+00	-2.78712816E+00
6.60000000E+00	1.10000000E+01	5.00000000E+00	-5.00000000E-10	-3.87345064E+00	4.45903705E+00	-2.78712816E+00
1.27000000E+01	1.10000000E+01	5.00000000E+00	-5.00000000E-10	-3.29741496E+00	4.45903705E+00	-2.78712816E+00
1.88000000E+01	1.10000000E+01	5.00000000E+00	-5.00000000E-10	-2.51120244E+00	4.45903705E+00	-2.78712816E+00
2.49000000E+01	1.10000000E+01	5.00000000E+00	-5.00000000E-10	-1.69835856E+00	4.45903705E+00	-2.78712816E+00
-3.00000000E+01	1.82000000E+01	5.00000000E+00	-5.00000000E-10	-1.02670900E+00	5.02918254E+00	-2.78712816E+00
-2.39000000E+01	1.82000000E+01	5.00000000E+00	-5.00000000E-10	-1.77524591E+00	5.02918254E+00	-2.78712816E+00
-1.78000000E+01	1.82000000E+01	5.00000000E+00	-5.00000000E-10	-2.66896442E+00	5.02918254E+00	-2.78712816E+00
-1.17000000E+01	1.82000000E+01	5.00000000E+00	-5.00000000E-10	-3.49922120E+00	5.02918254E+00	-2.78712816E+00
-5.60000000E+00	1.82000000E+01	5.00000000E+00	-5.00000000E-10	-4.07218840E+00	5.02918254E+00	-2.78712816E+00
5.00000000E-01	1.82000000E+01	5.00000000E+00	-5.00000000E-10	-4.25410379E+00	5.02918254E+00	-2.78712816E+00
6.60000000E+00	1.82000000E+01	5.00000000E+00	-5.00000000E-10	-4.00249824E+00	5.02918254E+00	-2.78712816E+00
1.27000000E+01	1.82000000E+01	5.00000000E+00	-5.00000000E-10	-3.37611042E+00	5.02918254E+00	-2.78712816E+00
1.88000000E+01	1.82000000E+01	5.00000000E+00	-5.00000000E-10	-2.52117388E+00	5.02918254E+00	-2.78712816E+00
2.49000000E+01	1.82000000E+01	5.00000000E+00	-5.00000000E-10	-1.63727810E+00	5.02918254E+00	-2.78712816E+00
-3.00000000E+01	-2.50000000E+01	1.30000000E+01	-5.00000000E-10	-7.07883237E+00	1.17665623E+01	-5.95394130E+00
-2.39000000E+01	-2.50000000E+01	1.30000000E+01	-5.00000000E-10	-6.61657433E+00	1.17665623E+01	-5.95394130E+00
-1.78000000E+01	-2.50000000E+01	1.30000000E+01	-5.00000000E-10	-6.06465957E+00	1.17665623E+01	-5.95394130E+00
-1.17000000E+01	-2.50000000E+01	1.30000000E+01	-5.00000000E-10	-5.55193552E+00	1.17665623E+01	-5.95394130E+00
-5.60000000E+00	-2.50000000E+01	1.30000000E+01	-5.00000000E-10	-5.19810033E+00	1.17665623E+01	-5.95394130E+00
5.00000000E-01	-2.50000000E+01	1.30000000E+01	-5.00000000E-10	-5.08575871E+00	1.17665623E+01	-5.95394130E+00
6.60000000E+00	-2.50000000E+01	1.30000000E+01	-5.00000000E-10	-5.24113740E+00	1.17665623E+01	-5.95394130E+00
1.27000000E+01	-2.50000000E+01	1.30000000E+01	-5.00000000E-10	-5.62796243E+00	1.17665623E+01	-5.95394130E+00
1.88000000E+01	-2.50000000E+01	1.30000000E+01	-5.00000000E-10	-6.15592743E+00	1.17665623E+01	-5.95394130E+00
2.49000000E+01	-2.50000000E+01	1.30000000E+01	-5.00000000E-10	-6.70177618E+00	1.17665623E+01	-5.95394130E+00
-3.00000000E+01	-1.78000000E+01	1.30000000E+01	-5.00000000E-10	-7.61580131E+00	1.22680706E+01	-5.95394130E+00
-2.39000000E+01	-1.78000000E+01	1.30000000E+01	-5.00000000E-10	-6.86024526E+00	1.22680706E+01	-5.95394130E+00
-1.78000000E+01	-1.78000000E+01	1.30000000E+01	-5.00000000E-10	-5.95814623E+00	1.22680706E+01	-5.95394130E+00
-1.17000000E+01	-1.78000000E+01	1.30000000E+01	-5.00000000E-10	-5.12010400E+00	1.22680706E+01	-5.95394130E+00
-5.60000000E+00	-1.78000000E+01	1.30000000E+01	-5.00000000E-10	-4.54176401E+00	1.22680706E+01	-5.95394130E+00
5.00000000E-01	-1.78000000E+01	1.30000000E+01	-5.00000000E-10	-4.35814277E+00	1.22680706E+01	-5.95394130E+00
6.60000000E+00	-1.78000000E+01	1.30000000E+01	-5.00000000E-10	-4.61210766E+00	1.22680706E+01	-5.95394130E+00
1.27000000E+01	-1.78000000E+01	1.30000000E+01	-5.00000000E-10	-5.24436921E+00	1.22680706E+01	-5.95394130E+00
1.88000000E+01	-1.78000000E+01	1.30000000E+01	-5.00000000E-10	-6.10732262E+00	1.22680706E+01	-5.95394130E+00
2.49000000E+01	-1.78000000E+01	1.30000000E+01	-5.00000000E-10	-6.99950681E+00	1.22680706E+01	-5.95394130E+00
-3.00000000E+01	-1.06000000E+01	1.30000000E+01	-5.00000000E-10	-7.46613121E+00	1.28166114E+01	-5.95394130E+00
-2.39000000E+01	-1.06000000E+01	1.30000000E+01	-5.00000000E-10	-6.79232653E+00	1.28166114E+01	-5.95394130E+00
-1.78000000E+01	-1.06000000E+01	1.30000000E+01	-5.00000000E-10	-5.98783484E+00	1.28166114E+01	-5.95394130E+00
-1.17000000E+01	-1.06000000E+01	1.30000000E+01	-5.00000000E-10	-5.24046900E+00	1.28166114E+01	-5.95394130E+00
-5.60000000E+00	-1.06000000E+01	1.30000000E+01	-5.00000000E-10	-4.72470554E+00	1.28166114E+01	-5.95394130E+00
5.00000000E-01	-1.06000000E+01	1.30000000E+01	-5.00000000E-10	-4.56095217E+00	1.28166114E+01	-5.95394130E+00
6.60000000E+00	-1.06000000E+01	1.30000000E+01	-5.00000000E-10	-4.78743799E+00	1.28166114E+01	-5.95394130E+00
1.27000000E+01	-1.06000000E+01	1.30000000E+01	-5.00000000E-10	-5.35128868E+00	1.28166114E+01	-5.95394130E+00
1.88000000E+01	-1.06000000E+01	1.30000000E+01	-5.00000000E-10	-6.12087030E+00	1.28166114E+01	-5.95394130E+00
2.49000000E+01	-1.06000000E+01	1.30000000E+01	-5.00000000E-10	-6.91651994E+00	1.28166114E+01	-5.95394130E+00
-3.00000000E+01	-3.40000000E+00	1.30000000E+01	-5.00000000E-10	-6.70411660E+00	1.27079208E+01	-5.95394130E+00
-2.39000000E+01	-3.40000000E+00	1.30000000E+01	-5.00000000E-10	-6.44653220E+00	1.27079208E+01	-5.95394130E+00
-1.78000000E+01	-3.40000000E+00	1.30000000E+01	-5.00000000E-10	-6.13898832E+00	1.27079208E+01	-5.95394130E+00
-1.17000000E+01	-3.40000000E+00	1.30000000E+01	-5.00000000E-10	-5.85328270E+00	1.27079208E+01	-5.95394130E+00
-5.60000000E+00	-3.40000000E+00	1.30000000E+01	-5.00000000E-10	-5.65611485E+00	1.27079208E+01	-5.95394130E+00
5.00000000E-01	-3.40000000E+00	1.30000000E+01	-5.00000000E-10	-5.59351464E+00	1.27079208E+01	-5.95394130E+00
6.60000000E+00	-3.40000000E+00	1.30000000E+01	-5.00000000E-10	-5.68009643E+00	1.27079208E+01	-5.95394130E+00
1.27000000E+01	-3.40000000E+00	1.30000000E+01	-5.00000000E-10	-5.89564724E+00	1.27079208E+01	-5.95394130E+00
1.88000000E+01	-3.40000000E+00	1.30000000E+01	-5.00000000E-10	-6.18984558E+00	1.27079208E+01	-5.95394130E+00
2.49000000E+01	-3.40000000E+00	1.30000000E+01	-5.00000000E-10	-6.49400929E+00	1.27079208E+01	-5.95394130E+00
-3.00000000E+01	3.80000000E+00	1.30000000E+01	-5.00000000E-10	-5.70801280E+00	1.21985171E+01	-5.95394130E+00
-2.39000000E+01	3.80000000E+00	1.30000000E+01	-5.00000000E-10	-5.99451063E+00	1.21985171E+01	-5.95394130E+00
-1.78000000E+01	3.80000000E+00	1.30000000E+01	-5.00000000E-10	-6.33657581E+00	1.21985171E+01	-5.95394130E+00
-1.17000000E+01	3.80000000E+00	1.30000000E+01	-5.00000000E-10	-6.65435141E+00	1.21985171E+01	-5.95394130E+00
-5.60000000E+00	3.80000000E+00	1.30000000E+01	-5.00000000E-10	-6.87365103E+00	1.21985171E+01	-5.95394130E+00
5.00000000E-01	3.80000000E+00	1.30000000E+01	-5.00000000E-10	-6.94327801E+00	1.21985171E+01	-5.95394130E+00
6.60000000E+00	3.80000000E+00	1.30000000E+01	-5.00000000E-10	-6.84697756E+00	1.21985171E+01	-5.95394130E+00
1.27000000E+01	3.80000000E+00	1.30000000E+01	-5.00000000E-10	-6.60723153E+00	1.21985171E+01	-5.95394130E+00
1.88000000E+01	3.80000000E+00	1.30000000E+01	-5.00000000E-10	-6.28000991E+00	1.21985171E+01	-5.95394130E+00
2.49000000E+01	3.80000000E+00	1.30000000E+01	-5.00000000E-10	-5.94170431E+00	1.21985171E+01	-5.95394130E+00
-3.00000000E+01	1.10000000E+01	1.30000000E+01	-5.00000000E-10	-4.97227432E+00	1.21298457E+01	-5.95394130E+00
-2.39000000E+01	1.10000000E+01	1.30000000E+01	-5.00000000E-10	-5.66064014E+00	1.21298457E+01	-5.95394130E+00
-1.78000000E+01	1.10000000E+01	1.30000000E+01	-5.00000000E-10	-6.48251715E+00	1.21298457E+01	-5.95394130E+00
-1.17000000E+01	1.10000000E+01	1.30000000E+01	-5.00000000E-10	-7.24603380E+00	1.21298457E+01	-5.95394130E+00
-5.60000000E+00	1.10000000E+01	1.30000000E+01	-5.00000000E-10	-7.77294307E+00	1.21298457E+01	-5.95394130E+00
5.00000000E-01	1.10000000E+01	1.30000000E+01	-5.00000000E-10	-7.94023520E+00	1.21298457E+01	-5.95394130E+00
6.60000000E+00	1.10000000E+01	1.30000000E+01	-5.00000000E-10	-7.70885495E+00	1.21298457E+01	-5.95394130E+00
1.27000000E+01	1.10000000E+01	1.30000000E+01	-5.00000000E-10	-7.13281927E+00	1.21298457E+01	-5.95394130E+00
1.88000000E+01	1.10000000E+01	1.30000000E+01	-5.00000000E-10	-6.34660675E+00	1.21298457E+01	-5.95394130E+00
2.49000000E+01	1.10000000E+01	1.30000000E+01	-5.00000000E-10	-5.53376287E+00	1.21298457E+01	-5.95394130E+00
-3.00000000E+01	1.82000000E+01	1.30000000E+01	-5.00000000E-10	-4.86211331E+00	1.26999912E+01	-5.95394130E+00
-2.39000000E+01	1.82000000E+01	1.30000000E+01	-5.00000000E-10	-5.61065022E+00	1.26999912E+01	-5.95394130E+00
-1.78000000E+01	1.82000000E+01	1.30000000E+01	-5.00000000E-10	-6.50436873E+00	1.26999912E+01	-5.95394130E+00
-1.17000000E+01	1.82000000E+01	1.30000000E+01	-5.00000000E-10	-7.33462551E+00	1.26999912E+01	-5.95394130E+00
-5.60000000E+00	1.82000000E+01	1.30000000E+01	-5.00000000E-10	-7.90759271E+00	1.26999912E+01	-5.95394130E+00
5.00000000E-01	1.82000000E+01	1.30000000E+01	-5.00000000E-10	-8.08950809E+00	1.26999912E+01	-5.95394130E+00
6.60000000E+00	1.82000000E+01	1.30000000E+01	-5.00000000E-10	-7.83790255E+00	1.26999912E+01	-5.95394130E+00
1.27000000E+01	1.82000000E+01	1.30000000E+01	-5.00000000E-10	-7.21151473E+00	1.26999912E+01	-5.95394130E+00
1.88000000E+01	1.82000000E+01	1.30000000E+01	-5.00000000E-10	-6.35657819E+00	1.26999912E+01	-5.95394130E+00
2.49000000E+01	1.82000000E+01	1.30000000E+01	-5.00000000E-10	-5.47268241E+00	1.26999912E+01	-5.95394130E+00
-3.00000000E+01	-2.50000000E+01	2.10000000E+01	-5.00000000E-10	-1.09142367E+01	1.94373709E+01	-6.01141634E+00
-2.39000000E+01	-2.50000000E+01	2.10000000E+01	-5.00000000E-10	-1.04519786E+01	1.94373709E+01	-6.01141634E+00
-1.78000000E+01	-2.50000000E+01	2.10000000E+01	-5.00000000E-10	-9.90006388E+00	1.94373709E+01	-6.01141634E+00
-1.17000000E+01	-2.50000000E+01	2.10000000E+01	-5.00000000E-10	-9.38733983E+00	1.94373709E+01	-6.01141634E+00
-5.60000000E+00	-2.50000000E+01	2.10000000E+01	-5.00000000E-10	-9.03350464E+00	1.94373709E+01	-6.01141634E+00
5.00000000E-01	-2.50000000E+01	2.10000000E+01	-5.00000000E-10	-8.92116302E+00	1.94373709E+01	-6.01141634E+00
6.60000000E+00	-2.50000000E+01	2.10000000E+01	-5.00000000E-10	-9.07654171E+00	1.94373709E+01	-6.01141634E+00
1.27000000E+01	-2.50000000E+01	2.10000000E+01	-5.00000000E-10	-9.46336674E+00	1.94373709E+01	-6.01141634E+00
1.88000000E+01	-2.50000000E+01	2.10000000E+01	-5.00000000E-10	-9.99133174E+00	1.94373709E+01	-6.01141634E+00
2.49000000E+01	-2.50000000E+01	2.10000000E+01	-5.00000000E-10	-1.05371805E+01	1.94373709E+01	-6.01141634E+00
-3.00000000E+01	-1.78000000E+01	2.10000000E+01	-5.00000000E-10	-1.14512056E+01	1.99388792E+01	-6.01141634E+00
-2.39000000E+01	-1.78000000E+01	2.10000000E+01	-5.00000000E-10	-1.06956496E+01	1.99388792E+01	-6.01141634E+00
-1.78000000E+01	-1.78000000E+01	2.10000000E+01	-5.00000000E-10	-9.79355053E+00	1.99388792E+01	-6.01141634E+00
-1.17000000E+01	-1.78000000E+01	2.10000000E+01	-5.00000000E-10	-8.95550831E+00	1.99388792E+01	-6.01141634E+00
-5.60000000E+00	-1.78000000E+01	2.10000000E+01	-5.00000000E-10	-8.37716831E+00	1.99388792E+01	-6.01141634E+00
5.00000000E-01	-1.78000000E+01	2.10000000E+01	-5.00000000E-10	-8.19354708E+00	1.99388792E+01	-6.01141634E+00
6.60000000E+00	-1.78000000E+01	2.10000000E+01	-5.00000000E-10	-8.44751197E+00	1.99388792E+01	-6.01141634E+00
1.27000000E+01	-1.78000000E+01	2.10000000E+01	-5.00000000E-10	-9.07977352E+00	1.99388792E+01	-6.01141634E+00
1.88000000E+01	-1.78000000E+01	2.10000000E+01	-5.00000000E-10	-9.94272692E+00	1.99388792E+01	-6.01141634E+00
2.49000000E+01	-1.78000000E+01	2.10000000E+01	-5.00000000E-10	-1.08349111E+01	1.99388792E+01	-6.01141634E+00
-3.00000000E+01	-1.06000000E+01	2.10000000E+01	-5.00000000E-10	-1.13015355E+01	2.04874200E+01	-6.01141634E+00
-2.39000000E+01	-1.06000000E+01	2.10000000E+01	-5.00000000E-10	-1.06277308E+01	2.04874200E+01	-6.01141634E+00
-1.78000000E+01	-1.06000000E+01	2.10000000E+01	-5.00000000E-10	-9.82323915E+00	2.04874200E+01	-6.01141634E+00
-1.17000000E+01	-1.06000000E+01	2.10000000E+01	-5.00000000E-10	-9.07587331E+00	2.04874200E+01	-6.01141634E+00
-5.60000000E+00	-1.06000000E+01	2.10000000E+01	-5.00000000E-10	-8.56010985E+00	2.04874200E+01	-6.01141634E+00
5.00000000E-01	-1.06000000E+01	2.10000000E+01	-5.00000000E-10	-8.39635648E+00	2.04874200E+01	-6.01141634E+00
6.60000000E+00	-1.06000000E+01	2.10000000E+01	-5.00000000E-10	-8.62284230E+00	2.04874200E+01	-6.01141634E+00
1.27000000E+01	-1.06000000E+01	2.10000000E+01	-5.00000000E-10	-9.18669299E+00	2.04874200E+01	-6.01141634E+00
1.88000000E+01	-1.06000000E+01	2.10000000E+01	-5.00000000E-10	-9.95627461E+00	2.04874200E+01	-6.01141634E+00
2.49000000E+01	-1.06000000E+01	2.10000000E+01	-5.00000000E-10	-1.07519243E+01	2.04874200E+01	-6.01141634E+00
-3.00000000E+01	-3.40000000E+00	2.10000000E+01	-5.00000000E-10	-1.05395209E+01	2.03787295E+01	-6.01141634E+00
-2.39000000E+01	-3.40000000E+00	2.10000000E+01	-5.00000000E-10	-1.02819365E+01	2.03787295E+01	-6.01141634E+00
-1.78000000E+01	-3.40000000E+00	2.10000000E+01	-5.00000000E-10	-9.97439263E+00	2.03787295E+01	-6.01141634E+00
-1.17000000E+01	-3.40000000E+00	2.10000000E+01	-5.00000000E-10	-9.68868701E+00	2.03787295E+01	-6.01141634E+00
-5.60000000E+00	-3.40000000E+00	2.10000000E+01	-5.00000000E-10	-9.49151916E+00	2.03787295E+01	-6.01141634E+00
5.00000000E-01	-3.40000000E+00	2.10000000E+01	-5.00000000E-10	-9.42891895E+00	2.03787295E+01	-6.01141634E+00
6.60000000E+00	-3.40000000E+00	2.10000000E+01	-5.00000000E-10	-9.51550074E+00	2.03787295E+01	-6.01141634E+00
1.27000000E+01	-3.40000000E+00	2.10000000E+01	-5.00000000E-10	-9.73105154E+00	2.03787295E+01	-6.01141634E+00
1.88000000E+01	-3.40000000E+00	2.10000000E+01	-5.00000000E-10	-1.00252499E+01	2.03787295E+01	-6.01141634E+00
2.49000000E+01	-3.40000000E+00	2.10000000E+01	-5.00000000E-10	-1.03294136E+01	2.03787295E+01	-6.01141634E+00
-3.00000000E+01	3.80000000E+00	2.10000000E+01	-5.00000000E-10	-9.54341711E+00	1.98693257E+01	-6.01141634E+00
-2.39000000E+01	3.80000000E+00	2.10000000E+01	-5.00000000E-10	-9.82991494E+00	1.98693257E+01	-6.01141634E+00
-1.78000000E+01	3.80000000E+00	2.10000000E+01	-5.00000000E-10	-1.01719801E+01	1.98693257E+01	-6.01141634E+00
-1.17000000E+01	3.80000000E+00	2.10000000E+01	-5.00000000E-10	-1.04897557E+01	1.98693257E+01	-6.01141634E+00
-5.60000000E+00	3.80000000E+00	2.10000000E+01	-5.00000000E-10	-1.07090553E+01	1.98693257E+01	-6.01141634E+00
5.00000000E-01	3.80000000E+00	2.10000000E+01	-5.00000000E-10	-1.07786823E+01	1.98693257E+01	-6.01141634E+00
6.60000000E+00	3.80000000E+00	2.10000000E+01	-5.00000000E-10	-1.06823819E+01	1.98693257E+01	-6.01141634E+00
1.27000000E+01	3.80000000E+00	2.10000000E+01	-5.00000000E-10	-1.04426358E+01	1.98693257E+01	-6.01141634E+00
1.88000000E+01	3.80000000E+00	2.10000000E+01	-5.00000000E-10	-1.01154142E+01	1.98693257E+01	-6.01141634E+00
2.49000000E+01	3.80000000E+00	2.10000000E+01	-5.00000000E-10	-9.77710862E+00	1.98693257E+01	-6.01141634E+00
-3.00000000E+01	1.10000000E+01	2.10000000E+01	-5.00000000E-10	-8.80767863E+00	1.98006543E+01	-6.01141634E+00
-2.39000000E+01	1.10000000E+01	2.10000000E+01	-5.00000000E-10	-9.49604445E+00	1.98006543E+01	-6.01141634E+00
-1.78000000E+01	1.10000000E+01	2.10000000E+01	-5.00000000E-10	-1.03179215E+01	1.98006543E+01	-6.01141634E+00
-1.17000000E+01	1.10000000E+01	2.10000000E+01	-5.00000000E-10	-1.10814381E+01	1.98006543E+01	-6.01141634E+00
-5.60000000E+00	1.10000000E+01	2.10000000E+01	-5.00000000E-10	-1.16083474E+01	1.98006543E+01	-6.01141634E+00
5.00000000E-01	1.10000000E+01	2.10000000E+01	-5.00000000E-10	-1.17756395E+01	1.98006543E+01	-6.01141634E+00
6.60000000E+00	1.10000000E+01	2.10000000E+01	-5.00000000E-10	-1.15442593E+01	1.98006543E+01	-6.01141634E+00
1.27000000E+01	1.10000000E+01	2.10000000E+01	-5.00000000E-10	-1.09682236E+01	1.98006543E+01	-6.01141634E+00
1.88000000E+01	1.10000000E+01	2.10000000E+01	-5.00000000E-10	-1.01820111E+01	1.98006543E+01	-6.01141634E+00
2.49000000E+01	1.10000000E+01	2.10000000E+01	-5.00000000E-10	-9.36916717E+00	1.98006543E+01	-6.01141634E+00
-3.00000000E+01	1.82000000E+01	2.10000000E+01	-5.00000000E-10	-8.69751762E+00	2.03707998E+01	-6.01141634E+00
-2.39000000E+01	1.82000000E+01	2.10000000E+01	-5.00000000E-10	-9.44605453E+00	2.03707998E+01	-6.01141634E+00
-1.78000000E+01	1.82000000E+01	2.10000000E+01	-5.00000000E-10	-1.03397730E+01	2.03707998E+01	-6.01141634E+00
-1.17000000E+01	1.82000000E+01	2.10000000E+01	-5.00000000E-10	-1.11700298E+01	2.03707998E+01	-6.01141634E+00
-5.60000000E+00	1.82000000E+01	2.10000000E+01	-5.00000000E-10	-1.17429970E+01	2.03707998E+01	-6.01141634E+00
5.00000000E-01	1.82000000E+01	2.10000000E+01	-5.00000000E-10	-1.19249124E+01	2.03707998E+01	-6.01141634E+00
6.60000000E+00	1.82000000E+01	2.10000000E+01	-5.00000000E-10	-1.16733069E+01	2.03707998E+01	-6.01141634E+00
1.27000000E+01	1.82000000E+01	2.10000000E+01	-5.00000000E-10	-1.10469190E+01	2.03707998E+01	-6.01141634E+00
1.88000000E+01	1.82000000E+01	2.10000000E+01	-5.00000000E-10	-1.01919825E+01	2.03707998E+01	-6.01141634E+00
2.49000000E+01	1.82000000E+01	2.10000000E+01	-5.00000000E-10	-9.30808672E+00	2.03707998E+01	-6.01141634E+00
-3.00000000E+01	-2.50000000E+01	2.90000000E+01	-5.00000000E-10	-1.47496410E+01	2.71081795E+01	-2.01046926E+00
-2.39000000E+01	-2.50000000E+01	2.90000000E+01	-5.00000000E-10	-1.42873829E+01	2.71081795E+01	-2.01046926E+00
-1.78000000E+01	-2.50000000E+01	2.90000000E+01	-5.00000000E-10	-1.37354682E+01	2.71081795E+01	-2.01046926E+00
-1.17000000E+01	-2.50000000E+01	2.90000000E+01	-5.00000000E-10	-1.32227441E+01	2.71081795E+01	-2.01046926E+00
-5.60000000E+00	-2.50000000E+01	2.90000000E+01	-5.00000000E-10	-1.28689090E+01	2.71081795E+01	-2.01046926E+00
5.00000000E-01	-2.50000000E+01	2.90000000E+01	-5.00000000E-10	-1.27565673E+01	2.71081795E+01	-2.01046926E+00
6.60000000E+00	-2.50000000E+01	2.90000000E+01	-5.00000000E-10	-1.29119460E+01	2.71081795E+01	-2.01046926E+00
1.27000000E+01	-2.50000000E+01	2.90000000E+01	-5.00000000E-10	-1.32987710E+01	2.71081795E+01	-2.01046926E+00
1.88000000E+01	-2.50000000E+01	2.90000000E+01	-5.00000000E-10	-1.38267360E+01	2.71081795E+01	-2.01046926E+00
2.49000000E+01	-2.50000000E+01	2.90000000E+01	-5.00000000E-10	-1.43725848E+01	2.71081795E+01	-2.01046926E+00
-3.00000000E+01	-1.78000000E+01	2.90000000E+01	-5.00000000E-10	-1.52866099E+01	2.76096878E+01	-2.01046926E+00
-2.39000000E+01	-1.78000000E+01	2.90000000E+01	-5.00000000E-10	-1.45310539E+01	2.76096878E+01	-2.01046926E+00
-1.78000000E+01	-1.78000000E+01	2.90000000E+01	-5.00000000E-10	-1.36289548E+01	2.76096878E+01	-2.01046926E+00
-1.17000000E+01	-1.78000000E+01	2.90000000E+01	-5.00000000E-10	-1.27909126E+01	2.76096878E+01	-2.01046926E+00
-5.60000000E+00	-1.78000000E+01	2.90000000E+01	-5.00000000E-10	-1.22125726E+01	2.76096878E+01	-2.01046926E+00
5.00000000E-01	-1.78000000E+01	2.90000000E+01	-5.00000000E-10	-1.20289514E+01	2.76096878E+01	-2.01046926E+00
6.60000000E+00	-1.78000000E+01	2.90000000E+01	-5.00000000E-10	-1.22829163E+01	2.76096878E+01	-2.01046926E+00
1.27000000E+01	-1.78000000E+01	2.90000000E+01	-5.00000000E-10	-1.29151778E+01	2.76096878E+01	-2.01046926E+00
1.88000000E+01	-1.78000000E+01	2.90000000E+01	-5.00000000E-10	-1.37781312E+01	2.76096878E+01	-2.01046926E+00
2.49000000E+01	-1.78000000E+01	2.90000000E+01	-5.00000000E-10	-1.46703154E+01	2.76096878E+01	-2.01046926E+00
-3.00000000E+01	-1.06000000E+01	2.90000000E+01	-5.00000000E-10	-1.51369398E+01	2.81582286E+01	-2.01046926E+00
-2.39000000E+01	-1.06000000E+01	2.90000000E+01	-5.00000000E-10	-1.44631351E+01	2.81582286E+01	-2.01046926E+00
-1.78000000E+01	-1.06000000E+01	2.90000000E+01	-5.00000000E-10	-1.36586435E+01	2.81582286E+01	-2.01046926E+00
-1.17000000E+01	-1.06000000E+01	2.90000000E+01	-5.00000000E-10	-1.29112776E+01	2.81582286E+01	-2.01046926E+00
-5.60000000E+00	-1.06000000E+01	2.90000000E+01	-5.00000000E-10	-1.23955142E+01	2.81582286E+01	-2.01046926E+00
5.00000000E-01	-1.06000000E+01	2.90000000E+01	-5.00000000E-10	-1.22317608E+01	2.81582286E+01	-2.01046926E+00
6.60000000E+00	-1.06000000E+01	2.90000000E+01	-5.00000000E-10	-1.24582466E+01	2.81582286E+01	-2.01046926E+00
1.27000000E+01	-1.06000000E+01	2.90000000E+01	-5.00000000E-10	-1.30220973E+01	2.81582286E+01	-2.01046926E+00
1.88000000E+01	-1.06000000E+01	2.90000000E+01	-5.00000000E-10	-1.37916789E+01	2.81582286E+01	-2.01046926E+00
2.49000000E+01	-1.06000000E+01	2.90000000E+01	-5.00000000E-10	-1.45873286E+01	2.81582286E+01	-2.01046926E+00
-3.00000000E+01	-3.40000000E+00	2.90000000E+01	-5.00000000E-10	-1.43749252E+01	2.80495381E+01	-2.01046926E+00
-2.39000000E+01	-3.40000000E+00	2.90000000E+01	-5.00000000E-10	-1.41173408E+01	2.80495381E+01	-2.01046926E+00
-1.78000000E+01	-3.40000000E+00	2.90000000E+01	-5.00000000E-10	-1.38097969E+01	2.80495381E+01	-2.01046926E+00
-1.17000000E+01	-3.40000000E+00	2.90000000E+01	-5.00000000E-10	-1.35240913E+01	2.80495381E+01	-2.01046926E+00
-5.60000000E+00	-3.40000000E+00	2.90000000E+01	-5.00000000E-10	-1.33269235E+01	2.80495381E+01	-2.01046926E+00
5.00000000E-01	-3.40000000E+00	2.90000000E+01	-5.00000000E-10	-1.32643233E+01	2.80495381E+01	-2.01046926E+00
6.60000000E+00	-3.40000000E+00	2.90000000E+01	-5.00000000E-10	-1.33509050E+01	2.80495381E+01	-2.01046926E+00
1.27000000E+01	-3.40000000E+00	2.90000000E+01	-5.00000000E-10	-1.35664559E+01	2.80495381E+01	-2.01046926E+00
1.88000000E+01	-3.40000000E+00	2.90000000E+01	-5.00000000E-10	-1.38606542E+01	2.80495381E+01	-2.01046926E+00
2.49000000E+01	-3.40000000E+00	2.90000000E+01	-5.00000000E-10	-1.41648179E+01	2.80495381E+01	-2.01046926E+00
-3.00000000E+01	3.80000000E+00	2.90000000E+01	-5.00000000E-10	-1.33788214E+01	2.75401343E+01	-2.01046926E+00
-2.39000000E+01	3.80000000E+00	2.90000000E+01	-5.00000000E-10	-1.36653192E+01	2.75401343E+01	-2.01046926E+00
-1.78000000E+01	3.80000000E+00	2.90000000E+01	-5.00000000E-10	-1.40073844E+01	2.75401343E+01	-2.01046926E+00
-1.17000000E+01	3.80000000E+00	2.90000000E+01	-5.00000000E-10	-1.43251600E+01	2.75401343E+01	-2.01046926E+00
-5.60000000E+00	3.80000000E+00	2.90000000E+01	-5.00000000E-10	-1.45444596E+01	2.75401343E+01	-2.01046926E+00
5.00000000E-01	3.80000000E+00	2.90000000E+01	-5.00000000E-10	-1.46140866E+01	2.75401343E+01	-2.01046926E+00
6.60000000E+00	3.80000000E+00	2.90000000E+01	-5.00000000E-10	-1.45177862E+01	2.75401343E+01	-2.01046926E+00
1.27000000E+01	3.80000000E+00	2.90000000E+01	-5.00000000E-10	-1.42780401E+01	2.75401343E+01	-2.01046926E+00
1.88000000E+01	3.80000000E+00	2.90000000E+01	-5.00000000E-10	-1.39508185E+01	2.75401343E+01	-2.01046926E+00
2.49000000E+01	3.80000000E+00	2.90000000E+01	-5.00000000E-10	-1.36125129E+01	2.75401343E+01	-2.01046926E+00
-3.00000000E+01	1.10000000E+01	2.90000000E+01	-5.00000000E-10	-1.26430829E+01	2.74714629E+01	-2.01046926E+00
-2.39000000E+01	1.10000000E+01	2.90000000E+01	-5.00000000E-10	-1.33314488E+01	2.74714629E+01	-2.01046926E+00
-1.78000000E+01	1.10000000E+01	2.90000000E+01	-5.00000000E-10	-1.41533258E+01	2.74714629E+01	-2.01046926E+00
-1.17000000E+01	1.10000000E+01	2.90000000E+01	-5.00000000E-10	-1.49168424E+01	2.74714629E+01	-2.01046926E+00
-5.60000000E+00	1.10000000E+01	2.90000000E+01	-5.00000000E-10	-1.54437517E+01	2.74714629E+01	-2.01046926E+00
5.00000000E-01	1.10000000E+01	2.90000000E+01	-5.00000000E-10	-1.56110438E+01	2.74714629E+01	-2.01046926E+00
6.60000000E+00	1.10000000E+01	2.90000000E+01	-5.00000000E-10	-1.53796636E+01	2.74714629E+01	-2.01046926E+00
1.27000000E+01	1.10000000E+01	2.90000000E+01	-5.00000000E-10	-1.48036279E+01	2.74714629E+01	-2.01046926E+00
1.88000000E+01	1.10000000E+01	2.90000000E+01	-5.00000000E-10	-1.40174154E+01	2.74714629E+01	-2.01046926E+00
2.49000000E+01	1.10000000E+01	2.90000000E+01	-5.00000000E-10	-1.32045715E+01	2.74714629E+01	-2.01046926E+00
-3.00000000E+01	1.82000000E+01	2.90000000E+01	-5.00000000E-10	-1.25329219E+01	2.80416084E+01	-2.01046926E+00
-2.39000000E+01	1.82000000E+01	2.90000000E+01	-5.00000000E-10	-1.32814588E+01	2.80416084E+01	-2.01046926E+00
-1.78000000E+01	1.82000000E+01	2.90000000E+01	-5.00000000E-10	-1.41751773E+01	2.80416084E+01	-2.01046926E+00
-1.17000000E+01	1.82000000E+01	2.90000000E+01	-5.00000000E-10	-1.50054341E+01	2.80416084E+01	-2.01046926E+00
-5.60000000E+00	1.82000000E+01	2.90000000E+01	-5.00000000E-10	-1.55784013E+01	2.80416084E+01	-2.01046926E+00
5.00000000E-01	1.82000000E+01	2.90000000E+01	-5.00000000E-10	-1.57603167E+01	2.80416084E+01	-2.01046926E+00
6.60000000E+00	1.82000000E+01	2.90000000E+01	-5.00000000E-10	-1.55087112E+01	2.80416084E+01	-2.01046926E+00
1.27000000E+01	1.82000000E+01	2.90000000E+01	-5.00000000E-10	-1.48823233E+01	2.80416084E+01	-2.01046926E+00
1.88000000E+01	1.82000000E+01	2.90000000E+01	-5.00000000E-10	-1.40273868E+01	2.80416084E+01	-2.01046926E+00
2.49000000E+01	1.82000000E+01	2.90000000E+01	-5.00000000E-10	-1.31434910E+01	2.80416084E+01	-2.01046926E+00
-3.00000000E+01	-2.50000000E+01	-3.50000000E+01	-4.13590306E-25	1.37455752E-14	-2.95539042E-14	-3.09627531E-15
-2.39000000E+01	-2.50000000E+01	-3.50000000E+01	-4.13590306E-25	1.41443555E-14	-2.95539042E-14	-3.09627531E-15
-1.78000000E+01	-2.50000000E+01	-3.50000000E+01	-4.13590306E-25	1.46204807E-14	-2.95539042E-14	-3.09627531E-15
-1.17000000E+01	-2.50000000E+01	-3.50000000E+01	-4.13590306E-25	1.50627970E-14	-2.95539042E-14	-3.09627531E-15
-5.60000000E+00	-2.50000000E+01	-3.50000000E+01	-4.13590306E-25	1.53680431E-14	-2.95539042E-14	-3.09627531E-15
5.00000000E-01	-2.50000000E+01	-3.50000000E+01	-4.13590306E-25	1.54649579E-14	-2.95539042E-14	-3.09627531E-15
6.60000000E+00	-2.50000000E+01	-3.50000000E+01	-4.13590306E-25	1.53309159E-14	-2.95539042E-14	-3.09627531E-15
1.27000000E+01	-2.50000000E+01	-3.50000000E+01	-4.13590306E-25	1.49972101E-14	-2.95539042E-14	-3.09627531E-15
1.88000000E+01	-2.50000000E+01	-3.50000000E+01	-4.13590306E-25	1.45417459E-14	-2.95539042E-14	-3.09627531E-15
2.49000000E+01	-2.50000000E+01	-3.50000000E+01	-4.13590306E-25	1.40708537E-14	-2.95539042E-14	-3.09627531E-15
-3.00000000E+01	-1.78000000E+01	-3.50000000E+01	-4.13590306E-25	1.32823434E-14	-2.91212635E-14	-3.09627531E-15
-2.39000000E+01	-1.78000000E+01	-3.50000000E+01	-4.13590306E-25	1.39341457E-14	-2.91212635E-14	-3.09627531E-15
-1.78000000E+01	-1.78000000E+01	-3.50000000E+01	-4.13590306E-25	1.47123675E-14	-2.91212635E-14	-3.09627531E-15
-1.17000000E+01	-1.78000000E+01	-3.50000000E+01	-4.13590306E-25	1.54353289E-14	-2.91212635E-14	-3.09627531E-15
-5.60000000E+00	-1.78000000E+01	-3.50000000E+01	-4.13590306E-25	1.59342506E-14	-2.91212635E-14	-3.09627531E-15
5.00000000E-01	-1.78000000E+01	-3.50000000E+01	-4.13590306E-25	1.60926568E-14	-2.91212635E-14	-3.09627531E-15
6.60000000E+00	-1.78000000E+01	-3.50000000E+01	-4.13590306E-25	1.58735666E-14	-2.91212635E-14	-3.09627531E-15
1.27000000E+01	-1.78000000E+01	-3.50000000E+01	-4.13590306E-25	1.53281279E-14	-2.91212635E-14	-3.09627531E-15
1.88000000E+01	-1.78000000E+01	-3.50000000E+01	-4.13590306E-25	1.45836762E-14	-2.91212635E-14	-3.09627531E-15
2.49000000E+01	-1.78000000E+01	-3.50000000E+01	-4.13590306E-25	1.38140077E-14	-2.91212635E-14	-3.09627531E-15
-3.00000000E+01	-1.06000000E+01	-3.50000000E+01	-4.13590306E-25	1.34114607E-14	-2.86480489E-14	-3.09627531E-15
-2.39000000E+01	-1.06000000E+01	-3.50000000E+01	-4.13590306E-25	1.39927378E-14	-2.86480489E-14	-3.09627531E-15
-1.78000000E+01	-1.06000000E+01	-3.50000000E+01	-4.13590306E-25	1.46867558E-14	-2.86480489E-14	-3.09627531E-15
-1.17000000E+01	-1.06000000E+01	-3.50000000E+01	-4.13590306E-25	1.53314926E-14	-2.86480489E-14	-3.09627531E-15
-5.60000000E+00	-1.06000000E+01	-3.50000000E+01	-4.13590306E-25	1.57764308E-14	-2.86480489E-14	-3.09627531E-15
5.00000000E-01	-1.06000000E+01	-3.50000000E+01	-4.13590306E-25	1.59176974E-14	-2.86480489E-14	-3.09627531E-15
6.60000000E+00	-1.06000000E+01	-3.50000000E+01	-4.13590306E-25	1.57223129E-14	-2.86480489E-14	-3.09627531E-15
1.27000000E+01	-1.06000000E+01	-3.50000000E+01	-4.13590306E-25	1.52358908E-14	-2.86480489E-14	-3.09627531E-15
1.88000000E+01	-1.06000000E+01	-3.50000000E+01	-4.13590306E-25	1.45719889E-14	-2.86480489E-14	-3.09627531E-15
2.49000000E+01	-1.06000000E+01	-3.50000000E+01	-4.13590306E-25	1.38855987E-14	-2.86480489E-14	-3.09627531E-15
-3.00000000E+01	-3.40000000E+00	-3.50000000E+01	-4.13590306E-25	1.40688346E-14	-2.87418140E-14	-3.09627531E-15
-2.39000000E+01	-3.40000000E+00	-3.50000000E+01	-4.13590306E-25	1.42910473E-14	-2.87418140E-14	-3.09627531E-15
-1.78000000E+01	-3.40000000E+00	-3.50000000E+01	-4.13590306E-25	1.45563589E-14	-2.87418140E-14	-3.09627531E-15
-1.17000000E+01	-3.40000000E+00	-3.50000000E+01	-4.13590306E-25	1.48028311E-14	-2.87418140E-14	-3.09627531E-15
-5.60000000E+00	-3.40000000E+00	-3.50000000E+01	-4.13590306E-25	1.49729236E-14	-2.87418140E-14	-3.09627531E-15
5.00000000E-01	-3.40000000E+00	-3.50000000E+01	-4.13590306E-25	1.50269275E-14	-2.87418140E-14	-3.09627531E-15
6.60000000E+00	-3.40000000E+00	-3.50000000E+01	-4.13590306E-25	1.49522352E-14	-2.87418140E-14	-3.09627531E-15
1.27000000E+01	-3.40000000E+00	-3.50000000E+01	-4.13590306E-25	1.47662841E-14	-2.87418140E-14	-3.09627531E-15
1.88000000E+01	-3.40000000E+00	-3.50000000E+01	-4.13590306E-25	1.45124854E-14	-2.87418140E-14	-3.09627531E-15
2.49000000E+01	-3.40000000E+00	-3.50000000E+01	-4.13590306E-25	1.42500898E-14	-2.87418140E-14	-3.09627531E-15
-3.00000000E+01	3.80000000E+00	-3.50000000E+01	-4.13590306E-25	1.49281524E-14	-2.91812658E-14	-3.09627531E-15
-2.39000000E+01	3.80000000E+00	-3.50000000E+01	-4.13590306E-25	1.46809967E-14	-2.91812658E-14	-3.09627531E-15
-1.78000000E+01	3.80000000E+00	-3.50000000E+01	-4.13590306E-25	1.43859043E-14	-2.91812658E-14	-3.09627531E-15
-1.17000000E+01	3.80000000E+00	-3.50000000E+01	-4.13590306E-25	1.41117660E-14	-2.91812658E-14	-3.09627531E-15
-5.60000000E+00	3.80000000E+00	-3.50000000E+01	-4.13590306E-25	1.39225808E-14	-2.91812658E-14	-3.09627531E-15
5.00000000E-01	3.80000000E+00	-3.50000000E+01	-4.13590306E-25	1.38625151E-14	-2.91812658E-14	-3.09627531E-15
6.60000000E+00	3.80000000E+00	-3.50000000E+01	-4.13590306E-25	1.39455915E-14	-2.91812658E-14	-3.09627531E-15
1.27000000E+01	3.80000000E+00	-3.50000000E+01	-4.13590306E-25	1.41524153E-14	-2.91812658E-14	-3.09627531E-15
1.88000000E+01	3.80000000E+00	-3.50000000E+01	-4.13590306E-25	1.44347025E-14	-2.91812658E-14	-3.09627531E-15
2.49000000E+01	3.80000000E+00	-3.50000000E+01	-4.13590306E-25	1.47265516E-14	-2.91812658E-14	-3.09627531E-15
-3.00000000E+01	1.10000000E+01	-3.50000000E+01	-4.13590306E-25	1.55628585E-14	-2.92405072E-14	-3.09627531E-15
-2.39000000E+01	1.10000000E+01	-3.50000000E+01	-4.13590306E-25	1.49690198E-14	-2.92405072E-14	-3.09627531E-15
-1.78000000E+01	1.10000000E+01	-3.50000000E+01	-4.13590306E-25	1.42600038E-14	-2.92405072E-14	-3.09627531E-15
-1.17000000E+01	1.10000000E+01	-3.50000000E+01	-4.13590306E-25	1.36013341E-14	-2.92405072E-14	-3.09627531E-15
-5.60000000E+00	1.10000000E+01	-3.50000000E+01	-4.13590306E-25	1.31467806E-14	-2.92405072E-14	-3.09627531E-15
5.00000000E-01	1.10000000E+01	-3.50000000E+01	-4.13590306E-25	1.30024612E-14	-2.92405072E-14	-3.09627531E-15
6.60000000E+00	1.10000000E+01	-3.50000000E+01	-4.13590306E-25	1.32020680E-14	-2.92405072E-14	-3.09627531E-15
1.27000000E+01	1.10000000E+01	-3.50000000E+01	-4.13590306E-25	1.36990019E-14	-2.92405072E-14	-3.09627531E-15
1.88000000E+01	1.10000000E+01	-3.50000000E+01	-4.13590306E-25	1.43772508E-14	-2.92405072E-14	-3.09627531E-15
2.49000000E+01	1.10000000E+01	-3.50000000E+01	-4.13590306E-25	1.50784741E-14	-2.92405072E-14	-3.09627531E-15
-3.00000000E+01	1.82000000E+01	-3.50000000E+01	-4.13590306E-25	1.56578920E-14	-2.87486547E-14	-3.09627531E-15
-2.39000000E+01	1.82000000E+01	-3.50000000E+01	-4.13590306E-25	1.50121450E-14	-2.87486547E-14	-3.09627531E-15
-1.78000000E+01	1.82000000E+01	-3.50000000E+01	-4.13590306E-25	1.42411529E-14	-2.87486547E-14	-3.09627531E-15
-1.17000000E+01	1.82000000E+01	-3.50000000E+01	-4.13590306E-25	1.35249079E-14	-2.87486547E-14	-3.09627531E-15
-5.60000000E+00	1.82000000E+01	-3.50000000E+01	-4.13590306E-25	1.30306212E-14	-2.87486547E-14	-3.09627531E-15
5.00000000E-01	1.82000000E+01	-3.50000000E+01	-4.13590306E-25	1.28736866E-14	-2.87486547E-14	-3.09627531E-15
6.60000000E+00	1.82000000E+01	-3.50000000E+01	-4.13590306E-25	1.30907414E-14	-2.87486547E-14	-3.09627531E-15
1.27000000E+01	1.82000000E+01	-3.50000000E+01	-4.13590306E-25	1.36311130E-14	-2.87486547E-14	-3.09627531E-15
1.88000000E+01	1.82000000E+01	-3.50000000E+01	-4.13590306E-25	1.43686487E-14	-2.87486547E-14	-3.09627531E-15
2.49000000E+01	1.82000000E+01	-3.50000000E+01	-4.13590306E-25	1.51311669E-14	-2.87486547E-14	-3.09627531E-15
-3.00000000E+01	-2.50000000E+01	-2.70000000E+01	-4.13590306E-25	1.04368528E-14	-2.29364593E-14	2.93476099E-15
-2.39000000E+01	-2.50000000E+01	-2.70000000E+01	-4.13590306E-25	1.08356330E-14	-2.29364593E-14	2.93476099E-15
-1.78000000E+01	-2.50000000E+01	-2.70000000E+01	-4.13590306E-25	1.13117583E-14	-2.29364593E-14	2.93476099E-15
-1.17000000E+01	-2.50000000E+01	-2.70000000E+01	-4.13590306E-25	1.17540745E-14	-2.29364593E-14	2.93476099E-15
-5.60000000E+00	-2.50000000E+01	-2.70000000E+01	-4.13590306E-25	1.20593207E-14	-2.29364593E-14	2.93476099E-15
5.00000000E-01	-2.50000000E+01	-2.70000000E+01	-4.13590306E-25	1.21562354E-14	-2.29364593E-14	2.93476099E-15
6.60000000E+00	-2.50000000E+01	-2.70000000E+01	-4.13590306E-25	1.20221935E-14	-2.29364593E-14	2.93476099E-15
1.27000000E+01	-2.50000000E+01	-2.70000000E+01	-4.13590306E-25	1.16884877E-14	-2.29364593E-14	2.93476099E-15
1.88000000E+01	-2.50000000E+01	-2.70000000E+01	-4.13590306E-25	1.12330234E-14	-2.29364593E-14	2.93476099E-15
2.49000000E+01	-2.50000000E+01	-2.70000000E+01	-4.13590306E-25	1.07621312E-14	-2.29364593E-14	2.93476099E-15
-3.00000000E+01	-1.78000000E+01	-2.70000000E+01	-4.13590306E-25	9.97362100E-15	-2.25038186E-14	2.93476099E-15
-2.39000000E+01	-1.78000000E+01	-2.70000000E+01	-4.13590306E-25	1.06254233E-14	-2.25038186E-14	2.93476099E-15
-1.78000000E+01	-1.78000000E+01	-2.70000000E+01	-4.13590306E-25	1.14036451E-14	-2.25038186E-14	2.93476099E-15
-1.17000000E+01	-1.78000000E+01	-2.70000000E+01	-4.13590306E-25	1.21266065E-14	-2.25038186E-14	2.93476099E-15
-5.60000000E+00	-1.78000000E+01	-2.70000000E+01	-4.13590306E-25	1.26255282E-14	-2.25038186E-14	2.93476099E-15
5.00000000E-01	-1.78000000E+01	-2.70000000E+01	-4.13590306E-25	1.27839343E-14	-2.25038186E-14	2.93476099E-15
6.60000000E+00	-1.78000000E+01	-2.70000000E+01	-4.13590306E-25	1.25648442E-14	-2.25038186E-14	2.93476099E-15
1.27000000E+01	-1.78000000E+01	-2.70000000E+01	-4.13590306E-25	1.20194055E-14	-2.25038186E-14	2.93476099E-15
1.88000000E+01	-1.78000000E+01	-2.70000000E+01	-4.13590306E-25	1.12749538E-14	-2.25038186E-14	2.93476099E-15
2.49000000E+01	-1.78000000E+01	-2.70000000E+01	-4.13590306E-25	1.05052853E-14	-2.25038186E-14	2.93476099E-15
-3.00000000E+01	-1.06000000E+01	-2.70000000E+01	-4.13590306E-25	1.01027382E-14	-2.20306040E-14	2.93476099E-15
-2.39000000E+01	-1.06000000E+01	-2.70000000E+01	-4.13590306E-25	1.06840153E-14	-2.20306040E-14	2.93476099E-15
-1.78000000E+01	-1.06000000E+01	-2.70000000E+01	-4.13590306E-25	1.13780334E-14	-2.20306040E-14	2.93476099E-15
-1.17000000E+01	-1.06000000E+01	-2.70000000E+01	-4.13590306E-25	1.20227701E-14	-2.20306040E-14	2.93476099E-15
-5.60000000E+00	-1.06000000E+01	-2.70000000E+01	-4.13590306E-25	1.24677084E-14	-2.20306040E-14	2.93476099E-15
5.00000000E-01	-1.06000000E+01	-2.70000000E+01	-4.13590306E-25	1.26089750E-14	-2.20306040E-14	2.93476099E-15
6.60000000E+00	-1.06000000E+01	-2.70000000E+01	-4.13590306E-25	1.24135904E-14	-2.20306040E-14	2.93476099E-15
1.27000000E+01	-1.06000000E+01	-2.70000000E+01	-4.13590306E-25	1.19271683E-14	-2.20306040E-14	2.93476099E-15
1.88000000E+01	-1.06000000E+01	-2.70000000E+01	-4.13590306E-25	1.12632665E-14	-2.20306040E-14	2.93476099E-15
2.49000000E+01	-1.06000000E+01	-2.70000000E+01	-4.13590306E-25	1.05768763E-14	-2.20306040E-14	2.93476099E-15
-3.00000000E+01	-3.40000000E+00	-2.70000000E+01	-4.13590306E-25	1.07601122E-14	-2.21243691E-14	2.93476099E-15
-2.39000000E+01	-3.40000000E+00	-2.70000000E+01	-4.13590306E-25	1.09823248E-14	-2.21243691E-14	2.93476099E-15
-1.78000000E+01	-3.40000000E+00	-2.70000000E+01	-4.13590306E-25	1.12476364E-14	-2.21243691E-14	2.93476099E-15
-1.17000000E+01	-3.40000000E+00	-2.70000000E+01	-4.13590306E-25	1.14941086E-14	-2.21243691E-14	2.93476099E-15
-5.60000000E+00	-3.40000000E+00	-2.70000000E+01	-4.13590306E-25	1.16642012E-14	-2.21243691E-14	2.93476099E-15
5.00000000E-01	-3.40000000E+00	-2.70000000E+01	-4.13590306E-25	1.17182051E-14	-2.21243691E-14	2.93476099E-15
6.60000000E+00	-3.40000000E+00	-2.70000000E+01	-4.13590306E-25	1.16435128E-14	-2.21243691E-14	2.93476099E-15
1.27000000E+01	-3.40000000E+00	-2.70000000E+01	-4.13590306E-25	1.14575617E-14	-2.21243691E-14	2.93476099E-15
1.88000000E+01	-3.40000000E+00	-2.70000000E+01	-4.13590306E-25	1.12037629E-14	-2.21243691E-14	2.93476099E-15
2.49000000E+01	-3.40000000E+00	-2.70000000E+01	-4.13590306E-25	1.09413673E-14	-2.21243691E-14	2.93476099E-15
-3.00000000E+01	3.80000000E+00	-2.70000000E+01	-4.13590306E-25	1.16194299E-14	-2.25638209E-14	2.93476099E-15
-2.39000000E+01	3.80000000E+00	-2.70000000E+01	-4.13590306E-25	1.13722743E-14	-2.25638209E-14	2.93476099E-15
-1.78000000E+01	3.80000000E+00	-2.70000000E+01	-4.13590306E-25	1.10771819E-14	-2.25638209E-14	2.93476099E-15
-1.17000000E+01	3.80000000E+00	-2.70000000E+01	-4.13590306E-25	1.08030436E-14	-2.25638209E-14	2.93476099E-15
-5.60000000E+00	3.80000000E+00	-2.70000000E+01	-4.13590306E-25	1.06138584E-14	-2.25638209E-14	2.93476099E-15
5.00000000E-01	3.80000000E+00	-2.70000000E+01	-4.13590306E-25	1.05537927E-14	-2.25638209E-14	2.93476099E-15
6.60000000E+00	3.80000000E+00	-2.70000000E+01	-4.13590306E-25	1.06368690E-14	-2.25638209E-14	2.93476099E-15
1.27000000E+01	3.80000000E+00	-2.70000000E+01	-4.13590306E-25	1.08436929E-14	-2.25638209E-14	2.93476099E-15
1.88000000E+01	3.80000000E+00	-2.70000000E+01	-4.13590306E-25	1.11259801E-14	-2.25638209E-14	2.93476099E-15
2.49000000E+01	3.80000000E+00	-2.70000000E+01	-4.13590306E-25	1.14178292E-14	-2.25638209E-14	2.93476099E-15
-3.00000000E+01	1.10000000E+01	-2.70000000E+01	-4.13590306E-25	1.22541360E-14	-2.26230623E-14	2.93476099E-15
-2.39000000E+01	1.10000000E+01	-2.70000000E+01	-4.13590306E-25	1.16602973E-14	-2.26230623E-14	2.93476099E-15
-1.78000000E+01	1.10000000E+01	-2.70000000E+01	-4.13590306E-25	1.09512814E-14	-2.26230623E-14	2.93476099E-15
-1.17000000E+01	1.10000000E+01	-2.70000000E+01	-4.13590306E-25	1.02926116E-14	-2.26230623E-14	2.93476099E-15
-5.60000000E+00	1.10000000E+01	-2.70000000E+01	-4.13590306E-25	9.83805811E-15	-2.26230623E-14	2.93476099E-15
5.00000000E-01	1.10000000E+01	-2.70000000E+01	-4.13590306E-25	9.69373872E-15	-2.26230623E-14	2.93476099E-15
6.60000000E+00	1.10000000E+01	-2.70000000E+01	-4.13590306E-25	9.89334558E-15	-2.26230623E-14	2.93476099E-15
1.27000000E+01	1.10000000E+01	-2.70000000E+01	-4.13590306E-25	1.03902794E-14	-2.26230623E-14	2.93476099E-15
1.88000000E+01	1.10000000E+01	-2.70000000E+01	-4.13590306E-25	1.10685284E-14	-2.26230623E-14	2.93476099E-15
2.49000000E+01	1.10000000E+01	-2.70000000E+01	-4.13590306E-25	1.17697517E-14	-2.26230623E-14	2.93476099E-15
-3.00000000E+01	1.82000000E+01	-2.70000000E+01	-4.13590306E-25	1.23491696E-14	-2.21312098E-14	2.93476099E-15
-2.39000000E+01	1.82000000E+01	-2.70000000E+01	-4.13590306E-25	1.17034226E-14	-2.21312098E-14	2.93476099E-15
-1.78000000E+01	1.82000000E+01	-2.70000000E+01	-4.13590306E-25	1.09324305E-14	-2.21312098E-14	2.93476099E-15
-1.17000000E+01	1.82000000E+01	-2.70000000E+01	-4.13590306E-25	1.02161854E-14	-2.21312098E-14	2.93476099E-15
-5.60000000E+00	1.82000000E+01	-2.70000000E+01	-4.13590306E-25	9.72189871E-15	-2.21312098E-14	2.93476099E-15
5.00000000E-01	1.82000000E+01	-2.70000000E+01	-4.13590306E-25	9.56496414E-15	-2.21312098E-14	2.93476099E-15
6.60000000E+00	1.82000000E+01	-2.70000000E+01	-4.13590306E-25	9.78201894E-15	-2.21312098E-14	2.93476099E-15
1.27000000E+01	1.82000000E+01	-2.70000000E+01	-4.13590306E-25	1.03223905E-14	-2.21312098E-14	2.93476099E-15
1.88000000E+01	1.82000000E+01	-2.70000000E+01	-4.13590306E-25	1.10599262E-14	-2.21312098E-14	2.93476099E-15
2.49000000E+01	1.82000000E+01	-2.70000000E+01	-4.13590306E-25	1.18224445E-14	-2.21312098E-14	2.93476099E-15
-3.00000000E+01	-2.50000000E+01	-1.90000000E+01	-4.13590306E-25	7.12813033E-15	-1.63190144E-14	5.48518951E-15
-2.39000000E+01	-2.50000000E+01	-1.90000000E+01	-4.13590306E-25	7.52691060E-15	-1.63190144E-14	5.48518951E-15
-1.78000000E+01	-2.50000000E+01	-1.90000000E+01	-4.13590306E-25	8.00303583E-15	-1.63190144E-14	5.48518951E-15
-1.17000000E+01	-2.50000000E+01	-1.90000000E+01	-4.13590306E-25	8.44535206E-15	-1.63190144E-14	5.48518951E-15
-5.60000000E+00	-2.50000000E+01	-1.90000000E+01	-4.13590306E-25	8.75059821E-15	-1.63190144E-14	5.48518951E-15
5.00000000E-01	-2.50000000E+01	-1.90000000E+01	-4.13590306E-25	8.84751296E-15	-1.63190144E-14	5.48518951E-15
6.60000000E+00	-2.50000000E+01	-1.90000000E+01	-4.13590306E-25	8.71347104E-15	-1.63190144E-14	5.48518951E-15
1.27000000E+01	-2.50000000E+01	-1.90000000E+01	-4.13590306E-25	8.37976524E-15	-1.63190144E-14	5.48518951E-15
1.88000000E+01	-2.50000000E+01	-1.90000000E+01	-4.13590306E-25	7.92430097E-15	-1.63190144E-14	5.48518951E-15
2.49000000E+01	-2.50000000E+01	-1.90000000E+01	-4.13590306E-25	7.45340876E-15	-1.63190144E-14	5.48518951E-15
-3.00000000E+01	-1.78000000E+01	-1.90000000E+01	-4.13590306E-25	6.66489855E-15	-1.58863737E-14	5.48518951E-15
-2.39000000E+01	-1.78000000E+01	-1.90000000E+01	-4.13590306E-25	7.31670082E-15	-1.58863737E-14	5.48518951E-15
-1.78000000E+01	-1.78000000E+01	-1.90000000E+01	-4.13590306E-25	8.09492264E-15	-1.58863737E-14	5.48518951E-15
-1.17000000E+01	-1.78000000E+01	-1.90000000E+01	-4.13590306E-25	8.81788400E-15	-1.58863737E-14	5.48518951E-15
-5.60000000E+00	-1.78000000E+01	-1.90000000E+01	-4.13590306E-25	9.31680573E-15	-1.58863737E-14	5.48518951E-15
5.00000000E-01	-1.78000000E+01	-1.90000000E+01	-4.13590306E-25	9.47521190E-15	-1.58863737E-14	5.48518951E-15
6.60000000E+00	-1.78000000E+01	-1.90000000E+01	-4.13590306E-25	9.25612174E-15	-1.58863737E-14	5.48518951E-15
1.27000000E+01	-1.78000000E+01	-1.90000000E+01	-4.13590306E-25	8.71068303E-15	-1.58863737E-14	5.48518951E-15
1.88000000E+01	-1.78000000E+01	-1.90000000E+01	-4.13590306E-25	7.96623132E-15	-1.58863737E-14	5.48518951E-15
2.49000000E+01	-1.78000000E+01	-1.90000000E+01	-4.13590306E-25	7.19656282E-15	-1.58863737E-14	5.48518951E-15
-3.00000000E+01	-1.06000000E+01	-1.90000000E+01	-4.13590306E-25	6.79401578E-15	-1.54131591E-14	5.48518951E-15
-2.39000000E+01	-1.06000000E+01	-1.90000000E+01	-4.13590306E-25	7.37529288E-15	-1.54131591E-14	5.48518951E-15
-1.78000000E+01	-1.06000000E+01	-1.90000000E+01	-4.13590306E-25	8.06931091E-15	-1.54131591E-14	5.48518951E-15
-1.17000000E+01	-1.06000000E+01	-1.90000000E+01	-4.13590306E-25	8.71404766E-15	-1.54131591E-14	5.48518951E-15
-5.60000000E+00	-1.06000000E+01	-1.90000000E+01	-4.13590306E-25	9.15898593E-15	-1.54131591E-14	5.48518951E-15
5.00000000E-01	-1.06000000E+01	-1.90000000E+01	-4.13590306E-25	9.30025250E-15	-1.54131591E-14	5.48518951E-15
6.60000000E+00	-1.06000000E+01	-1.90000000E+01	-4.13590306E-25	9.10486796E-15	-1.54131591E-14	5.48518951E-15
1.27000000E+01	-1.06000000E+01	-1.90000000E+01	-4.13590306E-25	8.61844586E-15	-1.54131591E-14	5.48518951E-15
1.88000000E+01	-1.06000000E+01	-1.90000000E+01	-4.13590306E-25	7.95454401E-15	-1.54131591E-14	5.48518951E-15
2.49000000E+01	-1.06000000E+01	-1.90000000E+01	-4.13590306E-25	7.26815384E-15	-1.54131591E-14	5.48518951E-15
-3.00000000E+01	-3.40000000E+00	-1.90000000E+01	-4.13590306E-25	7.45138972E-15	-1.55069242E-14	5.48518951E-15
-2.39000000E+01	-3.40000000E+00	-1.90000000E+01	-4.13590306E-25	7.67360236E-15	-1.55069242E-14	5.48518951E-15
-1.78000000E+01	-3.40000000E+00	-1.90000000E+01	-4.13590306E-25	7.93891398E-15	-1.55069242E-14	5.48518951E-15
-1.17000000E+01	-3.40000000E+00	-1.90000000E+01	-4.13590306E-25	8.18538620E-15	-1.55069242E-14	5.48518951E-15
-5.60000000E+00	-3.40000000E+00	-1.90000000E+01	-4.13590306E-25	8.35547875E-15	-1.55069242E-14	5.48518951E-15
5.00000000E-01	-3.40000000E+00	-1.90000000E+01	-4.13590306E-25	8.40948263E-15	-1.55069242E-14	5.48518951E-15
6.60000000E+00	-3.40000000E+00	-1.90000000E+01	-4.13590306E-25	8.33479034E-15	-1.55069242E-14	5.48518951E-15
1.27000000E+01	-3.40000000E+00	-1.90000000E+01	-4.13590306E-25	8.14883921E-15	-1.55069242E-14	5.48518951E-15
1.88000000E+01	-3.40000000E+00	-1.90000000E+01	-4.13590306E-25	7.89504050E-15	-1.55069242E-14	5.48518951E-15
2.49000000E+01	-3.40000000E+00	-1.90000000E+01	-4.13590306E-25	7.63264487E-15	-1.55069242E-14	5.48518951E-15
-3.00000000E+01	3.80000000E+00	-1.90000000E+01	-4.13590306E-25	8.31070748E-15	-1.59463760E-14	5.48518951E-15
-2.39000000E+01	3.80000000E+00	-1.90000000E+01	-4.13590306E-25	8.06355184E-15	-1.59463760E-14	5.48518951E-15
-1.78000000E+01	3.80000000E+00	-1.90000000E+01	-4.13590306E-25	7.76845942E-15	-1.59463760E-14	5.48518951E-15
-1.17000000E+01	3.80000000E+00	-1.90000000E+01	-4.13590306E-25	7.49432111E-15	-1.59463760E-14	5.48518951E-15
-5.60000000E+00	3.80000000E+00	-1.90000000E+01	-4.13590306E-25	7.30513595E-15	-1.59463760E-14	5.48518951E-15
5.00000000E-01	3.80000000E+00	-1.90000000E+01	-4.13590306E-25	7.24507022E-15	-1.59463760E-14	5.48518951E-15
6.60000000E+00	3.80000000E+00	-1.90000000E+01	-4.13590306E-25	7.32814659E-15	-1.59463760E-14	5.48518951E-15
1.27000000E+01	3.80000000E+00	-1.90000000E+01	-4.13590306E-25	7.53497044E-15	-1.59463760E-14	5.48518951E-15
1.88000000E+01	3.80000000E+00	-1.90000000E+01	-4.13590306E-25	7.81725763E-15	-1.59463760E-14	5.48518951E-15
2.49000000E+01	3.80000000E+00	-1.90000000E+01	-4.13590306E-25	8.10910674E-15	-1.59463760E-14	5.48518951E-15
-3.00000000E+01	1.10000000E+01	-1.90000000E+01	-4.13590306E-25	8.94541355E-15	-1.60056174E-14	5.48518951E-15
-2.39000000E+01	1.10000000E+01	-1.90000000E+01	-4.13590306E-25	8.35157487E-15	-1.60056174E-14	5.48518951E-15
-1.78000000E+01	1.10000000E+01	-1.90000000E+01	-4.13590306E-25	7.64255890E-15	-1.60056174E-14	5.48518951E-15
-1.17000000E+01	1.10000000E+01	-1.90000000E+01	-4.13590306E-25	6.98388918E-15	-1.60056174E-14	5.48518951E-15
-5.60000000E+00	1.10000000E+01	-1.90000000E+01	-4.13590306E-25	6.52933566E-15	-1.60056174E-14	5.48518951E-15
5.00000000E-01	1.10000000E+01	-1.90000000E+01	-4.13590306E-25	6.38501627E-15	-1.60056174E-14	5.48518951E-15
6.60000000E+00	1.10000000E+01	-1.90000000E+01	-4.13590306E-25	6.58462313E-15	-1.60056174E-14	5.48518951E-15
1.27000000E+01	1.10000000E+01	-1.90000000E+01	-4.13590306E-25	7.08155697E-15	-1.60056174E-14	5.48518951E-15
1.88000000E+01	1.10000000E+01	-1.90000000E+01	-4.13590306E-25	7.75980594E-15	-1.60056174E-14	5.48518951E-15
2.49000000E+01	1.10000000E+01	-1.90000000E+01	-4.13590306E-25	8.46102922E-15	-1.60056174E-14	5.48518951E-15
-3.00000000E+01	1.82000000E+01	-1.90000000E+01	-4.13590306E-25	9.04044714E-15	-1.55137649E-14	5.48518951E-15
-2.39000000E+01	1.82000000E+01	-1.90000000E+01	-4.13590306E-25	8.39470013E-15	-1.55137649E-14	5.48518951E-15
-1.78000000E+01	1.82000000E+01	-1.90000000E+01	-4.13590306E-25	7.62370801E-15	-1.55137649E-14	5.48518951E-15
-1.17000000E+01	1.82000000E+01	-1.90000000E+01	-4.13590306E-25	6.90746298E-15	-1.55137649E-14	5.48518951E-15
-5.60000000E+00	1.82000000E+01	-1.90000000E+01	-4.13590306E-25	6.41317626E-15	-1.55137649E-14	5.48518951E-15
5.00000000E-01	1.82000000E+01	-1.90000000E+01	-4.13590306E-25	6.25624169E-15	-1.55137649E-14	5.48518951E-15
6.60000000E+00	1.82000000E+01	-1.90000000E+01	-4.13590306E-25	6.47329649E-15	-1.55137649E-14	5.48518951E-15
1.27000000E+01	1.82000000E+01	-1.90000000E+01	-4.13590306E-25	7.01366806E-15	-1.55137649E-14	5.48518951E-15
1.88000000E+01	1.82000000E+01	-1.90000000E+01	-4.13590306E-25	7.75120379E-15	-1.55137649E-14	5.48518951E-15
2.49000000E+01	1.82000000E+01	-1.90000000E+01	-4.13590306E-25	8.51372205E-15	-1.55137649E-14	5.48518951E-15
-3.00000000E+01	-2.50000000E+01	-1.10000000E+01	-4.13590306E-25	3.81940788E-15	-9.70156947E-15	4.65426559E-15
-2.39000000E+01	-2.50000000E+01	-1.10000000E+01	-4.13590306E-25	4.21818815E-15	-9.70156947E-15	4.65426559E-15
-1.78000000E+01	-2.50000000E+01	-1.10000000E+01	-4.13590306E-25	4.69431338E-15	-9.70156947E-15	4.65426559E-15
-1.17000000E+01	-2.50000000E+01	-1.10000000E+01	-4.13590306E-25	5.13662961E-15	-9.70156947E-15	4.65426559E-15
-5.60000000E+00	-2.50000000E+01	-1.10000000E+01	-4.13590306E-25	5.44187576E-15	-9.70156947E-15	4.65426559E-15
5.00000000E-01	-2.50000000E+01	-1.10000000E+01	-4.13590306E-25	5.53879051E-15	-9.70156947E-15	4.65426559E-15
6.60000000E+00	-2.50000000E+01	-1.10000000E+01	-4.13590306E-25	5.40474859E-15	-9.70156947E-15	4.65426559E-15
1.27000000E+01	-2.50000000E+01	-1.10000000E+01	-4.13590306E-25	5.07104279E-15	-9.70156947E-15	4.65426559E-15
1.88000000E+01	-2.50000000E+01	-1.10000000E+01	-4.13590306E-25	4.61557852E-15	-9.70156947E-15	4.65426559E-15
2.49000000E+01	-2.50000000E+01	-1.10000000E+01	-4.13590306E-25	4.14468631E-15	-9.70156947E-15	4.65426559E-15
-3.00000000E+01	-1.78000000E+01	-1.10000000E+01	-4.13590306E-25	3.35617610E-15	-9.26892880E-15	4.65426559E-15
-2.39000000E+01	-1.78000000E+01	-1.10000000E+01	-4.13590306E-25	4.00797837E-15	-9.26892880E-15	4.65426559E-15
-1.78000000E+01	-1.78000000E+01	-1.10000000E+01	-4.13590306E-25	4.78620019E-15	-9.26892880E-15	4.65426559E-15
-1.17000000E+01	-1.78000000E+01	-1.10000000E+01	-4.13590306E-25	5.50916155E-15	-9.26892880E-15	4.65426559E-15
-5.60000000E+00	-1.78000000E+01	-1.10000000E+01	-4.13590306E-25	6.00808328E-15	-9.26892880E-15	4.65426559E-15
5.00000000E-01	-1.78000000E+01	-1.10000000E+01	-4.13590306E-25	6.16648945E-15	-9.26892880E-15	4.65426559E-15
6.60000000E+00	-1.78000000E+01	-1.10000000E+01	-4.13590306E-25	5.94739929E-15	-9.26892880E-15	4.65426559E-15
1.27000000E+01	-1.78000000E+01	-1.10000000E+01	-4.13590306E-25	5.40196058E-15	-9.26892880E-15	4.65426559E-15
1.88000000E+01	-1.78000000E+01	-1.10000000E+01	-4.13590306E-25	4.65750887E-15	-9.26892880E-15	4.65426559E-15
2.49000000E+01	-1.78000000E+01	-1.10000000E+01	-4.13590306E-25	3.88784037E-15	-9.26892880E-15	4.65426559E-15
-3.00000000E+01	-1.06000000E+01	-1.10000000E+01	-4.13590306E-25	3.48529333E-15	-8.79571421E-15	4.65426559E-15
-2.39000000E+01	-1.06000000E+01	-1.10000000E+01	-4.13590306E-25	4.06657043E-15	-8.79571421E-15	4.65426559E-15
-1.78000000E+01	-1.06000000E+01	-1.10000000E+01	-4.13590306E-25	4.76058846E-15	-8.79571421E-15	4.65426559E-15
-1.17000000E+01	-1.06000000E+01	-1.10000000E+01	-4.13590306E-25	5.40532521E-15	-8.79571421E-15	4.65426559E-15
-5.60000000E+00	-1.06000000E+01	-1.10000000E+01	-4.13590306E-25	5.85026348E-15	-8.79571421E-15	4.65426559E-15
5.00000000E-01	-1.06000000E+01	-1.10000000E+01	-4.13590306E-25	5.99153005E-15	-8.79571421E-15	4.65426559E-15
6.60000000E+00	-1.06000000E+01	-1.10000000E+01	-4.13590306E-25	5.79614551E-15	-8.79571421E-15	4.65426559E-15
1.27000000E+01	-1.06000000E+01	-1.10000000E+01	-4.13590306E-25	5.30972341E-15	-8.79571421E-15	4.65426559E-15
1.88000000E+01	-1.06000000E+01	-1.10000000E+01	-4.13590306E-25	4.64582156E-15	-8.79571421E-15	4.65426559E-15
2.49000000E+01	-1.06000000E+01	-1.10000000E+01	-4.13590306E-25	3.95943139E-15	-8.79571421E-15	4.65426559E-15
-3.00000000E+01	-3.40000000E+00	-1.10000000E+01	-4.13590306E-25	4.14266727E-15	-8.88947926E-15	4.65426559E-15
-2.39000000E+01	-3.40000000E+00	-1.10000000E+01	-4.13590306E-25	4.36487991E-15	-8.88947926E-15	4.65426559E-15
-1.78000000E+01	-3.40000000E+00	-1.10000000E+01	-4.13590306E-25	4.63019153E-15	-8.88947926E-15	4.65426559E-15
-1.17000000E+01	-3.40000000E+00	-1.10000000E+01	-4.13590306E-25	4.87666375E-15	-8.88947926E-15	4.65426559E-15
-5.60000000E+00	-3.40000000E+00	-1.10000000E+01	-4.13590306E-25	5.04675630E-15	-8.88947926E-15	4.65426559E-15
5.00000000E-01	-3.40000000E+00	-1.10000000E+01	-4.13590306E-25	5.10076018E-15	-8.88947926E-15	4.65426559E-15
6.60000000E+00	-3.40000000E+00	-1.10000000E+01	-4.13590306E-25	5.02606789E-15	-8.88947926E-15	4.65426559E-15
1.27000000E+01	-3.40000000E+00	-1.10000000E+01	-4.13590306E-25	4.84011676E-15	-8.88947926E-15	4.65426559E-15
1.88000000E+01	-3.40000000E+00	-1.10000000E+01	-4.13590306E-25	4.58631805E-15	-8.88947926E-15	4.65426559E-15
2.49000000E+01	-3.40000000E+00	-1.10000000E+01	-4.13590306E-25	4.32392242E-15	-8.88947926E-15	4.65426559E-15
-3.00000000E+01	3.80000000E+00	-1.10000000E+01	-4.13590306E-25	5.00198503E-15	-9.32893113E-15	4.65426559E-15
-2.39000000E+01	3.80000000E+00	-1.10000000E+01	-4.13590306E-25	4.75482939E-15	-9.32893113E-15	4.65426559E-15
-1.78000000E+01	3.80000000E+00	-1.10000000E+01	-4.13590306E-25	4.45973697E-15	-9.32893113E-15	4.65426559E-15
-1.17000000E+01	3.80000000E+00	-1.10000000E+01	-4.13590306E-25	4.18559866E-15	-9.32893113E-15	4.65426559E-15
-5.60000000E+00	3.80000000E+00	-1.10000000E+01	-4.13590306E-25	3.99641350E-15	-9.32893113E-15	4.65426559E-15
5.00000000E-01	3.80000000E+00	-1.10000000E+01	-4.13590306E-25	3.93634777E-15	-9.32893113E-15	4.65426559E-15
6.60000000E+00	3.80000000E+00	-1.10000000E+01	-4.13590306E-25	4.01942414E-15	-9.32893113E-15	4.65426559E-15
1.27000000E+01	3.80000000E+00	-1.10000000E+01	-4.13590306E-25	4.22624799E-15	-9.32893113E-15	4.65426559E-15
1.88000000E+01	3.80000000E+00	-1.10000000E+01	-4.13590306E-25	4.50853518E-15	-9.32893113E-15	4.65426559E-15
2.49000000E+01	3.80000000E+00	-1.10000000E+01	-4.13590306E-25	4.80038428E-15	-9.32893113E-15	4.65426559E-15
-3.00000000E+01	1.10000000E+01	-1.10000000E+01	-4.13590306E-25	5.63669110E-15	-9.38817253E-15	4.65426559E-15
-2.39000000E+01	1.10000000E+01	-1.10000000E+01	-4.13590306E-25	5.04285242E-15	-9.38817253E-15	4.65426559E-15
-1.78000000E+01	1.10000000E+01	-1.10000000E+01	-4.13590306E-25	4.33383645E-15	-9.38817253E-15	4.65426559E-15
-1.17000000E+01	1.10000000E+01	-1.10000000E+01	-4.13590306E-25	3.67516673E-15	-9.38817253E-15	4.65426559E-15
-5.60000000E+00	1.10000000E+01	-1.10000000E+01	-4.13590306E-25	3.22061321E-15	-9.38817253E-15	4.65426559E-15
5.00000000E-01	1.10000000E+01	-1.10000000E+01	-4.13590306E-25	3.07629381E-15	-9.38817253E-15	4.65426559E-15
6.60000000E+00	1.10000000E+01	-1.10000000E+01	-4.13590306E-25	3.27590068E-15	-9.38817253E-15	4.65426559E-15
1.27000000E+01	1.10000000E+01	-1.10000000E+01	-4.13590306E-25	3.77283452E-15	-9.38817253E-15	4.65426559E-15
1.88000000E+01	1.10000000E+01	-1.10000000E+01	-4.13590306E-25	4.45108349E-15	-9.38817253E-15	4.65426559E-15
2.49000000E+01	1.10000000E+01	-1.10000000E+01	-4.13590306E-25	5.15230677E-15	-9.38817253E-15	4.65426559E-15
-3.00000000E+01	1.82000000E+01	-1.10000000E+01	-4.13590306E-25	5.73172469E-15	-8.89632004E-15	4.65426559E-15
-2.39000000E+01	1.82000000E+01	-1.10000000E+01	-4.13590306E-25	5.08597768E-15	-8.89632004E-15	4.65426559E-15
-1.78000000E+01	1.82000000E+01	-1.10000000E+01	-4.13590306E-25	4.31498556E-15	-8.89632004E-15	4.65426559E-15
-1.17000000E+01	1.82000000E+01	-1.10000000E+01	-4.13590306E-25	3.59874053E-15	-8.89632004E-15	4.65426559E-15
-5.60000000E+00	1.82000000E+01	-1.10000000E+01	-4.13590306E-25	3.10445381E-15	-8.89632004E-15	4.65426559E-15
5.00000000E-01	1.82000000E+01	-1.10000000E+01	-4.13590306E-25	2.94751924E-15	-8.89632004E-15	4.65426559E-15
6.60000000E+00	1.82000000E+01	-1.10000000E+01	-4.13590306E-25	3.16457404E-15	-8.89632004E-15	4.65426559E-15
1.27000000E+01	1.82000000E+01	-1.10000000E+01	-4.13590306E-25	3.70494561E-15	-8.89632004E-15	4.65426559E-15
1.88000000E+01	1.82000000E+01	-1.10000000E+01	-4.13590306E-25	4.44248134E-15	-8.89632004E-15	4.65426559E-15
2.49000000E+01	1.82000000E+01	-1.10000000E+01	-4.13590306E-25	5.20499959E-15	-8.89632004E-15	4.65426559E-15
-3.00000000E+01	-2.50000000E+01	-3.00000000E+00	-4.13590306E-25	5.10685432E-16	-3.08412457E-15	1.47220608E-15
-2.39000000E+01	-2.50000000E+01	-3.00000000E+00	-4.13590306E-25	9.09465698E-16	-3.08412457E-15	1.47220608E-15
-1.78000000E+01	-2.50000000E+01	-3.00000000E+00	-4.13590306E-25	1.38559093E-15	-3.08412457E-15	1.47220608E-15
-1.17000000E+01	-2.50000000E+01	-3.00000000E+00	-4.13590306E-25	1.82790716E-15	-3.08412457E-15	1.47220608E-15
-5.60000000E+00	-2.50000000E+01	-3.00000000E+00	-4.13590306E-25	2.13315331E-15	-3.08412457E-15	1.47220608E-15
5.00000000E-01	-2.50000000E+01	-3.00000000E+00	-4.13590306E-25	2.23006806E-15	-3.08412457E-15	1.47220608E-15
6.60000000E+00	-2.50000000E+01	-3.00000000E+00	-4.13590306E-25	2.09602614E-15	-3.08412457E-15	1.47220608E-15
1.27000000E+01	-2.50000000E+01	-3.00000000E+00	-4.13590306E-25	1.76232034E-15	-3.08412457E-15	1.47220608E-15
1.88000000E+01	-2.50000000E+01	-3.00000000E+00	-4.13590306E-25	1.30685607E-15	-3.08412457E-15	1.47220608E-15
2.49000000E+01	-2.50000000E+01	-3.00000000E+00	-4.13590306E-25	8.35963860E-16	-3.08412457E-15	1.47220608E-15
-3.00000000E+01	-1.78000000E+01	-3.00000000E+00	-4.13590306E-25	4.74536470E-17	-2.65148390E-15	1.47220608E-15
-2.39000000E+01	-1.78000000E+01	-3.00000000E+00	-4.13590306E-25	6.99255920E-16	-2.65148390E-15	1.47220608E-15
-1.78000000E+01	-1.78000000E+01	-3.00000000E+00	-4.13590306E-25	1.47747774E-15	-2.65148390E-15	1.47220608E-15
-1.17000000E+01	-1.78000000E+01	-3.00000000E+00	-4.13590306E-25	2.20043910E-15	-2.65148390E-15	1.47220608E-15
-5.60000000E+00	-1.78000000E+01	-3.00000000E+00	-4.13590306E-25	2.69936083E-15	-2.65148390E-15	1.47220608E-15
5.00000000E-01	-1.78000000E+01	-3.00000000E+00	-4.13590306E-25	2.85776700E-15	-2.65148390E-15	1.47220608E-15
6.60000000E+00	-1.78000000E+01	-3.00000000E+00	-4.13590306E-25	2.63867684E-15	-2.65148390E-15	1.47220608E-15
1.27000000E+01	-1.78000000E+01	-3.00000000E+00	-4.13590306E-25	2.09323813E-15	-2.65148390E-15	1.47220608E-15
1.88000000E+01	-1.78000000E+01	-3.00000000E+00	-4.13590306E-25	1.34878642E-15	-2.65148390E-15	1.47220608E-15
2.49000000E+01	-1.78000000E+01	-3.00000000E+00	-4.13590306E-25	5.79117915E-16	-2.65148390E-15	1.47220608E-15
-3.00000000E+01	-1.06000000E+01	-3.00000000E+00	-4.13590306E-25	1.76570883E-16	-2.17826931E-15	1.47220608E-15
-2.39000000E+01	-1.06000000E+01	-3.00000000E+00	-4.13590306E-25	7.57847982E-16	-2.17826931E-15	1.47220608E-15
-1.78000000E+01	-1.06000000E+01	-3.00000000E+00	-4.13590306E-25	1.45186600E-15	-2.17826931E-15	1.47220608E-15
-1.17000000E+01	-1.06000000E+01	-3.00000000E+00	-4.13590306E-25	2.09660276E-15	-2.17826931E-15	1.47220608E-15
-5.60000000E+00	-1.06000000E+01	-3.00000000E+00	-4.13590306E-25	2.54154103E-15	-2.17826931E-15	1.47220608E-15
5.00000000E-01	-1.06000000E+01	-3.00000000E+00	-4.13590306E-25	2.68280760E-15	-2.17826931E-15	1.47220608E-15
6.60000000E+00	-1.06000000E+01	-3.00000000E+00	-4.13590306E-25	2.48742306E-15	-2.17826931E-15	1.47220608E-15
1.27000000E+01	-1.06000000E+01	-3.00000000E+00	-4.13590306E-25	2.00100096E-15	-2.17826931E-15	1.47220608E-15
1.88000000E+01	-1.06000000E+01	-3.00000000E+00	-4.13590306E-25	1.33709911E-15	-2.17826931E-15	1.47220608E-15
2.49000000E+01	-1.06000000E+01	-3.00000000E+00	-4.13590306E-25	6.50708940E-16	-2.17826931E-15	1.47220608E-15
-3.00000000E+01	-3.40000000E+00	-3.00000000E+00	-4.13590306E-25	8.33944823E-16	-2.27203436E-15	1.47220608E-15
-2.39000000E+01	-3.40000000E+00	-3.00000000E+00	-4.13590306E-25	1.05615746E-15	-2.27203436E-15	1.47220608E-15
-1.78000000E+01	-3.40000000E+00	-3.00000000E+00	-4.13590306E-25	1.32146908E-15	-2.27203436E-15	1.47220608E-15
-1.17000000E+01	-3.40000000E+00	-3.00000000E+00	-4.13590306E-25	1.56794130E-15	-2.27203436E-15	1.47220608E-15
-5.60000000E+00	-3.40000000E+00	-3.00000000E+00	-4.13590306E-25	1.73803385E-15	-2.27203436E-15	1.47220608E-15
5.00000000E-01	-3.40000000E+00	-3.00000000E+00	-4.13590306E-25	1.79203773E-15	-2.27203436E-15	1.47220608E-15
6.60000000E+00	-3.40000000E+00	-3.00000000E+00	-4.13590306E-25	1.71734544E-15	-2.27203436E-15	1.47220608E-15
1.27000000E+01	-3.40000000E+00	-3.00000000E+00	-4.13590306E-25	1.53139431E-15	-2.27203436E-15	1.47220608E-15
1.88000000E+01	-3.40000000E+00	-3.00000000E+00	-4.13590306E-25	1.27759560E-15	-2.27203436E-15	1.47220608E-15
2.49000000E+01	-3.40000000E+00	-3.00000000E+00	-4.13590306E-25	1.01519997E-15	-2.27203436E-15	1.47220608E-15
-3.00000000E+01	3.80000000E+00	-3.00000000E+00	-4.13590306E-25	1.69326257E-15	-2.71148623E-15	1.47220608E-15
-2.39000000E+01	3.80000000E+00	-3.00000000E+00	-4.13590306E-25	1.44610694E-15	-2.71148623E-15	1.47220608E-15
-1.78000000E+01	3.80000000E+00	-3.00000000E+00	-4.13590306E-25	1.15101452E-15	-2.71148623E-15	1.47220608E-15
-1.17000000E+01	3.80000000E+00	-3.00000000E+00	-4.13590306E-25	8.76876206E-16	-2.71148623E-15	1.47220608E-15
-5.60000000E+00	3.80000000E+00	-3.00000000E+00	-4.13590306E-25	6.87691047E-16	-2.71148623E-15	1.47220608E-15
5.00000000E-01	3.80000000E+00	-3.00000000E+00	-4.13590306E-25	6.27625320E-16	-2.71148623E-15	1.47220608E-15
6.60000000E+00	3.80000000E+00	-3.00000000E+00	-4.13590306E-25	7.10701690E-16	-2.71148623E-15	1.47220608E-15
1.27000000E+01	3.80000000E+00	-3.00000000E+00	-4.13590306E-25	9.17525535E-16	-2.71148623E-15	1.47220608E-15
1.88000000E+01	3.80000000E+00	-3.00000000E+00	-4.13590306E-25	1.19981273E-15	-2.71148623E-15	1.47220608E-15
2.49000000E+01	3.80000000E+00	-3.00000000E+00	-4.13590306E-25	1.49166183E-15	-2.71148623E-15	1.47220608E-15
-3.00000000E+01	1.10000000E+01	-3.00000000E+00	-4.13590306E-25	2.32796865E-15	-2.77072763E-15	1.47220608E-15
-2.39000000E+01	1.10000000E+01	-3.00000000E+00	-4.13590306E-25	1.73412997E-15	-2.77072763E-15	1.47220608E-15
-1.78000000E+01	1.10000000E+01	-3.00000000E+00	-4.13590306E-25	1.02511400E-15	-2.77072763E-15	1.47220608E-15
-1.17000000E+01	1.10000000E+01	-3.00000000E+00	-4.13590306E-25	3.66444282E-16	-2.77072763E-15	1.47220608E-15
-5.60000000E+00	1.10000000E+01	-3.00000000E+00	-4.13590306E-25	-8.81092414E-17	-2.77072763E-15	1.47220608E-15
5.00000000E-01	1.10000000E+01	-3.00000000E+00	-4.13590306E-25	-2.32428635E-16	-2.77072763E-15	1.47220608E-15
6.60000000E+00	1.10000000E+01	-3.00000000E+00	-4.13590306E-25	-3.28217709E-17	-2.77072763E-15	1.47220608E-15
1.27000000E+01	1.10000000E+01	-3.00000000E+00	-4.13590306E-25	4.64112069E-16	-2.77072763E-15	1.47220608E-15
1.88000000E+01	1.10000000E+01	-3.00000000E+00	-4.13590306E-25	1.14236104E-15	-2.77072763E-15	1.47220608E-15
2.49000000E+01	1.10000000E+01	-3.00000000E+00	-4.13590306E-25	1.84358432E-15	-2.77072763E-15	1.47220608E-15
-3.00000000E+01	1.82000000E+01	-3.00000000E+00	-4.13590306E-25	2.42300223E-15	-2.27887514E-15	1.47220608E-15
-2.39000000E+01	1.82000000E+01	-3.00000000E+00	-4.13590306E-25	1.77725523E-15	-2.27887514E-15	1.47220608E-15
-1.78000000E+01	1.82000000E+01	-3.00000000E+00	-4.13590306E-25	1.00626311E-15	-2.27887514E-15	1.47220608E-15
-1.17000000E+01	1.82000000E+01	-3.00000000E+00	-4.13590306E-25	2.90018082E-16	-2.27887514E-15	1.47220608E-15
-5.60000000E+00	1.82000000E+01	-3.00000000E+00	-4.13590306E-25	-2.04268645E-16	-2.27887514E-15	1.47220608E-15
5.00000000E-01	1.82000000E+01	-3.00000000E+00	-4.13590306E-25	-3.61203213E-16	-2.27887514E-15	1.47220608E-15
6.60000000E+00	1.82000000E+01	-3.00000000E+00	-4.13590306E-25	-1.44148414E-16	-2.27887514E-15	1.47220608E-15
1.27000000E+01	1.82000000E+01	-3.00000000E+00	-4.13590306E-25	3.96223157E-16	-2.27887514E-15	1.47220608E-15
1.88000000E+01	1.82000000E+01	-3.00000000E+00	-4.13590306E-25	1.13375889E-15	-2.27887514E-15	1.47220608E-15
2.49000000E+01	1.82000000E+01	-3.00000000E+00	-4.13590306E-25	1.89627714E-15	-2.27887514E-15	1.47220608E-15
-3.00000000E+01	-2.50000000E+01	5.00000000E+00	-4.13590306E-25	-2.79803702E-15	3.53332033E-15	-2.40439671E-15
-2.39000000E+01	-2.50000000E+01	5.00000000E+00	-4.13590306E-25	-2.39925675E-15	3.53332033E-15	-2.40439671E-15
-1.78000000E+01	-2.50000000E+01	5.00000000E+00	-4.13590306E-25	-1.92313152E-15	3.53332033E-15	-2.40439671E-15
-1.17000000E+01	-2.50000000E+01	5.00000000E+00	-4.13590306E-25	-1.48081529E-15	3.53332033E-15	-2.40439671E-15
-5.60000000E+00	-2.50000000E+01	5.00000000E+00	-4.13590306E-25	-1.17556914E-15	3.53332033E-15	-2.40439671E-15
5.00000000E-01	-2.50000000E+01	5.00000000E+00	-4.13590306E-25	-1.07865439E-15	3.53332033E-15	-2.40439671E-15
6.60000000E+00	-2.50000000E+01	5.00000000E+00	-4.13590306E-25	-1.21269631E-15	3.53332033E-15	-2.40439671E-15
1.27000000E+01	-2.50000000E+01	5.00000000E+00	-4.13590306E-25	-1.54640211E-15	3.53332033E-15	-2.40439671E-15
1.88000000E+01	-2.50000000E+01	5.00000000E+00	-4.13590306E-25	-2.00186638E-15	3.53332033E-15	-2.40439671E-15
2.49000000E+01	-2.50000000E+01	5.00000000E+00	-4.13590306E-25	-2.47275859E-15	3.53332033E-15	-2.40439671E-15
-3.00000000E+01	-1.78000000E+01	5.00000000E+00	-4.13590306E-25	-3.26126880E-15	3.96596101E-15	-2.40439671E-15
-2.39000000E+01	-1.78000000E+01	5.00000000E+00	-4.13590306E-25	-2.60946653E-15	3.96596101E-15	-2.40439671E-15
-1.78000000E+01	-1.78000000E+01	5.00000000E+00	-4.13590306E-25	-1.83124471E-15	3.96596101E-15	-2.40439671E-15
-1.17000000E+01	-1.78000000E+01	5.00000000E+00	-4.13590306E-25	-1.10828335E-15	3.96596101E-15	-2.40439671E-15
-5.60000000E+00	-1.78000000E+01	5.00000000E+00	-4.13590306E-25	-6.09361621E-16	3.96596101E-15	-2.40439671E-15
5.00000000E-01	-1.78000000E+01	5.00000000E+00	-4.13590306E-25	-4.50955454E-16	3.96596101E-15	-2.40439671E-15
6.60000000E+00	-1.78000000E+01	5.00000000E+00	-4.13590306E-25	-6.70045608E-16	3.96596101E-15	-2.40439671E-15
1.27000000E+01	-1.78000000E+01	5.00000000E+00	-4.13590306E-25	-1.21548432E-15	3.96596101E-15	-2.40439671E-15
1.88000000E+01	-1.78000000E+01	5.00000000E+00	-4.13590306E-25	-1.95993603E-15	3.96596101E-15	-2.40439671E-15
2.49000000E+01	-1.78000000E+01	5.00000000E+00	-4.13590306E-25	-2.72960453E-15	3.96596101E-15	-2.40439671E-15
-3.00000000E+01	-1.06000000E+01	5.00000000E+00	-4.13590306E-25	-3.13215157E-15	4.43917559E-15	-2.40439671E-15
-2.39000000E+01	-1.06000000E+01	5.00000000E+00	-4.13590306E-25	-2.55087447E-15	4.43917559E-15	-2.40439671E-15
-1.78000000E+01	-1.06000000E+01	5.00000000E+00	-4.13590306E-25	-1.85685645E-15	4.43917559E-15	-2.40439671E-15
-1.17000000E+01	-1.06000000E+01	5.00000000E+00	-4.13590306E-25	-1.21211969E-15	4.43917559E-15	-2.40439671E-15
-5.60000000E+00	-1.06000000E+01	5.00000000E+00	-4.13590306E-25	-7.67181424E-16	4.43917559E-15	-2.40439671E-15
5.00000000E-01	-1.06000000E+01	5.00000000E+00	-4.13590306E-25	-6.25914846E-16	4.43917559E-15	-2.40439671E-15
6.60000000E+00	-1.06000000E+01	5.00000000E+00	-4.13590306E-25	-8.21299389E-16	4.43917559E-15	-2.40439671E-15
1.27000000E+01	-1.06000000E+01	5.00000000E+00	-4.13590306E-25	-1.30772149E-15	4.43917559E-15	-2.40439671E-15
1.88000000E+01	-1.06000000E+01	5.00000000E+00	-4.13590306E-25	-1.97162334E-15	4.43917559E-15	-2.40439671E-15
2.49000000E+01	-1.06000000E+01	5.00000000E+00	-4.13590306E-25	-2.65801351E-15	4.43917559E-15	-2.40439671E-15
-3.00000000E+01	-3.40000000E+00	5.00000000E+00	-4.13590306E-25	-2.47477763E-15	4.34541054E-15	-2.40439671E-15
-2.39000000E+01	-3.40000000E+00	5.00000000E+00	-4.13590306E-25	-2.25256499E-15	4.34541054E-15	-2.40439671E-15
-1.78000000E+01	-3.40000000E+00	5.00000000E+00	-4.13590306E-25	-1.98725337E-15	4.34541054E-15	-2.40439671E-15
-1.17000000E+01	-3.40000000E+00	5.00000000E+00	-4.13590306E-25	-1.74078115E-15	4.34541054E-15	-2.40439671E-15
-5.60000000E+00	-3.40000000E+00	5.00000000E+00	-4.13590306E-25	-1.57068860E-15	4.34541054E-15	-2.40439671E-15
5.00000000E-01	-3.40000000E+00	5.00000000E+00	-4.13590306E-25	-1.51668472E-15	4.34541054E-15	-2.40439671E-15
6.60000000E+00	-3.40000000E+00	5.00000000E+00	-4.13590306E-25	-1.59137701E-15	4.34541054E-15	-2.40439671E-15
1.27000000E+01	-3.40000000E+00	5.00000000E+00	-4.13590306E-25	-1.77732814E-15	4.34541054E-15	-2.40439671E-15
1.88000000E+01	-3.40000000E+00	5.00000000E+00	-4.13590306E-25	-2.03112685E-15	4.34541054E-15	-2.40439671E-15
2.49000000E+01	-3.40000000E+00	5.00000000E+00	-4.13590306E-25	-2.29352248E-15	4.34541054E-15	-2.40439671E-15
-3.00000000E+01	3.80000000E+00	5.00000000E+00	-4.13590306E-25	-1.61545988E-15	3.90595867E-15	-2.40439671E-15
-2.39000000E+01	3.80000000E+00	5.00000000E+00	-4.13590306E-25	-1.86261551E-15	3.90595867E-15	-2.40439671E-15
-1.78000000E+01	3.80000000E+00	5.00000000E+00	-4.13590306E-25	-2.15770793E-15	3.90595867E-15	-2.40439671E-15
-1.17000000E+01	3.80000000E+00	5.00000000E+00	-4.13590306E-25	-2.43184624E-15	3.90595867E-15	-2.40439671E-15
-5.60000000E+00	3.80000000E+00	5.00000000E+00	-4.13590306E-25	-2.62103140E-15	3.90595867E-15	-2.40439671E-15
5.00000000E-01	3.80000000E+00	5.00000000E+00	-4.13590306E-25	-2.68109713E-15	3.90595867E-15	-2.40439671E-15
6.60000000E+00	3.80000000E+00	5.00000000E+00	-4.13590306E-25	-2.59802076E-15	3.90595867E-15	-2.40439671E-15
1.27000000E+01	3.80000000E+00	5.00000000E+00	-4.13590306E-25	-2.39119691E-15	3.90595867E-15	-2.40439671E-15
1.88000000E+01	3.80000000E+00	5.00000000E+00	-4.13590306E-25	-2.10890972E-15	3.90595867E-15	-2.40439671E-15
2.49000000E+01	3.80000000E+00	5.00000000E+00	-4.13590306E-25	-1.81706062E-15	3.90595867E-15	-2.40439671E-15
-3.00000000E+01	1.10000000E+01	5.00000000E+00	-4.13590306E-25	-9.80753796E-16	3.84671727E-15	-2.40439671E-15
-2.39000000E+01	1.10000000E+01	5.00000000E+00	-4.13590306E-25	-1.57459248E-15	3.84671727E-15	-2.40439671E-15
-1.78000000E+01	1.10000000E+01	5.00000000E+00	-4.13590306E-25	-2.28360845E-15	3.84671727E-15	-2.40439671E-15
-1.17000000E+01	1.10000000E+01	5.00000000E+00	-4.13590306E-25	-2.94227817E-15	3.84671727E-15	-2.40439671E-15
-5.60000000E+00	1.10000000E+01	5.00000000E+00	-4.13590306E-25	-3.39683169E-15	3.84671727E-15	-2.40439671E-15
5.00000000E-01	1.10000000E+01	5.00000000E+00	-4.13590306E-25	-3.54115109E-15	3.84671727E-15	-2.40439671E-15
6.60000000E+00	1.10000000E+01	5.00000000E+00	-4.13590306E-25	-3.34154422E-15	3.84671727E-15	-2.40439671E-15
1.27000000E+01	1.10000000E+01	5.00000000E+00	-4.13590306E-25	-2.84461038E-15	3.84671727E-15	-2.40439671E-15
1.88000000E+01	1.10000000E+01	5.00000000E+00	-4.13590306E-25	-2.16636141E-15	3.84671727E-15	-2.40439671E-15
2.49000000E+01	1.10000000E+01	5.00000000E+00	-4.13590306E-25	-1.46513813E-15	3.84671727E-15	-2.40439671E-15
-3.00000000E+01	1.82000000E+01	5.00000000E+00	-4.13590306E-25	-8.85720215E-16	4.33856977E-15	-2.40439671E-15
-2.39000000E+01	1.82000000E+01	5.00000000E+00	-4.13590306E-25	-1.53146722E-15	4.33856977E-15	-2.40439671E-15
-1.78000000E+01	1.82000000E+01	5.00000000E+00	-4.13590306E-25	-2.30245934E-15	4.33856977E-15	-2.40439671E-15
-1.17000000E+01	1.82000000E+01	5.00000000E+00	-4.13590306E-25	-3.01870437E-15	4.33856977E-15	-2.40439671E-15
-5.60000000E+00	1.82000000E+01	5.00000000E+00	-4.13590306E-25	-3.51299109E-15	4.33856977E-15	-2.40439671E-15
5.00000000E-01	1.82000000E+01	5.00000000E+00	-4.13590306E-25	-3.66992566E-15	4.33856977E-15	-2.40439671E-15
6.60000000E+00	1.82000000E+01	5.00000000E+00	-4.13590306E-25	-3.45287086E-15	4.33856977E-15	-2.40439671E-15
1.27000000E+01	1.82000000E+01	5.00000000E+00	-4.13590306E-25	-2.91249929E-15	4.33856977E-15	-2.40439671E-15
1.88000000E+01	1.82000000E+01	5.00000000E+00	-4.13590306E-25	-2.17496356E-15	4.33856977E-15	-2.40439671E-15
2.49000000E+01	1.82000000E+01	5.00000000E+00	-4.13590306E-25	-1.41244531E-15	4.33856977E-15	-2.40439671E-15
-3.00000000E+01	-2.50000000E+01	1.30000000E+01	-4.13590306E-25	-6.10675947E-15	1.01507652E-14	-5.13633966E-15
-2.39000000E+01	-2.50000000E+01	1.30000000E+01	-4.13590306E-25	-5.70797920E-15	1.01507652E-14	-5.13633966E-15
-1.78000000E+01	-2.50000000E+01	1.30000000E+01	-4.13590306E-25	-5.23185397E-15	1.01507652E-14	-5.13633966E-15
-1.17000000E+01	-2.50000000E+01	1.30000000E+01	-4.13590306E-25	-4.78953774E-15	1.01507652E-14	-5.13633966E-15
-5.60000000E+00	-2.50000000E+01	1.30000000E+01	-4.13590306E-25	-4.48429159E-15	1.01507652E-14	-5.13633966E-15
5.00000000E-01	-2.50000000E+01	1.30000000E+01	-4.13590306E-25	-4.38737684E-15	1.01507652E-14	-5.13633966E-15
6.60000000E+00	-2.50000000E+01	1.30000000E+01	-4.13590306E-25	-4.52141876E-15	1.01507652E-14	-5.13633966E-15
1.27000000E+01	-2.50000000E+01	1.30000000E+01	-4.13590306E-25	-4.85512456E-15	1.01507652E-14	-5.13633966E-15
1.88000000E+01	-2.50000000E+01	1.30000000E+01	-4.13590306E-25	-5.31058883E-15	1.01507652E-14	-5.13633966E-15
2.49000000E+01	-2.50000000E+01	1.30000000E+01	-4.13590306E-25	-5.78148104E-15	1.01507652E-14	-5.13633966E-15
-3.00000000E+01	-1.78000000E+01	1.30000000E+01	-4.13590306E-25	-6.56999125E-15	1.05834059E-14	-5.13633966E-15
-2.39000000E+01	-1.78000000E+01	1.30000000E+01	-4.13590306E-25	-5.91818898E-15	1.05834059E-14	-5.13633966E-15
-1.78000000E+01	-1.78000000E+01	1.30000000E+01	-4.13590306E-25	-5.13996716E-15	1.05834059E-14	-5.13633966E-15
-1.17000000E+01	-1.78000000E+01	1.30000000E+01	-4.13590306E-25	-4.41700580E-15	1.05834059E-14	-5.13633966E-15
-5.60000000E+00	-1.78000000E+01	1.30000000E+01	-4.13590306E-25	-3.91808407E-15	1.05834059E-14	-5.13633966E-15
5.00000000E-01	-1.78000000E+01	1.30000000E+01	-4.13590306E-25	-3.75967790E-15	1.05834059E-14	-5.13633966E-15
6.60000000E+00	-1.78000000E+01	1.30000000E+01	-4.13590306E-25	-3.97876806E-15	1.05834059E-14	-5.13633966E-15
1.27000000E+01	-1.78000000E+01	1.30000000E+01	-4.13590306E-25	-4.52420677E-15	1.05834059E-14	-5.13633966E-15
1.88000000E+01	-1.78000000E+01	1.30000000E+01	-4.13590306E-25	-5.26865848E-15	1.05834059E-14	-5.13633966E-15
2.49000000E+01	-1.78000000E+01	1.30000000E+01	-4.13590306E-25	-6.03832699E-15	1.05834059E-14	-5.13633966E-15
-3.00000000E+01	-1.06000000E+01	1.30000000E+01	-4.13590306E-25	-6.44087402E-15	1.10566205E-14	-5.13633966E-15
-2.39000000E+01	-1.06000000E+01	1.30000000E+01	-4.13590306E-25	-5.85959692E-15	1.10566205E-14	-5.13633966E-15
-1.78000000E+01	-1.06000000E+01	1.30000000E+01	-4.13590306E-25	-5.16557890E-15	1.10566205E-14	-5.13633966E-15
-1.17000000E+01	-1.06000000E+01	1.30000000E+01	-4.13590306E-25	-4.52084214E-15	1.10566205E-14	-5.13633966E-15
-5.60000000E+00	-1.06000000E+01	1.30000000E+01	-4.13590306E-25	-4.07590387E-15	1.10566205E-14	-5.13633966E-15
5.00000000E-01	-1.06000000E+01	1.30000000E+01	-4.13590306E-25	-3.93463730E-15	1.10566205E-14	-5.13633966E-15
6.60000000E+00	-1.06000000E+01	1.30000000E+01	-4.13590306E-25	-4.13002184E-15	1.10566205E-14	-5.13633966E-15
1.27000000E+01	-1.06000000E+01	1.30000000E+01	-4.13590306E-25	-4.61644394E-15	1.10566205E-14	-5.13633966E-15
1.88000000E+01	-1.06000000E+01	1.30000000E+01	-4.13590306E-25	-5.28034579E-15	1.10566205E-14	-5.13633966E-15
2.49000000E+01	-1.06000000E+01	1.30000000E+01	-4.13590306E-25	-5.96673596E-15	1.10566205E-14	-5.13633966E-15
-3.00000000E+01	-3.40000000E+00	1.30000000E+01	-4.13590306E-25	-5.78350008E-15	1.09628554E-14	-5.13633966E-15
-2.39000000E+01	-3.40000000E+00	1.30000000E+01	-4.13590306E-25	-5.56128744E-15	1.09628554E-14	-5.13633966E-15
-1.78000000E+01	-3.40000000E+00	1.30000000E+01	-4.13590306E-25	-5.29597582E-15	1.09628554E-14	-5.13633966E-15
-1.17000000E+01	-3.40000000E+00	1.30000000E+01	-4.13590306E-25	-5.04950360E-15	1.09628554E-14	-5.13633966E-15
-5.60000000E+00	-3.40000000E+00	1.30000000E+01	-4.13590306E-25	-4.87941105E-15	1.09628554E-14	-5.13633966E-15
5.00000000E-01	-3.40000000E+00	1.30000000E+01	-4.13590306E-25	-4.82540717E-15	1.09628554E-14	-5.13633966E-15
6.60000000E+00	-3.40000000E+00	1.30000000E+01	-4.13590306E-25	-4.90009946E-15	1.09628554E-14	-5.13633966E-15
1.27000000E+01	-3.40000000E+00	1.30000000E+01	-4.13590306E-25	-5.08605059E-15	1.09628554E-14	-5.13633966E-15
1.88000000E+01	-3.40000000E+00	1.30000000E+01	-4.13590306E-25	-5.33984930E-15	1.09628554E-14	-5.13633966E-15
2.49000000E+01	-3.40000000E+00	1.30000000E+01	-4.13590306E-25	-5.60224493E-15	1.09628554E-14	-5.13633966E-15
-3.00000000E+01	3.80000000E+00	1.30000000E+01	-4.13590306E-25	-4.92418233E-15	1.05234036E-14	-5.13633966E-15
-2.39000000E+01	3.80000000E+00	1.30000000E+01	-4.13590306E-25	-5.17133796E-15	1.05234036E-14	-5.13633966E-15
-1.78000000E+01	3.80000000E+00	1.30000000E+01	-4.13590306E-25	-5.46643038E-15	1.05234036E-14	-5.13633966E-15
-1.17000000E+01	3.80000000E+00	1.30000000E+01	-4.13590306E-25	-5.74056869E-15	1.05234036E-14	-5.13633966E-15
-5.60000000E+00	3.80000000E+00	1.30000000E+01	-4.13590306E-25	-5.92975385E-15	1.05234036E-14	-5.13633966E-15
5.00000000E-01	3.80000000E+00	1.30000000E+01	-4.13590306E-25	-5.98981958E-15	1.05234036E-14	-5.13633966E-15
6.60000000E+00	3.80000000E+00	1.30000000E+01	-4.13590306E-25	-5.90674321E-15	1.05234036E-14	-5.13633966E-15
1.27000000E+01	3.80000000E+00	1.30000000E+01	-4.13590306E-25	-5.69991937E-15	1.05234036E-14	-5.13633966E-15
1.88000000E+01	3.80000000E+00	1.30000000E+01	-4.13590306E-25	-5.41763217E-15	1.05234036E-14	-5.13633966E-15
2.49000000E+01	3.80000000E+00	1.30000000E+01	-4.13590306E-25	-5.12578307E-15	1.05234036E-14	-5.13633966E-15
-3.00000000E+01	1.10000000E+01	1.30000000E+01	-4.13590306E-25	-4.28947625E-15	1.04641622E-14	-5.13633966E-15
-2.39000000E+01	1.10000000E+01	1.30000000E+01	-4.13590306E-25	-4.88331493E-15	1.04641622E-14	-5.13633966E-15
-1.78000000E+01	1.10000000E+01	1.30000000E+01	-4.13590306E-25	-5.59233090E-15	1.04641622E-14	-5.13633966E-15
-1.17000000E+01	1.10000000E+01	1.30000000E+01	-4.13590306E-25	-6.25100062E-15	1.04641622E-14	-5.13633966E-15
-5.60000000E+00	1.10000000E+01	1.30000000E+01	-4.13590306E-25	-6.70555414E-15	1.04641622E-14	-5.13633966E-15
5.00000000E-01	1.10000000E+01	1.30000000E+01	-4.13590306E-25	-6.84987354E-15	1.04641622E-14	-5.13633966E-15
6.60000000E+00	1.10000000E+01	1.30000000E+01	-4.13590306E-25	-6.65026667E-15	1.04641622E-14	-5.13633966E-15
1.27000000E+01	1.10000000E+01	1.30000000E+01	-4.13590306E-25	-6.15333283E-15	1.04641622E-14	-5.13633966E-15
1.88000000E+01	1.10000000E+01	1.30000000E+01	-4.13590306E-25	-5.47508386E-15	1.04641622E-14	-5.13633966E-15
2.49000000E+01	1.10000000E+01	1.30000000E+01	-4.13590306E-25	-4.77386058E-15	1.04641622E-14	-5.13633966E-15
-3.00000000E+01	1.82000000E+01	1.30000000E+01	-4.13590306E-25	-4.19444267E-15	1.09560147E-14	-5.13633966E-15
-2.39000000E+01	1.82000000E+01	1.30000000E+01	-4.13590306E-25	-4.84018967E-15	1.09560147E-14	-5.13633966E-15
-1.78000000E+01	1.82000000E+01	1.30000000E+01	-4.13590306E-25	-5.61118179E-15	1.09560147E-14	-5.13633966E-15
-1.17000000E+01	1.82000000E+01	1.30000000E+01	-4.13590306E-25	-6.32742682E-15	1.09560147E-14	-5.13633966E-15
-5.60000000E+00	1.82000000E+01	1.30000000E+01	-4.13590306E-25	-6.82171354E-15	1.09560147E-14	-5.13633966E-15
5.00000000E-01	1.82000000E+01	1.30000000E+01	-4.13590306E-25	-6.97864811E-15	1.09560147E-14	-5.13633966E-15
6.60000000E+00	1.82000000E+01	1.30000000E+01	-4.13590306E-25	-6.76159331E-15	1.09560147E-14	-5.13633966E-15
1.27000000E+01	1.82000000E+01	1.30000000E+01	-4.13590306E-25	-6.22122174E-15	1.09560147E-14	-5.13633966E-15
1.88000000E+01	1.82000000E+01	1.30000000E+01	-4.13590306E-25	-5.48368601E-15	1.09560147E-14	-5.13633966E-15
2.49000000E+01	1.82000000E+01	1.30000000E+01	-4.13590306E-25	-4.72116776E-15	1.09560147E-14	-5.13633966E-15
-3.00000000E+01	-2.50000000E+01	2.10000000E+01	-4.13590306E-25	-9.41548192E-15	1.67682101E-14	-5.18592216E-15
-2.39000000E+01	-2.50000000E+01	2.10000000E+01	-4.13590306E-25	-9.01670165E-15	1.67682101E-14	-5.18592216E-15
-1.78000000E+01	-2.50000000E+01	2.10000000E+01	-4.13590306E-25	-8.54057642E-15	1.67682101E-14	-5.18592216E-15
-1.17000000E+01	-2.50000000E+01	2.10000000E+01	-4.13590306E-25	-8.09826019E-15	1.67682101E-14	-5.18592216E-15
-5.60000000E+00	-2.50000000E+01	2.10000000E+01	-4.13590306E-25	-7.79301404E-15	1.67682101E-14	-5.18592216E-15
5.00000000E-01	-2.50000000E+01	2.10000000E+01	-4.13590306E-25	-7.69609929E-15	1.67682101E-14	-5.18592216E-15
6.60000000E+00	-2.50000000E+01	2.10000000E+01	-4.13590306E-25	-7.83014121E-15	1.67682101E-14	-5.18592216E-15
1.27000000E+01	-2.50000000E+01	2.10000000E+01	-4.13590306E-25	-8.16384701E-15	1.67682101E-14	-5.18592216E-15
1.88000000E+01	-2.50000000E+01	2.10000000E+01	-4.13590306E-25	-8.61931128E-15	1.67682101E-14	-5.18592216E-15
2.49000000E+01	-2.50000000E+01	2.10000000E+01	-4.13590306E-25	-9.09020349E-15	1.67682101E-14	-5.18592216E-15
-3.00000000E+01	-1.78000000E+01	2.10000000E+01	-4.13590306E-25	-9.87871370E-15	1.72008508E-14	-5.18592216E-15
-2.39000000E+01	-1.78000000E+01	2.10000000E+01	-4.13590306E-25	-9.22691143E-15	1.72008508E-14	-5.18592216E-15
-1.78000000E+01	-1.78000000E+01	2.10000000E+01	-4.13590306E-25	-8.44868961E-15	1.72008508E-14	-5.18592216E-15
-1.17000000E+01	-1.78000000E+01	2.10000000E+01	-4.13590306E-25	-7.72572825E-15	1.72008508E-14	-5.18592216E-15
-5.60000000E+00	-1.78000000E+01	2.10000000E+01	-4.13590306E-25	-7.22680652E-15	1.72008508E-14	-5.18592216E-15
5.00000000E-01	-1.78000000E+01	2.10000000E+01	-4.13590306E-25	-7.06840035E-15	1.72008508E-14	-5.18592216E-15
6.60000000E+00	-1.78000000E+01	2.10000000E+01	-4.13590306E-25	-7.28749051E-15	1.72008508E-14	-5.18592216E-15
1.27000000E+01	-1.78000000E+01	2.10000000E+01	-4.13590306E-25	-7.83292922E-15	1.72008508E-14	-5.18592216E-15
1.88000000E+01	-1.78000000E+01	2.10000000E+01	-4.13590306E-25	-8.57738093E-15	1.72008508E-14	-5.18592216E-15
2.49000000E+01	-1.78000000E+01	2.10000000E+01	-4.13590306E-25	-9.34704944E-15	1.72008508E-14	-5.18592216E-15
-3.00000000E+01	-1.06000000E+01	2.10000000E+01	-4.13590306E-25	-9.74959647E-15	1.76740654E-14	-5.18592216E-15
-2.39000000E+01	-1.06000000E+01	2.10000000E+01	-4.13590306E-25	-9.16831937E-15	1.76740654E-14	-5.18592216E-15
-1.78000000E+01	-1.06000000E+01	2.10000000E+01	-4.13590306E-25	-8.47430135E-15	1.76740654E-14	-5.18592216E-15
-1.17000000E+01	-1.06000000E+01	2.10000000E+01	-4.13590306E-25	-7.82956459E-15	1.76740654E-14	-5.18592216E-15
-5.60000000E+00	-1.06000000E+01	2.10000000E+01	-4.13590306E-25	-7.38462632E-15	1.76740654E-14	-5.18592216E-15
5.00000000E-01	-1.06000000E+01	2.10000000E+01	-4.13590306E-25	-7.24335975E-15	1.76740654E-14	-5.18592216E-15
6.60000000E+00	-1.06000000E+01	2.10000000E+01	-4.13590306E-25	-7.43874429E-15	1.76740654E-14	-5.18592216E-15
1.27000000E+01	-1.06000000E+01	2.10000000E+01	-4.13590306E-25	-7.92516639E-15	1.76740654E-14	-5.18592216E-15
1.88000000E+01	-1.06000000E+01	2.10000000E+01	-4.13590306E-25	-8.58906824E-15	1.76740654E-14	-5.18592216E-15
2.49000000E+01	-1.06000000E+01	2.10000000E+01	-4.13590306E-25	-9.27545841E-15	1.76740654E-14	-5.18592216E-15
-3.00000000E+01	-3.40000000E+00	2.10000000E+01	-4.13590306E-25	-9.09222253E-15	1.75803003E-14	-5.18592216E-15
-2.39000000E+01	-3.40000000E+00	2.10000000E+01	-4.13590306E-25	-8.87000989E-15	1.75803003E-14	-5.18592216E-15
-1.78000000E+01	-3.40000000E+00	2.10000000E+01	-4.13590306E-25	-8.60469827E-15	1.75803003E-14	-5.18592216E-15
-1.17000000E+01	-3.40000000E+00	2.10000000E+01	-4.13590306E-25	-8.35822606E-15	1.75803003E-14	-5.18592216E-15
-5.60000000E+00	-3.40000000E+00	2.10000000E+01	-4.13590306E-25	-8.18813350E-15	1.75803003E-14	-5.18592216E-15
5.00000000E-01	-3.40000000E+00	2.10000000E+01	-4.13590306E-25	-8.13412963E-15	1.75803003E-14	-5.18592216E-15
6.60000000E+00	-3.40000000E+00	2.10000000E+01	-4.13590306E-25	-8.20882191E-15	1.75803003E-14	-5.18592216E-15
1.27000000E+01	-3.40000000E+00	2.10000000E+01	-4.13590306E-25	-8.39477305E-15	1.75803003E-14	-5.18592216E-15
1.88000000E+01	-3.40000000E+00	2.10000000E+01	-4.13590306E-25	-8.64857175E-15	1.75803003E-14	-5.18592216E-15
2.49000000E+01	-3.40000000E+00	2.10000000E+01	-4.13590306E-25	-8.91096738E-15	1.75803003E-14	-5.18592216E-15
-3.00000000E+01	3.80000000E+00	2.10000000E+01	-4.13590306E-25	-8.23290478E-15	1.71408485E-14	-5.18592216E-15
-2.39000000E+01	3.80000000E+00	2.10000000E+01	-4.13590306E-25	-8.48006041E-15	1.71408485E-14	-5.18592216E-15
-1.78000000E+01	3.80000000E+00	2.10000000E+01	-4.13590306E-25	-8.77515283E-15	1.71408485E-14	-5.18592216E-15
-1.17000000E+01	3.80000000E+00	2.10000000E+01	-4.13590306E-25	-9.04929114E-15	1.71408485E-14	-5.18592216E-15
-5.60000000E+00	3.80000000E+00	2.10000000E+01	-4.13590306E-25	-9.23847630E-15	1.71408485E-14	-5.18592216E-15
5.00000000E-01	3.80000000E+00	2.10000000E+01	-4.13590306E-25	-9.29854203E-15	1.71408485E-14	-5.18592216E-15
6.60000000E+00	3.80000000E+00	2.10000000E+01	-4.13590306E-25	-9.21546566E-15	1.71408485E-14	-5.18592216E-15
1.27000000E+01	3.80000000E+00	2.10000000E+01	-4.13590306E-25	-9.00864182E-15	1.71408485E-14	-5.18592216E-15
1.88000000E+01	3.80000000E+00	2.10000000E+01	-4.13590306E-25	-8.72635462E-15	1.71408485E-14	-5.18592216E-15
2.49000000E+01	3.80000000E+00	2.10000000E+01	-4.13590306E-25	-8.43450552E-15	1.71408485E-14	-5.18592216E-15
-3.00000000E+01	1.10000000E+01	2.10000000E+01	-4.13590306E-25	-7.59819870E-15	1.70816071E-14	-5.18592216E-15
-2.39000000E+01	1.10000000E+01	2.10000000E+01	-4.13590306E-25	-8.19203738E-15	1.70816071E-14	-5.18592216E-15
-1.78000000E+01	1.10000000E+01	2.10000000E+01	-4.13590306E-25	-8.90105335E-15	1.70816071E-14	-5.18592216E-15
-1.17000000E+01	1.10000000E+01	2.10000000E+01	-4.13590306E-25	-9.55972307E-15	1.70816071E-14	-5.18592216E-15
-5.60000000E+00	1.10000000E+01	2.10000000E+01	-4.13590306E-25	-1.00142766E-14	1.70816071E-14	-5.18592216E-15
5.00000000E-01	1.10000000E+01	2.10000000E+01	-4.13590306E-25	-1.01585960E-14	1.70816071E-14	-5.18592216E-15
6.60000000E+00	1.10000000E+01	2.10000000E+01	-4.13590306E-25	-9.95898912E-15	1.70816071E-14	-5.18592216E-15
1.27000000E+01	1.10000000E+01	2.10000000E+01	-4.13590306E-25	-9.46205528E-15	1.70816071E-14	-5.18592216E-15
1.88000000E+01	1.10000000E+01	2.10000000E+01	-4.13590306E-25	-8.78380631E-15	1.70816071E-14	-5.18592216E-15
2.49000000E+01	1.10000000E+01	2.10000000E+01	-4.13590306E-25	-8.08258303E-15	1.70816071E-14	-5.18592216E-15
-3.00000000E+01	1.82000000E+01	2.10000000E+01	-4.13590306E-25	-7.50316512E-15	1.75734596E-14	-5.18592216E-15
-2.39000000E+01	1.82000000E+01	2.10000000E+01	-4.13590306E-25	-8.14891212E-15	1.75734596E-14	-5.18592216E-15
-1.78000000E+01	1.82000000E+01	2.10000000E+01	-4.13590306E-25	-8.91990424E-15	1.75734596E-14	-5.18592216E-15
-1.17000000E+01	1.82000000E+01	2.10000000E+01	-4.13590306E-25	-9.63614927E-15	1.75734596E-14	-5.18592216E-15
-5.60000000E+00	1.82000000E+01	2.10000000E+01	-4.13590306E-25	-1.01304360E-14	1.75734596E-14	-5.18592216E-15
5.00000000E-01	1.82000000E+01	2.10000000E+01	-4.13590306E-25	-1.02873706E-14	1.75734596E-14	-5.18592216E-15
6.60000000E+00	1.82000000E+01	2.10000000E+01	-4.13590306E-25	-1.00703158E-14	1.75734596E-14	-5.18592216E-15
1.27000000E+01	1.82000000E+01	2.10000000E+01	-4.13590306E-25	-9.52994419E-15	1.75734596E-14	-5.18592216E-15
1.88000000E+01	1.82000000E+01	2.10000000E+01	-4.13590306E-25	-8.79240846E-15	1.75734596E-14	-5.18592216E-15
2.49000000E+01	1.82000000E+01	2.10000000E+01	-4.13590306E-25	-8.02989021E-15	1.75734596E-14	-5.18592216E-15
-3.00000000E+01	-2.50000000E+01	2.90000000E+01	-4.13590306E-25	-1.27242044E-14	2.33856550E-14	-1.73438945E-15
-2.39000000E+01	-2.50000000E+01	2.90000000E+01	-4.13590306E-25	-1.23254241E-14	2.33856550E-14	-1.73438945E-15
-1.78000000E+01	-2.50000000E+01	2.90000000E+01	-4.13590306E-25	-1.18492989E-14	2.33856550E-14	-1.73438945E-15
-1.17000000E+01	-2.50000000E+01	2.90000000E+01	-4.13590306E-25	-1.14069826E-14	2.33856550E-14	-1.73438945E-15
-5.60000000E+00	-2.50000000E+01	2.90000000E+01	-4.13590306E-25	-1.11017365E-14	2.33856550E-14	-1.73438945E-15
5.00000000E-01	-2.50000000E+01	2.90000000E+01	-4.13590306E-25	-1.10048217E-14	2.33856550E-14	-1.73438945E-15
6.60000000E+00	-2.50000000E+01	2.90000000E+01	-4.13590306E-25	-1.11388637E-14	2.33856550E-14	-1.73438945E-15
1.27000000E+01	-2.50000000E+01	2.90000000E+01	-4.13590306E-25	-1.14725695E-14	2.33856550E-14	-1.73438945E-15
1.88000000E+01	-2.50000000E+01	2.90000000E+01	-4.13590306E-25	-1.19280337E-14	2.33856550E-14	-1.73438945E-15
2.49000000E+01	-2.50000000E+01	2.90000000E+01	-4.13590306E-25	-1.23989259E-14	2.33856550E-14	-1.73438945E-15
-3.00000000E+01	-1.78000000E+01	2.90000000E+01	-4.13590306E-25	-1.31874362E-14	2.38182957E-14	-1.73438945E-15
-2.39000000E+01	-1.78000000E+01	2.90000000E+01	-4.13590306E-25	-1.25356339E-14	2.38182957E-14	-1.73438945E-15
-1.78000000E+01	-1.78000000E+01	2.90000000E+01	-4.13590306E-25	-1.17574121E-14	2.38182957E-14	-1.73438945E-15
-1.17000000E+01	-1.78000000E+01	2.90000000E+01	-4.13590306E-25	-1.10344507E-14	2.38182957E-14	-1.73438945E-15
-5.60000000E+00	-1.78000000E+01	2.90000000E+01	-4.13590306E-25	-1.05355290E-14	2.38182957E-14	-1.73438945E-15
5.00000000E-01	-1.78000000E+01	2.90000000E+01	-4.13590306E-25	-1.03771228E-14	2.38182957E-14	-1.73438945E-15
6.60000000E+00	-1.78000000E+01	2.90000000E+01	-4.13590306E-25	-1.05962130E-14	2.38182957E-14	-1.73438945E-15
1.27000000E+01	-1.78000000E+01	2.90000000E+01	-4.13590306E-25	-1.11416517E-14	2.38182957E-14	-1.73438945E-15
1.88000000E+01	-1.78000000E+01	2.90000000E+01	-4.13590306E-25	-1.18861034E-14	2.38182957E-14	-1.73438945E-15
2.49000000E+01	-1.78000000E+01	2.90000000E+01	-4.13590306E-25	-1.26557719E-14	2.38182957E-14	-1.73438945E-15
-3.00000000E+01	-1.06000000E+01	2.90000000E+01	-4.13590306E-25	-1.30583189E-14	2.42915103E-14	-1.73438945E-15
-2.39000000E+01	-1.06000000E+01	2.90000000E+01	-4.13590306E-25	-1.24770418E-14	2.42915103E-14	-1.73438945E-15
-1.78000000E+01	-1.06000000E+01	2.90000000E+01	-4.13590306E-25	-1.17830238E-14	2.42915103E-14	-1.73438945E-15
-1.17000000E+01	-1.06000000E+01	2.90000000E+01	-4.13590306E-25	-1.11382870E-14	2.42915103E-14	-1.73438945E-15
-5.60000000E+00	-1.06000000E+01	2.90000000E+01	-4.13590306E-25	-1.06933488E-14	2.42915103E-14	-1.73438945E-15
5.00000000E-01	-1.06000000E+01	2.90000000E+01	-4.13590306E-25	-1.05520822E-14	2.42915103E-14	-1.73438945E-15
6.60000000E+00	-1.06000000E+01	2.90000000E+01	-4.13590306E-25	-1.07474667E-14	2.42915103E-14	-1.73438945E-15
1.27000000E+01	-1.06000000E+01	2.90000000E+01	-4.13590306E-25	-1.12338888E-14	2.42915103E-14	-1.73438945E-15
1.88000000E+01	-1.06000000E+01	2.90000000E+01	-4.13590306E-25	-1.18977907E-14	2.42915103E-14	-1.73438945E-15
2.49000000E+01	-1.06000000E+01	2.90000000E+01	-4.13590306E-25	-1.25841809E-14	2.42915103E-14	-1.73438945E-15
-3.00000000E+01	-3.40000000E+00	2.90000000E+01	-4.13590306E-25	-1.24009450E-14	2.41977452E-14	-1.73438945E-15
-2.39000000E+01	-3.40000000E+00	2.90000000E+01	-4.13590306E-25	-1.21787323E-14	2.41977452E-14	-1.73438945E-15
-1.78000000E+01	-3.40000000E+00	2.90000000E+01	-4.13590306E-25	-1.19134207E-14	2.41977452E-14	-1.73438945E-15
-1.17000000E+01	-3.40000000E+00	2.90000000E+01	-4.13590306E-25	-1.16669485E-14	2.41977452E-14	-1.73438945E-15
-5.60000000E+00	-3.40000000E+00	2.90000000E+01	-4.13590306E-25	-1.14968560E-14	2.41977452E-14	-1.73438945E-15
5.00000000E-01	-3.40000000E+00	2.90000000E+01	-4.13590306E-25	-1.14428521E-14	2.41977452E-14	-1.73438945E-15
6.60000000E+00	-3.40000000E+00	2.90000000E+01	-4.13590306E-25	-1.15175444E-14	2.41977452E-14	-1.73438945E-15
1.27000000E+01	-3.40000000E+00	2.90000000E+01	-4.13590306E-25	-1.17034955E-14	2.41977452E-14	-1.73438945E-15
1.88000000E+01	-3.40000000E+00	2.90000000E+01	-4.13590306E-25	-1.19572942E-14	2.41977452E-14	-1.73438945E-15
2.49000000E+01	-3.40000000E+00	2.90000000E+01	-4.13590306E-25	-1.22196898E-14	2.41977452E-14	-1.73438945E-15
-3.00000000E+01	3.80000000E+00	2.90000000E+01	-4.13590306E-25	-1.15416272E-14	2.37582934E-14	-1.73438945E-15
-2.39000000E+01	3.80000000E+00	2.90000000E+01	-4.13590306E-25	-1.17887829E-14	2.37582934E-14	-1.73438945E-15
-1.78000000E+01	3.80000000E+00	2.90000000E+01	-4.13590306E-25	-1.20838753E-14	2.37582934E-14	-1.73438945E-15
-1.17000000E+01	3.80000000E+00	2.90000000E+01	-4.13590306E-25	-1.23580136E-14	2.37582934E-14	-1.73438945E-15
-5.60000000E+00	3.80000000E+00	2.90000000E+01	-4.13590306E-25	-1.25471988E-14	2.37582934E-14	-1.73438945E-15
5.00000000E-01	3.80000000E+00	2.90000000E+01	-4.13590306E-25	-1.26072645E-14	2.37582934E-14	-1.73438945E-15
6.60000000E+00	3.80000000E+00	2.90000000E+01	-4.13590306E-25	-1.25241881E-14	2.37582934E-14	-1.73438945E-15
1.27000000E+01	3.80000000E+00	2.90000000E+01	-4.13590306E-25	-1.23173643E-14	2.37582934E-14	-1.73438945E-15
1.88000000E+01	3.80000000E+00	2.90000000E+01	-4.13590306E-25	-1.20350771E-14	2.37582934E-14	-1.73438945E-15
2.49000000E+01	3.80000000E+00	2.90000000E+01	-4.13590306E-25	-1.17432280E-14	2.37582934E-14	-1.73438945E-15
-3.00000000E+01	1.10000000E+01	2.90000000E+01	-4.13590306E-25	-1.09069211E-14	2.36990520E-14	-1.73438945E-15
-2.39000000E+01	1.10000000E+01	2.90000000E+01	-4.13590306E-25	-1.15007598E-14	2.36990520E-14	-1.73438945E-15
-1.78000000E+01	1.10000000E+01	2.90000000E+01	-4.13590306E-25	-1.22097758E-14	2.36990520E-14	-1.73438945E-15
-1.17000000E+01	1.10000000E+01	2.90000000E+01	-4.13590306E-25	-1.28684455E-14	2.36990520E-14	-1.73438945E-15
-5.60000000E+00	1.10000000E+01	2.90000000E+01	-4.13590306E-25	-1.33229990E-14	2.36990520E-14	-1.73438945E-15
5.00000000E-01	1.10000000E+01	2.90000000E+01	-4.13590306E-25	-1.34673184E-14	2.36990520E-14	-1.73438945E-15
6.60000000E+00	1.10000000E+01	2.90000000E+01	-4.13590306E-25	-1.32677116E-14	2.36990520E-14	-1.73438945E-15
1.27000000E+01	1.10000000E+01	2.90000000E+01	-4.13590306E-25	-1.27707777E-14	2.36990520E-14	-1.73438945E-15
1.88000000E+01	1.10000000E+01	2.90000000E+01	-4.13590306E-25	-1.20925288E-14	2.36990520E-14	-1.73438945E-15
2.49000000E+01	1.10000000E+01	2.90000000E+01	-4.13590306E-25	-1.13913055E-14	2.36990520E-14	-1.73438945E-15
-3.00000000E+01	1.82000000E+01	2.90000000E+01	-4.13590306E-25	-1.08118876E-14	2.41909045E-14	-1.73438945E-15
-2.39000000E+01	1.82000000E+01	2.90000000E+01	-4.13590306E-25	-1.14576346E-14	2.41909045E-14	-1.73438945E-15
-1.78000000E+01	1.82000000E+01	2.90000000E+01	-4.13590306E-25	-1.22286267E-14	2.41909045E-14	-1.73438945E-15
-1.17000000E+01	1.82000000E+01	2.90000000E+01	-4.13590306E-25	-1.29448717E-14	2.41909045E-14	-1.73438945E-15
-5.60000000E+00	1.82000000E+01	2.90000000E+01	-4.13590306E-25	-1.34391584E-14	2.41909045E-14	-1.73438945E-15
5.00000000E-01	1.82000000E+01	2.90000000E+01	-4.13590306E-25	-1.35960930E-14	2.41909045E-14	-1.73438945E-15
6.60000000E+00	1.82000000E+01	2.90000000E+01	-4.13590306E-25	-1.33790382E-14	2.41909045E-14	-1.73438945E-15
1.27000000E+01	1.82000000E+01	2.90000000E+01	-4.13590306E-25	-1.28386666E-14	2.41909045E-14	-1.73438945E-15
1.88000000E+01	1.82000000E+01	2.90000000E+01	-4.13590306E-25	-1.21011309E-14	2.41909045E-14	-1.73438945E-15
2.49000000E+01	1.82000000E+01	2.90000000E+01	-4.13590306E-25	-1.13386127E-14	2.41909045E-14	-1.73438945E-15
-3.00000000E+01	-2.50000000E+01	-3.50000000E+01	5.00000000E-10	-1.59335935E+01	3.42582895E+01	3.58913987E+00
-2.39000000E+01	-2.50000000E+01	-3.50000000E+01	5.00000000E-10	-1.63958515E+01	3.42582895E+01	3.58913987E+00
-1.78000000E+01	-2.50000000E+01	-3.50000000E+01	5.00000000E-10	-1.69477663E+01	3.42582895E+01	3.58913987E+00
-1.17000000E+01	-2.50000000E+01	-3.50000000E+01	5.00000000E-10	-1.74604903E+01	3.42582895E+01	3.58913987E+00
-5.60000000E+00	-2.50000000E+01	-3.50000000E+01	5.00000000E-10	-1.78143255E+01	3.42582895E+01	3.58913987E+00
5.00000000E-01	-2.50000000E+01	-3.50000000E+01	5.00000000E-10	-1.79266671E+01	3.42582895E+01	3.58913987E+00
6.60000000E+00	-2.50000000E+01	-3.50000000E+01	5.00000000E-10	-1.77712884E+01	3.42582895E+01	3.58913987E+00
1.27000000E+01	-2.50000000E+01	-3.50000000E+01	5.00000000E-10	-1.73844634E+01	3.42582895E+01	3.58913987E+00
1.88000000E+01	-2.50000000E+01	-3.50000000E+01	5.00000000E-10	-1.68564984E+01	3.42582895E+01	3.58913987E+00
2.49000000E+01	-2.50000000E+01	-3.50000000E+01	5.00000000E-10	-1.63106497E+01	3.42582895E+01	3.58913987E+00
-3.00000000E+01	-1.78000000E+01	-3.50000000E+01	5.00000000E-10	-1.53966245E+01	3.37567811E+01	3.58913987E+00
-2.39000000E+01	-1.78000000E+01	-3.50000000E+01	5.00000000E-10	-1.61521806E+01	3.37567811E+01	3.58913987E+00
-1.78000000E+01	-1.78000000E+01	-3.50000000E+01	5.00000000E-10	-1.70542796E+01	3.37567811E+01	3.58913987E+00
-1.17000000E+01	-1.78000000E+01	-3.50000000E+01	5.00000000E-10	-1.78923218E+01	3.37567811E+01	3.58913987E+00
-5.60000000E+00	-1.78000000E+01	-3.50000000E+01	5.00000000E-10	-1.84706618E+01	3.37567811E+01	3.58913987E+00
5.00000000E-01	-1.78000000E+01	-3.50000000E+01	5.00000000E-10	-1.86542831E+01	3.37567811E+01	3.58913987E+00
6.60000000E+00	-1.78000000E+01	-3.50000000E+01	5.00000000E-10	-1.84003182E+01	3.37567811E+01	3.58913987E+00
1.27000000E+01	-1.78000000E+01	-3.50000000E+01	5.00000000E-10	-1.77680566E+01	3.37567811E+01	3.58913987E+00
1.88000000E+01	-1.78000000E+01	-3.50000000E+01	5.00000000E-10	-1.69051032E+01	3.37567811E+01	3.58913987E+00
2.49000000E+01	-1.78000000E+01	-3.50000000E+01	5.00000000E-10	-1.60129190E+01	3.37567811E+01	3.58913987E+00
-3.00000000E+01	-1.06000000E+01	-3.50000000E+01	5.00000000E-10	-1.55462946E+01	3.32082403E+01	3.58913987E+00
-2.39000000E+01	-1.06000000E+01	-3.50000000E+01	5.00000000E-10	-1.62200993E+01	3.32082403E+01	3.58913987E+00
-1.78000000E+01	-1.06000000E+01	-3.50000000E+01	5.00000000E-10	-1.70245910E+01	3.32082403E+01	3.58913987E+00
-1.17000000E+01	-1.06000000E+01	-3.50000000E+01	5.00000000E-10	-1.77719569E+01	3.32082403E+01	3.58913987E+00
-5.60000000E+00	-1.06000000E+01	-3.50000000E+01	5.00000000E-10	-1.82877203E+01	3.32082403E+01	3.58913987E+00
5.00000000E-01	-1.06000000E+01	-3.50000000E+01	5.00000000E-10	-1.84514737E+01	3.32082403E+01	3.58913987E+00
6.60000000E+00	-1.06000000E+01	-3.50000000E+01	5.00000000E-10	-1.82249879E+01	3.32082403E+01	3.58913987E+00
1.27000000E+01	-1.06000000E+01	-3.50000000E+01	5.00000000E-10	-1.76611372E+01	3.32082403E+01	3.58913987E+00
1.88000000E+01	-1.06000000E+01	-3.50000000E+01	5.00000000E-10	-1.68915556E+01	3.32082403E+01	3.58913987E+00
2.49000000E+01	-1.06000000E+01	-3.50000000E+01	5.00000000E-10	-1.60959059E+01	3.32082403E+01	3.58913987E+00
-3.00000000E+01	-3.40000000E+00	-3.50000000E+01	5.00000000E-10	-1.63083092E+01	3.33169309E+01	3.58913987E+00
-2.39000000E+01	-3.40000000E+00	-3.50000000E+01	5.00000000E-10	-1.65658937E+01	3.33169309E+01	3.58913987E+00
-1.78000000E+01	-3.40000000E+00	-3.50000000E+01	5.00000000E-10	-1.68734375E+01	3.33169309E+01	3.58913987E+00
-1.17000000E+01	-3.40000000E+00	-3.50000000E+01	5.00000000E-10	-1.71591432E+01	3.33169309E+01	3.58913987E+00
-5.60000000E+00	-3.40000000E+00	-3.50000000E+01	5.00000000E-10	-1.73563110E+01	3.33169309E+01	3.58913987E+00
5.00000000E-01	-3.40000000E+00	-3.50000000E+01	5.00000000E-10	-1.74189112E+01	3.33169309E+01	3.58913987E+00
6.60000000E+00	-3.40000000E+00	-3.50000000E+01	5.00000000E-10	-1.73323294E+01	3.33169309E+01	3.58913987E+00
1.27000000E+01	-3.40000000E+00	-3.50000000E+01	5.00000000E-10	-1.71167786E+01	3.33169309E+01	3.58913987E+00
1.88000000E+01	-3.40000000E+00	-3.50000000E+01	5.00000000E-10	-1.68225803E+01	3.33169309E+01	3.58913987E+00
2.49000000E+01	-3.40000000E+00	-3.50000000E+01	5.00000000E-10	-1.65184166E+01	3.33169309E+01	3.58913987E+00
-3.00000000E+01	3.80000000E+00	-3.50000000E+01	5.00000000E-10	-1.73044130E+01	3.38263346E+01	3.58913987E+00
-2.39000000E+01	3.80000000E+00	-3.50000000E+01	5.00000000E-10	-1.70179152E+01	3.38263346E+01	3.58913987E+00
-1.78000000E+01	3.80000000E+00	-3.50000000E+01	5.00000000E-10	-1.66758500E+01	3.38263346E+01	3.58913987E+00
-1.17000000E+01	3.80000000E+00	-3.50000000E+01	5.00000000E-10	-1.63580744E+01	3.38263346E+01	3.58913987E+00
-5.60000000E+00	3.80000000E+00	-3.50000000E+01	5.00000000E-10	-1.61387748E+01	3.38263346E+01	3.58913987E+00
5.00000000E-01	3.80000000E+00	-3.50000000E+01	5.00000000E-10	-1.60691478E+01	3.38263346E+01	3.58913987E+00
6.60000000E+00	3.80000000E+00	-3.50000000E+01	5.00000000E-10	-1.61654483E+01	3.38263346E+01	3.58913987E+00
1.27000000E+01	3.80000000E+00	-3.50000000E+01	5.00000000E-10	-1.64051943E+01	3.38263346E+01	3.58913987E+00
1.88000000E+01	3.80000000E+00	-3.50000000E+01	5.00000000E-10	-1.67324159E+01	3.38263346E+01	3.58913987E+00
2.49000000E+01	3.80000000E+00	-3.50000000E+01	5.00000000E-10	-1.70707215E+01	3.38263346E+01	3.58913987E+00
-3.00000000E+01	1.10000000E+01	-3.50000000E+01	5.00000000E-10	-1.80401515E+01	3.38950060E+01	3.58913987E+00
-2.39000000E+01	1.10000000E+01	-3.50000000E+01	5.00000000E-10	-1.73517857E+01	3.38950060E+01	3.58913987E+00
-1.78000000E+01	1.10000000E+01	-3.50000000E+01	5.00000000E-10	-1.65299087E+01	3.38950060E+01	3.58913987E+00
-1.17000000E+01	1.10000000E+01	-3.50000000E+01	5.00000000E-10	-1.57663921E+01	3.38950060E+01	3.58913987E+00
-5.60000000E+00	1.10000000E+01	-3.50000000E+01	5.00000000E-10	-1.52394828E+01	3.38950060E+01	3.58913987E+00
5.00000000E-01	1.10000000E+01	-3.50000000E+01	5.00000000E-10	-1.50721907E+01	3.38950060E+01	3.58913987E+00
6.60000000E+00	1.10000000E+01	-3.50000000E+01	5.00000000E-10	-1.53035709E+01	3.38950060E+01	3.58913987E+00
1.27000000E+01	1.10000000E+01	-3.50000000E+01	5.00000000E-10	-1.58796066E+01	3.38950060E+01	3.58913987E+00
1.88000000E+01	1.10000000E+01	-3.50000000E+01	5.00000000E-10	-1.66658191E+01	3.38950060E+01	3.58913987E+00
2.49000000E+01	1.10000000E+01	-3.50000000E+01	5.00000000E-10	-1.74786630E+01	3.38950060E+01	3.58913987E+00
-3.00000000E+01	1.82000000E+01	-3.50000000E+01	5.00000000E-10	-1.81503125E+01	3.33248605E+01	3.58913987E+00
-2.39000000E+01	1.82000000E+01	-3.50000000E+01	5.00000000E-10	-1.74017756E+01	3.33248605E+01	3.58913987E+00
-1.78000000E+01	1.82000000E+01	-3.50000000E+01	5.00000000E-10	-1.65080571E+01	3.33248605E+01	3.58913987E+00
-1.17000000E+01	1.82000000E+01	-3.50000000E+01	5.00000000E-10	-1.56778003E+01	3.33248605E+01	3.58913987E+00
-5.60000000E+00	1.82000000E+01	-3.50000000E+01	5.00000000E-10	-1.51048331E+01	3.33248605E+01	3.58913987E+00
5.00000000E-01	1.82000000E+01	-3.50000000E+01	5.00000000E-10	-1.49229178E+01	3.33248605E+01	3.58913987E+00
6.60000000E+00	1.82000000E+01	-3.50000000E+01	5.00000000E-10	-1.51745233E+01	3.33248605E+01	3.58913987E+00
1.27000000E+01	1.82000000E+01	-3.50000000E+01	5.00000000E-10	-1.58009111E+01	3.33248605E+01	3.58913987E+00
1.88000000E+01	1.82000000E+01	-3.50000000E+01	5.00000000E-10	-1.66558477E+01	3.33248605E+01	3.58913987E+00
2.49000000E+01	1.82000000E+01	-3.50000000E+01	5.00000000E-10	-1.75397434E+01	3.33248605E+01	3.58913987E+00
-3.00000000E+01	-2.50000000E+01	-2.70000000E+01	5.00000000E-10	-1.20981892E+01	2.65874808E+01	-3.40191572E+00
-2.39000000E+01	-2.50000000E+01	-2.70000000E+01	5.00000000E-10	-1.25604472E+01	2.65874808E+01	-3.40191572E+00
-1.78000000E+01	-2.50000000E+01	-2.70000000E+01	5.00000000E-10	-1.31123620E+01	2.65874808E+01	-3.40191572E+00
-1.17000000E+01	-2.50000000E+01	-2.70000000E+01	5.00000000E-10	-1.36250860E+01	2.65874808E+01	-3.40191572E+00
-5.60000000E+00	-2.50000000E+01	-2.70000000E+01	5.00000000E-10	-1.39789212E+01	2.65874808E+01	-3.40191572E+00
5.00000000E-01	-2.50000000E+01	-2.70000000E+01	5.00000000E-10	-1.40912628E+01	2.65874808E+01	-3.40191572E+00
6.60000000E+00	-2.50000000E+01	-2.70000000E+01	5.00000000E-10	-1.39358841E+01	2.65874808E+01	-3.40191572E+00
1.27000000E+01	-2.50000000E+01	-2.70000000E+01	5.00000000E-10	-1.35490591E+01	2.65874808E+01	-3.40191572E+00
1.88000000E+01	-2.50000000E+01	-2.70000000E+01	5.00000000E-10	-1.30210941E+01	2.65874808E+01	-3.40191572E+00
2.49000000E+01	-2.50000000E+01	-2.70000000E+01	5.00000000E-10	-1.24752454E+01	2.65874808E+01	-3.40191572E+00
-3.00000000E+01	-1.78000000E+01	-2.70000000E+01	5.00000000E-10	-1.15612202E+01	2.60859725E+01	-3.40191572E+00
-2.39000000E+01	-1.78000000E+01	-2.70000000E+01	5.00000000E-10	-1.23167763E+01	2.60859725E+01	-3.40191572E+00
-1.78000000E+01	-1.78000000E+01	-2.70000000E+01	5.00000000E-10	-1.32188753E+01	2.60859725E+01	-3.40191572E+00
-1.17000000E+01	-1.78000000E+01	-2.70000000E+01	5.00000000E-10	-1.40569175E+01	2.60859725E+01	-3.40191572E+00
-5.60000000E+00	-1.78000000E+01	-2.70000000E+01	5.00000000E-10	-1.46352575E+01	2.60859725E+01	-3.40191572E+00
5.00000000E-01	-1.78000000E+01	-2.70000000E+01	5.00000000E-10	-1.48188788E+01	2.60859725E+01	-3.40191572E+00
6.60000000E+00	-1.78000000E+01	-2.70000000E+01	5.00000000E-10	-1.45649139E+01	2.60859725E+01	-3.40191572E+00
1.27000000E+01	-1.78000000E+01	-2.70000000E+01	5.00000000E-10	-1.39326523E+01	2.60859725E+01	-3.40191572E+00
1.88000000E+01	-1.78000000E+01	-2.70000000E+01	5.00000000E-10	-1.30696989E+01	2.60859725E+01	-3.40191572E+00
2.49000000E+01	-1.78000000E+01	-2.70000000E+01	5.00000000E-10	-1.21775147E+01	2.60859725E+01	-3.40191572E+00
-3.00000000E+01	-1.06000000E+01	-2.70000000E+01	5.00000000E-10	-1.17108903E+01	2.55374317E+01	-3.40191572E+00
-2.39000000E+01	-1.06000000E+01	-2.70000000E+01	5.00000000E-10	-1.23846950E+01	2.55374317E+01	-3.40191572E+00
-1.78000000E+01	-1.06000000E+01	-2.70000000E+01	5.00000000E-10	-1.31891867E+01	2.55374317E+01	-3.40191572E+00
-1.17000000E+01	-1.06000000E+01	-2.70000000E+01	5.00000000E-10	-1.39365525E+01	2.55374317E+01	-3.40191572E+00
-5.60000000E+00	-1.06000000E+01	-2.70000000E+01	5.00000000E-10	-1.44523160E+01	2.55374317E+01	-3.40191572E+00
5.00000000E-01	-1.06000000E+01	-2.70000000E+01	5.00000000E-10	-1.46160694E+01	2.55374317E+01	-3.40191572E+00
6.60000000E+00	-1.06000000E+01	-2.70000000E+01	5.00000000E-10	-1.43895836E+01	2.55374317E+01	-3.40191572E+00
1.27000000E+01	-1.06000000E+01	-2.70000000E+01	5.00000000E-10	-1.38257329E+01	2.55374317E+01	-3.40191572E+00
1.88000000E+01	-1.06000000E+01	-2.70000000E+01	5.00000000E-10	-1.30561512E+01	2.55374317E+01	-3.40191572E+00
2.49000000E+01	-1.06000000E+01	-2.70000000E+01	5.00000000E-10	-1.22605016E+01	2.55374317E+01	-3.40191572E+00
-3.00000000E+01	-3.40000000E+00	-2.70000000E+01	5.00000000E-10	-1.24729049E+01	2.56461222E+01	-3.40191572E+00
-2.39000000E+01	-3.40000000E+00	-2.70000000E+01	5.00000000E-10	-1.27304893E+01	2.56461222E+01	-3.40191572E+00
-1.78000000E+01	-3.40000000E+00	-2.70000000E+01	5.00000000E-10	-1.30380332E+01	2.56461222E+01	-3.40191572E+00
-1.17000000E+01	-3.40000000E+00	-2.70000000E+01	5.00000000E-10	-1.33237388E+01	2.56461222E+01	-3.40191572E+00
-5.60000000E+00	-3.40000000E+00	-2.70000000E+01	5.00000000E-10	-1.35209067E+01	2.56461222E+01	-3.40191572E+00
5.00000000E-01	-3.40000000E+00	-2.70000000E+01	5.00000000E-10	-1.35835069E+01	2.56461222E+01	-3.40191572E+00
6.60000000E+00	-3.40000000E+00	-2.70000000E+01	5.00000000E-10	-1.34969251E+01	2.56461222E+01	-3.40191572E+00
1.27000000E+01	-3.40000000E+00	-2.70000000E+01	5.00000000E-10	-1.32813743E+01	2.56461222E+01	-3.40191572E+00
1.88000000E+01	-3.40000000E+00	-2.70000000E+01	5.00000000E-10	-1.29871760E+01	2.56461222E+01	-3.40191572E+00
2.49000000E+01	-3.40000000E+00	-2.70000000E+01	5.00000000E-10	-1.26830123E+01	2.56461222E+01	-3.40191572E+00
-3.00000000E+01	3.80000000E+00	-2.70000000E+01	5.00000000E-10	-1.34690087E+01	2.61555260E+01	-3.40191572E+00
-2.39000000E+01	3.80000000E+00	-2.70000000E+01	5.00000000E-10	-1.31825109E+01	2.61555260E+01	-3.40191572E+00
-1.78000000E+01	3.80000000E+00	-2.70000000E+01	5.00000000E-10	-1.28404457E+01	2.61555260E+01	-3.40191572E+00
-1.17000000E+01	3.80000000E+00	-2.70000000E+01	5.00000000E-10	-1.25226701E+01	2.61555260E+01	-3.40191572E+00
-5.60000000E+00	3.80000000E+00	-2.70000000E+01	5.00000000E-10	-1.23033705E+01	2.61555260E+01	-3.40191572E+00
5.00000000E-01	3.80000000E+00	-2.70000000E+01	5.00000000E-10	-1.22337435E+01	2.61555260E+01	-3.40191572E+00
6.60000000E+00	3.80000000E+00	-2.70000000E+01	5.00000000E-10	-1.23300440E+01	2.61555260E+01	-3.40191572E+00
1.27000000E+01	3.80000000E+00	-2.70000000E+01	5.00000000E-10	-1.25697900E+01	2.61555260E+01	-3.40191572E+00
1.88000000E+01	3.80000000E+00	-2.70000000E+01	5.00000000E-10	-1.28970116E+01	2.61555260E+01	-3.40191572E+00
2.49000000E+01	3.80000000E+00	-2.70000000E+01	5.00000000E-10	-1.32353172E+01	2.61555260E+01	-3.40191572E+00
-3.00000000E+01	1.10000000E+01	-2.70000000E+01	5.00000000E-10	-1.42047472E+01	2.62241974E+01	-3.40191572E+00
-2.39000000E+01	1.10000000E+01	-2.70000000E+01	5.00000000E-10	-1.35163814E+01	2.62241974E+01	-3.40191572E+00
-1.78000000E+01	1.10000000E+01	-2.70000000E+01	5.00000000E-10	-1.26945044E+01	2.62241974E+01	-3.40191572E+00
-1.17000000E+01	1.10000000E+01	-2.70000000E+01	5.00000000E-10	-1.19309877E+01	2.62241974E+01	-3.40191572E+00
-5.60000000E+00	1.10000000E+01	-2.70000000E+01	5.00000000E-10	-1.14040785E+01	2.62241974E+01	-3.40191572E+00
5.00000000E-01	1.10000000E+01	-2.70000000E+01	5.00000000E-10	-1.12367863E+01	2.62241974E+01	-3.40191572E+00
6.60000000E+00	1.10000000E+01	-2.70000000E+01	5.00000000E-10	-1.14681666E+01	2.62241974E+01	-3.40191572E+00
1.27000000E+01	1.10000000E+01	-2.70000000E+01	5.00000000E-10	-1.20442023E+01	2.62241974E+01	-3.40191572E+00
1.88000000E+01	1.10000000E+01	-2.70000000E+01	5.00000000E-10	-1.28304148E+01	2.62241974E+01	-3.40191572E+00
2.49000000E+01	1.10000000E+01	-2.70000000E+01	5.00000000E-10	-1.36432587E+01	2.62241974E+01	-3.40191572E+00
-3.00000000E+01	1.82000000E+01	-2.70000000E+01	5.00000000E-10	-1.43149082E+01	2.56540519E+01	-3.40191572E+00
-2.39000000E+01	1.82000000E+01	-2.70000000E+01	5.00000000E-10	-1.35663713E+01	2.56540519E+01	-3.40191572E+00
-1.78000000E+01	1.82000000E+01	-2.70000000E+01	5.00000000E-10	-1.26726528E+01	2.56540519E+01	-3.40191572E+00
-1.17000000E+01	1.82000000E+01	-2.70000000E+01	5.00000000E-10	-1.18423960E+01	2.56540519E+01	-3.40191572E+00
-5.60000000E+00	1.82000000E+01	-2.70000000E+01	5.00000000E-10	-1.12694288E+01	2.56540519E+01	-3.40191572E+00
5.00000000E-01	1.82000000E+01	-2.70000000E+01	5.00000000E-10	-1.10875134E+01	2.56540519E+01	-3.40191572E+00
6.60000000E+00	1.82000000E+01	-2.70000000E+01	5.00000000E-10	-1.13391190E+01	2.56540519E+01	-3.40191572E+00
1.27000000E+01	1.82000000E+01	-2.70000000E+01	5.00000000E-10	-1.19655068E+01	2.56540519E+01	-3.40191572E+00
1.88000000E+01	1.82000000E+01	-2.70000000E+01	5.00000000E-10	-1.28204434E+01	2.56540519E+01	-3.40191572E+00
2.49000000E+01	1.82000000E+01	-2.70000000E+01	5.00000000E-10	-1.37043391E+01	2.56540519E+01	-3.40191572E+00
-3.00000000E+01	-2.50000000E+01	-1.90000000E+01	5.00000000E-10	-8.26278487E+00	1.89166722E+01	-6.35832101E+00
-2.39000000E+01	-2.50000000E+01	-1.90000000E+01	5.00000000E-10	-8.72504291E+00	1.89166722E+01	-6.35832101E+00
-1.78000000E+01	-2.50000000E+01	-1.90000000E+01	5.00000000E-10	-9.27695767E+00	1.89166722E+01	-6.35832101E+00
-1.17000000E+01	-2.50000000E+01	-1.90000000E+01	5.00000000E-10	-9.78968172E+00	1.89166722E+01	-6.35832101E+00
-5.60000000E+00	-2.50000000E+01	-1.90000000E+01	5.00000000E-10	-1.01435169E+01	1.89166722E+01	-6.35832101E+00
5.00000000E-01	-2.50000000E+01	-1.90000000E+01	5.00000000E-10	-1.02558585E+01	1.89166722E+01	-6.35832101E+00
6.60000000E+00	-2.50000000E+01	-1.90000000E+01	5.00000000E-10	-1.01004798E+01	1.89166722E+01	-6.35832101E+00
1.27000000E+01	-2.50000000E+01	-1.90000000E+01	5.00000000E-10	-9.71365481E+00	1.89166722E+01	-6.35832101E+00
1.88000000E+01	-2.50000000E+01	-1.90000000E+01	5.00000000E-10	-9.18568980E+00	1.89166722E+01	-6.35832101E+00
2.49000000E+01	-2.50000000E+01	-1.90000000E+01	5.00000000E-10	-8.63984106E+00	1.89166722E+01	-6.35832101E+00
-3.00000000E+01	-1.78000000E+01	-1.90000000E+01	5.00000000E-10	-7.72581593E+00	1.84151639E+01	-6.35832101E+00
-2.39000000E+01	-1.78000000E+01	-1.90000000E+01	5.00000000E-10	-8.48137197E+00	1.84151639E+01	-6.35832101E+00
-1.78000000E+01	-1.78000000E+01	-1.90000000E+01	5.00000000E-10	-9.38347101E+00	1.84151639E+01	-6.35832101E+00
-1.17000000E+01	-1.78000000E+01	-1.90000000E+01	5.00000000E-10	-1.02215132E+01	1.84151639E+01	-6.35832101E+00
-5.60000000E+00	-1.78000000E+01	-1.90000000E+01	5.00000000E-10	-1.07998532E+01	1.84151639E+01	-6.35832101E+00
5.00000000E-01	-1.78000000E+01	-1.90000000E+01	5.00000000E-10	-1.09834745E+01	1.84151639E+01	-6.35832101E+00
6.60000000E+00	-1.78000000E+01	-1.90000000E+01	5.00000000E-10	-1.07295096E+01	1.84151639E+01	-6.35832101E+00
1.27000000E+01	-1.78000000E+01	-1.90000000E+01	5.00000000E-10	-1.00972480E+01	1.84151639E+01	-6.35832101E+00
1.88000000E+01	-1.78000000E+01	-1.90000000E+01	5.00000000E-10	-9.23429462E+00	1.84151639E+01	-6.35832101E+00
2.49000000E+01	-1.78000000E+01	-1.90000000E+01	5.00000000E-10	-8.34211042E+00	1.84151639E+01	-6.35832101E+00
-3.00000000E+01	-1.06000000E+01	-1.90000000E+01	5.00000000E-10	-7.87548602E+00	1.78666231E+01	-6.35832101E+00
-2.39000000E+01	-1.06000000E+01	-1.90000000E+01	5.00000000E-10	-8.54929071E+00	1.78666231E+01	-6.35832101E+00
-1.78000000E+01	-1.06000000E+01	-1.90000000E+01	5.00000000E-10	-9.35378240E+00	1.78666231E+01	-6.35832101E+00
-1.17000000E+01	-1.06000000E+01	-1.90000000E+01	5.00000000E-10	-1.01011482E+01	1.78666231E+01	-6.35832101E+00
-5.60000000E+00	-1.06000000E+01	-1.90000000E+01	5.00000000E-10	-1.06169117E+01	1.78666231E+01	-6.35832101E+00
5.00000000E-01	-1.06000000E+01	-1.90000000E+01	5.00000000E-10	-1.07806651E+01	1.78666231E+01	-6.35832101E+00
6.60000000E+00	-1.06000000E+01	-1.90000000E+01	5.00000000E-10	-1.05541792E+01	1.78666231E+01	-6.35832101E+00
1.27000000E+01	-1.06000000E+01	-1.90000000E+01	5.00000000E-10	-9.99032856E+00	1.78666231E+01	-6.35832101E+00
1.88000000E+01	-1.06000000E+01	-1.90000000E+01	5.00000000E-10	-9.22074693E+00	1.78666231E+01	-6.35832101E+00
2.49000000E+01	-1.06000000E+01	-1.90000000E+01	5.00000000E-10	-8.42509729E+00	1.78666231E+01	-6.35832101E+00
-3.00000000E+01	-3.40000000E+00	-1.90000000E+01	5.00000000E-10	-8.63750063E+00	1.79753136E+01	-6.35832101E+00
-2.39000000E+01	-3.40000000E+00	-1.90000000E+01	5.00000000E-10	-8.89508503E+00	1.79753136E+01	-6.35832101E+00
-1.78000000E+01	-3.40000000E+00	-1.90000000E+01	5.00000000E-10	-9.20262892E+00	1.79753136E+01	-6.35832101E+00
-1.17000000E+01	-3.40000000E+00	-1.90000000E+01	5.00000000E-10	-9.48833453E+00	1.79753136E+01	-6.35832101E+00
-5.60000000E+00	-3.40000000E+00	-1.90000000E+01	5.00000000E-10	-9.68550239E+00	1.79753136E+01	-6.35832101E+00
5.00000000E-01	-3.40000000E+00	-1.90000000E+01	5.00000000E-10	-9.74810259E+00	1.79753136E+01	-6.35832101E+00
6.60000000E+00	-3.40000000E+00	-1.90000000E+01	5.00000000E-10	-9.66152081E+00	1.79753136E+01	-6.35832101E+00
1.27000000E+01	-3.40000000E+00	-1.90000000E+01	5.00000000E-10	-9.44597000E+00	1.79753136E+01	-6.35832101E+00
1.88000000E+01	-3.40000000E+00	-1.90000000E+01	5.00000000E-10	-9.15177166E+00	1.79753136E+01	-6.35832101E+00
2.49000000E+01	-3.40000000E+00	-1.90000000E+01	5.00000000E-10	-8.84760794E+00	1.79753136E+01	-6.35832101E+00
-3.00000000E+01	3.80000000E+00	-1.90000000E+01	5.00000000E-10	-9.63360443E+00	1.84847174E+01	-6.35832101E+00
-2.39000000E+01	3.80000000E+00	-1.90000000E+01	5.00000000E-10	-9.34710660E+00	1.84847174E+01	-6.35832101E+00
-1.78000000E+01	3.80000000E+00	-1.90000000E+01	5.00000000E-10	-9.00504142E+00	1.84847174E+01	-6.35832101E+00
-1.17000000E+01	3.80000000E+00	-1.90000000E+01	5.00000000E-10	-8.68726582E+00	1.84847174E+01	-6.35832101E+00
-5.60000000E+00	3.80000000E+00	-1.90000000E+01	5.00000000E-10	-8.46796620E+00	1.84847174E+01	-6.35832101E+00
5.00000000E-01	3.80000000E+00	-1.90000000E+01	5.00000000E-10	-8.39833923E+00	1.84847174E+01	-6.35832101E+00
6.60000000E+00	3.80000000E+00	-1.90000000E+01	5.00000000E-10	-8.49463968E+00	1.84847174E+01	-6.35832101E+00
1.27000000E+01	3.80000000E+00	-1.90000000E+01	5.00000000E-10	-8.73438571E+00	1.84847174E+01	-6.35832101E+00
1.88000000E+01	3.80000000E+00	-1.90000000E+01	5.00000000E-10	-9.06160733E+00	1.84847174E+01	-6.35832101E+00
2.49000000E+01	3.80000000E+00	-1.90000000E+01	5.00000000E-10	-9.39991292E+00	1.84847174E+01	-6.35832101E+00
-3.00000000E+01	1.10000000E+01	-1.90000000E+01	5.00000000E-10	-1.03693429E+01	1.85533888E+01	-6.35832101E+00
-2.39000000E+01	1.10000000E+01	-1.90000000E+01	5.00000000E-10	-9.68097710E+00	1.85533888E+01	-6.35832101E+00
-1.78000000E+01	1.10000000E+01	-1.90000000E+01	5.00000000E-10	-8.85910009E+00	1.85533888E+01	-6.35832101E+00
-1.17000000E+01	1.10000000E+01	-1.90000000E+01	5.00000000E-10	-8.09558344E+00	1.85533888E+01	-6.35832101E+00
-5.60000000E+00	1.10000000E+01	-1.90000000E+01	5.00000000E-10	-7.56867416E+00	1.85533888E+01	-6.35832101E+00
5.00000000E-01	1.10000000E+01	-1.90000000E+01	5.00000000E-10	-7.40138203E+00	1.85533888E+01	-6.35832101E+00
6.60000000E+00	1.10000000E+01	-1.90000000E+01	5.00000000E-10	-7.63276228E+00	1.85533888E+01	-6.35832101E+00
1.27000000E+01	1.10000000E+01	-1.90000000E+01	5.00000000E-10	-8.20879796E+00	1.85533888E+01	-6.35832101E+00
1.88000000E+01	1.10000000E+01	-1.90000000E+01	5.00000000E-10	-8.99501049E+00	1.85533888E+01	-6.35832101E+00
2.49000000E+01	1.10000000E+01	-1.90000000E+01	5.00000000E-10	-9.80785437E+00	1.85533888E+01	-6.35832101E+00
-3.00000000E+01	1.82000000E+01	-1.90000000E+01	5.00000000E-10	-1.04795039E+01	1.79832433E+01	-6.35832101E+00
-2.39000000E+01	1.82000000E+01	-1.90000000E+01	5.00000000E-10	-9.73096702E+00	1.79832433E+01	-6.35832101E+00
-1.78000000E+01	1.82000000E+01	-1.90000000E+01	5.00000000E-10	-8.83724851E+00	1.79832433E+01	-6.35832101E+00
-1.17000000E+01	1.82000000E+01	-1.90000000E+01	5.00000000E-10	-8.00699173E+00	1.79832433E+01	-6.35832101E+00
-5.60000000E+00	1.82000000E+01	-1.90000000E+01	5.00000000E-10	-7.43402453E+00	1.79832433E+01	-6.35832101E+00
5.00000000E-01	1.82000000E+01	-1.90000000E+01	5.00000000E-10	-7.25210914E+00	1.79832433E+01	-6.35832101E+00
6.60000000E+00	1.82000000E+01	-1.90000000E+01	5.00000000E-10	-7.50371468E+00	1.79832433E+01	-6.35832101E+00
1.27000000E+01	1.82000000E+01	-1.90000000E+01	5.00000000E-10	-8.13010251E+00	1.79832433E+01	-6.35832101E+00
1.88000000E+01	1.82000000E+01	-1.90000000E+01	5.00000000E-10	-8.98503905E+00	1.79832433E+01	-6.35832101E+00
2.49000000E+01	1.82000000E+01	-1.90000000E+01	5.00000000E-10	-9.86893483E+00	1.79832433E+01	-6.35832101E+00
-3.00000000E+01	-2.50000000E+01	-1.10000000E+01	5.00000000E-10	-4.42738056E+00	1.12458636E+01	-5.39513077E+00
-2.39000000E+01	-2.50000000E+01	-1.10000000E+01	5.00000000E-10	-4.88963860E+00	1.12458636E+01	-5.39513077E+00
-1.78000000E+01	-2.50000000E+01	-1.10000000E+01	5.00000000E-10	-5.44155336E+00	1.12458636E+01	-5.39513077E+00
-1.17000000E+01	-2.50000000E+01	-1.10000000E+01	5.00000000E-10	-5.95427741E+00	1.12458636E+01	-5.39513077E+00
-5.60000000E+00	-2.50000000E+01	-1.10000000E+01	5.00000000E-10	-6.30811259E+00	1.12458636E+01	-5.39513077E+00
5.00000000E-01	-2.50000000E+01	-1.10000000E+01	5.00000000E-10	-6.42045421E+00	1.12458636E+01	-5.39513077E+00
6.60000000E+00	-2.50000000E+01	-1.10000000E+01	5.00000000E-10	-6.26507552E+00	1.12458636E+01	-5.39513077E+00
1.27000000E+01	-2.50000000E+01	-1.10000000E+01	5.00000000E-10	-5.87825050E+00	1.12458636E+01	-5.39513077E+00
1.88000000E+01	-2.50000000E+01	-1.10000000E+01	5.00000000E-10	-5.35028549E+00	1.12458636E+01	-5.39513077E+00
2.49000000E+01	-2.50000000E+01	-1.10000000E+01	5.00000000E-10	-4.80443675E+00	1.12458636E+01	-5.39513077E+00
-3.00000000E+01	-1.78000000E+01	-1.10000000E+01	5.00000000E-10	-3.89041162E+00	1.07443553E+01	-5.39513077E+00
-2.39000000E+01	-1.78000000E+01	-1.10000000E+01	5.00000000E-10	-4.64596766E+00	1.07443553E+01	-5.39513077E+00
-1.78000000E+01	-1.78000000E+01	-1.10000000E+01	5.00000000E-10	-5.54806670E+00	1.07443553E+01	-5.39513077E+00
-1.17000000E+01	-1.78000000E+01	-1.10000000E+01	5.00000000E-10	-6.38610892E+00	1.07443553E+01	-5.39513077E+00
-5.60000000E+00	-1.78000000E+01	-1.10000000E+01	5.00000000E-10	-6.96444892E+00	1.07443553E+01	-5.39513077E+00
5.00000000E-01	-1.78000000E+01	-1.10000000E+01	5.00000000E-10	-7.14807015E+00	1.07443553E+01	-5.39513077E+00
6.60000000E+00	-1.78000000E+01	-1.10000000E+01	5.00000000E-10	-6.89410527E+00	1.07443553E+01	-5.39513077E+00
1.27000000E+01	-1.78000000E+01	-1.10000000E+01	5.00000000E-10	-6.26184371E+00	1.07443553E+01	-5.39513077E+00
1.88000000E+01	-1.78000000E+01	-1.10000000E+01	5.00000000E-10	-5.39889031E+00	1.07443553E+01	-5.39513077E+00
2.49000000E+01	-1.78000000E+01	-1.10000000E+01	5.00000000E-10	-4.50670611E+00	1.07443553E+01	-5.39513077E+00
-3.00000000E+01	-1.06000000E+01	-1.10000000E+01	5.00000000E-10	-4.04008171E+00	1.01958145E+01	-5.39513077E+00
-2.39000000E+01	-1.06000000E+01	-1.10000000E+01	5.00000000E-10	-4.71388640E+00	1.01958145E+01	-5.39513077E+00
-1.78000000E+01	-1.06000000E+01	-1.10000000E+01	5.00000000E-10	-5.51837809E+00	1.01958145E+01	-5.39513077E+00
-1.17000000E+01	-1.06000000E+01	-1.10000000E+01	5.00000000E-10	-6.26574393E+00	1.01958145E+01	-5.39513077E+00
-5.60000000E+00	-1.06000000E+01	-1.10000000E+01	5.00000000E-10	-6.78150739E+00	1.01958145E+01	-5.39513077E+00
5.00000000E-01	-1.06000000E+01	-1.10000000E+01	5.00000000E-10	-6.94526076E+00	1.01958145E+01	-5.39513077E+00
6.60000000E+00	-1.06000000E+01	-1.10000000E+01	5.00000000E-10	-6.71877494E+00	1.01958145E+01	-5.39513077E+00
1.27000000E+01	-1.06000000E+01	-1.10000000E+01	5.00000000E-10	-6.15492425E+00	1.01958145E+01	-5.39513077E+00
1.88000000E+01	-1.06000000E+01	-1.10000000E+01	5.00000000E-10	-5.38534262E+00	1.01958145E+01	-5.39513077E+00
2.49000000E+01	-1.06000000E+01	-1.10000000E+01	5.00000000E-10	-4.58969298E+00	1.01958145E+01	-5.39513077E+00
-3.00000000E+01	-3.40000000E+00	-1.10000000E+01	5.00000000E-10	-4.80209632E+00	1.03045050E+01	-5.39513077E+00
-2.39000000E+01	-3.40000000E+00	-1.10000000E+01	5.00000000E-10	-5.05968072E+00	1.03045050E+01	-5.39513077E+00
-1.78000000E+01	-3.40000000E+00	-1.10000000E+01	5.00000000E-10	-5.36722461E+00	1.03045050E+01	-5.39513077E+00
-1.17000000E+01	-3.40000000E+00	-1.10000000E+01	5.00000000E-10	-5.65293022E+00	1.03045050E+01	-5.39513077E+00
-5.60000000E+00	-3.40000000E+00	-1.10000000E+01	5.00000000E-10	-5.85009808E+00	1.03045050E+01	-5.39513077E+00
5.00000000E-01	-3.40000000E+00	-1.10000000E+01	5.00000000E-10	-5.91269828E+00	1.03045050E+01	-5.39513077E+00
6.60000000E+00	-3.40000000E+00	-1.10000000E+01	5.00000000E-10	-5.82611650E+00	1.03045050E+01	-5.39513077E+00
1.27000000E+01	-3.40000000E+00	-1.10000000E+01	5.00000000E-10	-5.61056569E+00	1.03045050E+01	-5.39513077E+00
1.88000000E+01	-3.40000000E+00	-1.10000000E+01	5.00000000E-10	-5.31636735E+00	1.03045050E+01	-5.39513077E+00
2.49000000E+01	-3.40000000E+00	-1.10000000E+01	5.00000000E-10	-5.01220363E+00	1.03045050E+01	-5.39513077E+00
-3.00000000E+01	3.80000000E+00	-1.10000000E+01	5.00000000E-10	-5.79820012E+00	1.08139087E+01	-5.39513077E+00
-2.39000000E+01	3.80000000E+00	-1.10000000E+01	5.00000000E-10	-5.51170230E+00	1.08139087E+01	-5.39513077E+00
-1.78000000E+01	3.80000000E+00	-1.10000000E+01	5.00000000E-10	-5.16963712E+00	1.08139087E+01	-5.39513077E+00
-1.17000000E+01	3.80000000E+00	-1.10000000E+01	5.00000000E-10	-4.85186152E+00	1.08139087E+01	-5.39513077E+00
-5.60000000E+00	3.80000000E+00	-1.10000000E+01	5.00000000E-10	-4.63256190E+00	1.08139087E+01	-5.39513077E+00
5.00000000E-01	3.80000000E+00	-1.10000000E+01	5.00000000E-10	-4.56293492E+00	1.08139087E+01	-5.39513077E+00
6.60000000E+00	3.80000000E+00	-1.10000000E+01	5.00000000E-10	-4.65923537E+00	1.08139087E+01	-5.39513077E+00
1.27000000E+01	3.80000000E+00	-1.10000000E+01	5.00000000E-10	-4.89898140E+00	1.08139087E+01	-5.39513077E+00
1.88000000E+01	3.80000000E+00	-1.10000000E+01	5.00000000E-10	-5.22620302E+00	1.08139087E+01	-5.39513077E+00
2.49000000E+01	3.80000000E+00	-1.10000000E+01	5.00000000E-10	-5.56450861E+00	1.08139087E+01	-5.39513077E+00
-3.00000000E+01	1.10000000E+01	-1.10000000E+01	5.00000000E-10	-6.53393860E+00	1.08825802E+01	-5.39513077E+00
-2.39000000E+01	1.10000000E+01	-1.10000000E+01	5.00000000E-10	-5.84557279E+00	1.08825802E+01	-5.39513077E+00
-1.78000000E+01	1.10000000E+01	-1.10000000E+01	5.00000000E-10	-5.02369578E+00	1.08825802E+01	-5.39513077E+00
-1.17000000E+01	1.10000000E+01	-1.10000000E+01	5.00000000E-10	-4.26017913E+00	1.08825802E+01	-5.39513077E+00
-5.60000000E+00	1.10000000E+01	-1.10000000E+01	5.00000000E-10	-3.73326985E+00	1.08825802E+01	-5.39513077E+00
5.00000000E-01	1.10000000E+01	-1.10000000E+01	5.00000000E-10	-3.56597772E+00	1.08825802E+01	-5.39513077E+00
6.60000000E+00	1.10000000E+01	-1.10000000E+01	5.00000000E-10	-3.79735797E+00	1.08825802E+01	-5.39513077E+00
1.27000000E+01	1.10000000E+01	-1.10000000E+01	5.00000000E-10	-4.37339366E+00	1.08825802E+01	-5.39513077E+00
1.88000000E+01	1.10000000E+01	-1.10000000E+01	5.00000000E-10	-5.15960618E+00	1.08825802E+01	-5.39513077E+00
2.49000000E+01	1.10000000E+01	-1.10000000E+01	5.00000000E-10	-5.97245006E+00	1.08825802E+01	-5.39513077E+00
-3.00000000E+01	1.82000000E+01	-1.10000000E+01	5.00000000E-10	-6.64409961E+00	1.03124347E+01	-5.39513077E+00
-2.39000000E+01	1.82000000E+01	-1.10000000E+01	5.00000000E-10	-5.89556271E+00	1.03124347E+01	-5.39513077E+00
-1.78000000E+01	1.82000000E+01	-1.10000000E+01	5.00000000E-10	-5.00184420E+00	1.03124347E+01	-5.39513077E+00
-1.17000000E+01	1.82000000E+01	-1.10000000E+01	5.00000000E-10	-4.17158742E+00	1.03124347E+01	-5.39513077E+00
-5.60000000E+00	1.82000000E+01	-1.10000000E+01	5.00000000E-10	-3.59862022E+00	1.03124347E+01	-5.39513077E+00
5.00000000E-01	1.82000000E+01	-1.10000000E+01	5.00000000E-10	-3.41670483E+00	1.03124347E+01	-5.39513077E+00
6.60000000E+00	1.82000000E+01	-1.10000000E+01	5.00000000E-10	-3.66831038E+00	1.03124347E+01	-5.39513077E+00
1.27000000E+01	1.82000000E+01	-1.10000000E+01	5.00000000E-10	-4.29469820E+00	1.03124347E+01	-5.39513077E+00
1.88000000E+01	1.82000000E+01	-1.10000000E+01	5.00000000E-10	-5.14963474E+00	1.03124347E+01	-5.39513077E+00
2.49000000E+01	1.82000000E+01	-1.10000000E+01	5.00000000E-10	-6.03353052E+00	1.03124347E+01	-5.39513077E+00
-3.00000000E+01	-2.50000000E+01	-3.00000000E+00	5.00000000E-10	-5.91976249E-01	3.57505498E+00	-1.70655158E+00
-2.39000000E+01	-2.50000000E+01	-3.00000000E+00	5.00000000E-10	-1.05423429E+00	3.57505498E+00	-1.70655158E+00
-1.78000000E+01	-2.50000000E+01	-3.00000000E+00	5.00000000E-10	-1.60614905E+00	3.57505498E+00	-1.70655158E+00
-1.17000000E+01	-2.50000000E+01	-3.00000000E+00	5.00000000E-10	-2.11887310E+00	3.57505498E+00	-1.70655158E+00
-5.60000000E+00	-2.50000000E+01	-3.00000000E+00	5.00000000E-10	-2.47270828E+00	3.57505498E+00	-1.70655158E+00
5.00000000E-01	-2.50000000E+01	-3.00000000E+00	5.00000000E-10	-2.58504991E+00	3.57505498E+00	-1.70655158E+00
6.60000000E+00	-2.50000000E+01	-3.00000000E+00	5.00000000E-10	-2.42967121E+00	3.57505498E+00	-1.70655158E+00
1.27000000E+01	-2.50000000E+01	-3.00000000E+00	5.00000000E-10	-2.04284619E+00	3.57505498E+00	-1.70655158E+00
1.88000000E+01	-2.50000000E+01	-3.00000000E+00	5.00000000E-10	-1.51488119E+00	3.57505498E+00	-1.70655158E+00
2.49000000E+01	-2.50000000E+01	-3.00000000E+00	5.00000000E-10	-9.69032440E-01	3.57505498E+00	-1.70655158E+00
-3.00000000E+01	-1.78000000E+01	-3.00000000E+00	5.00000000E-10	-5.50073103E-02	3.07354664E+00	-1.70655158E+00
-2.39000000E+01	-1.78000000E+01	-3.00000000E+00	5.00000000E-10	-8.10563354E-01	3.07354664E+00	-1.70655158E+00
-1.78000000E+01	-1.78000000E+01	-3.00000000E+00	5.00000000E-10	-1.71266239E+00	3.07354664E+00	-1.70655158E+00
-1.17000000E+01	-1.78000000E+01	-3.00000000E+00	5.00000000E-10	-2.55070461E+00	3.07354664E+00	-1.70655158E+00
-5.60000000E+00	-1.78000000E+01	-3.00000000E+00	5.00000000E-10	-3.12904461E+00	3.07354664E+00	-1.70655158E+00
5.00000000E-01	-1.78000000E+01	-3.00000000E+00	5.00000000E-10	-3.31266584E+00	3.07354664E+00	-1.70655158E+00
6.60000000E+00	-1.78000000E+01	-3.00000000E+00	5.00000000E-10	-3.05870096E+00	3.07354664E+00	-1.70655158E+00
1.27000000E+01	-1.78000000E+01	-3.00000000E+00	5.00000000E-10	-2.42643941E+00	3.07354664E+00	-1.70655158E+00
1.88000000E+01	-1.78000000E+01	-3.00000000E+00	5.00000000E-10	-1.56348600E+00	3.07354664E+00	-1.70655158E+00
2.49000000E+01	-1.78000000E+01	-3.00000000E+00	5.00000000E-10	-6.71301803E-01	3.07354664E+00	-1.70655158E+00
-3.00000000E+01	-1.06000000E+01	-3.00000000E+00	5.00000000E-10	-2.04677405E-01	2.52500584E+00	-1.70655158E+00
-2.39000000E+01	-1.06000000E+01	-3.00000000E+00	5.00000000E-10	-8.78482091E-01	2.52500584E+00	-1.70655158E+00
-1.78000000E+01	-1.06000000E+01	-3.00000000E+00	5.00000000E-10	-1.68297378E+00	2.52500584E+00	-1.70655158E+00
-1.17000000E+01	-1.06000000E+01	-3.00000000E+00	5.00000000E-10	-2.43033962E+00	2.52500584E+00	-1.70655158E+00
-5.60000000E+00	-1.06000000E+01	-3.00000000E+00	5.00000000E-10	-2.94610308E+00	2.52500584E+00	-1.70655158E+00
5.00000000E-01	-1.06000000E+01	-3.00000000E+00	5.00000000E-10	-3.10985645E+00	2.52500584E+00	-1.70655158E+00
6.60000000E+00	-1.06000000E+01	-3.00000000E+00	5.00000000E-10	-2.88337063E+00	2.52500584E+00	-1.70655158E+00
1.27000000E+01	-1.06000000E+01	-3.00000000E+00	5.00000000E-10	-2.31951994E+00	2.52500584E+00	-1.70655158E+00
1.88000000E+01	-1.06000000E+01	-3.00000000E+00	5.00000000E-10	-1.54993831E+00	2.52500584E+00	-1.70655158E+00
2.49000000E+01	-1.06000000E+01	-3.00000000E+00	5.00000000E-10	-7.54288675E-01	2.52500584E+00	-1.70655158E+00
-3.00000000E+01	-3.40000000E+00	-3.00000000E+00	5.00000000E-10	-9.66692013E-01	2.63369639E+00	-1.70655158E+00
-2.39000000E+01	-3.40000000E+00	-3.00000000E+00	5.00000000E-10	-1.22427641E+00	2.63369639E+00	-1.70655158E+00
-1.78000000E+01	-3.40000000E+00	-3.00000000E+00	5.00000000E-10	-1.53182030E+00	2.63369639E+00	-1.70655158E+00
-1.17000000E+01	-3.40000000E+00	-3.00000000E+00	5.00000000E-10	-1.81752592E+00	2.63369639E+00	-1.70655158E+00
-5.60000000E+00	-3.40000000E+00	-3.00000000E+00	5.00000000E-10	-2.01469377E+00	2.63369639E+00	-1.70655158E+00
5.00000000E-01	-3.40000000E+00	-3.00000000E+00	5.00000000E-10	-2.07729398E+00	2.63369639E+00	-1.70655158E+00
6.60000000E+00	-3.40000000E+00	-3.00000000E+00	5.00000000E-10	-1.99071219E+00	2.63369639E+00	-1.70655158E+00
1.27000000E+01	-3.40000000E+00	-3.00000000E+00	5.00000000E-10	-1.77516138E+00	2.63369639E+00	-1.70655158E+00
1.88000000E+01	-3.40000000E+00	-3.00000000E+00	5.00000000E-10	-1.48096304E+00	2.63369639E+00	-1.70655158E+00
2.49000000E+01	-3.40000000E+00	-3.00000000E+00	5.00000000E-10	-1.17679932E+00	2.63369639E+00	-1.70655158E+00
-3.00000000E+01	3.80000000E+00	-3.00000000E+00	5.00000000E-10	-1.96279581E+00	3.14310013E+00	-1.70655158E+00
-2.39000000E+01	3.80000000E+00	-3.00000000E+00	5.00000000E-10	-1.67629799E+00	3.14310013E+00	-1.70655158E+00
-1.78000000E+01	3.80000000E+00	-3.00000000E+00	5.00000000E-10	-1.33423281E+00	3.14310013E+00	-1.70655158E+00
-1.17000000E+01	3.80000000E+00	-3.00000000E+00	5.00000000E-10	-1.01645721E+00	3.14310013E+00	-1.70655158E+00
-5.60000000E+00	3.80000000E+00	-3.00000000E+00	5.00000000E-10	-7.97157587E-01	3.14310013E+00	-1.70655158E+00
5.00000000E-01	3.80000000E+00	-3.00000000E+00	5.00000000E-10	-7.27530609E-01	3.14310013E+00	-1.70655158E+00
6.60000000E+00	3.80000000E+00	-3.00000000E+00	5.00000000E-10	-8.23831060E-01	3.14310013E+00	-1.70655158E+00
1.27000000E+01	3.80000000E+00	-3.00000000E+00	5.00000000E-10	-1.06357709E+00	3.14310013E+00	-1.70655158E+00
1.88000000E+01	3.80000000E+00	-3.00000000E+00	5.00000000E-10	-1.39079871E+00	3.14310013E+00	-1.70655158E+00
2.49000000E+01	3.80000000E+00	-3.00000000E+00	5.00000000E-10	-1.72910430E+00	3.14310013E+00	-1.70655158E+00
-3.00000000E+01	1.10000000E+01	-3.00000000E+00	5.00000000E-10	-2.69853430E+00	3.21177156E+00	-1.70655158E+00
-2.39000000E+01	1.10000000E+01	-3.00000000E+00	5.00000000E-10	-2.01016848E+00	3.21177156E+00	-1.70655158E+00
-1.78000000E+01	1.10000000E+01	-3.00000000E+00	5.00000000E-10	-1.18829147E+00	3.21177156E+00	-1.70655158E+00
-1.17000000E+01	1.10000000E+01	-3.00000000E+00	5.00000000E-10	-4.24774818E-01	3.21177156E+00	-1.70655158E+00
-5.60000000E+00	1.10000000E+01	-3.00000000E+00	5.00000000E-10	1.02134455E-01	3.21177156E+00	-1.70655158E+00
5.00000000E-01	1.10000000E+01	-3.00000000E+00	5.00000000E-10	2.69426585E-01	3.21177156E+00	-1.70655158E+00
6.60000000E+00	1.10000000E+01	-3.00000000E+00	5.00000000E-10	3.80463346E-02	3.21177156E+00	-1.70655158E+00
1.27000000E+01	1.10000000E+01	-3.00000000E+00	5.00000000E-10	-5.37989347E-01	3.21177156E+00	-1.70655158E+00
1.88000000E+01	1.10000000E+01	-3.00000000E+00	5.00000000E-10	-1.32420187E+00	3.21177156E+00	-1.70655158E+00
2.49000000E+01	1.10000000E+01	-3.00000000E+00	5.00000000E-10	-2.13704575E+00	3.21177156E+00	-1.70655158E+00
-3.00000000E+01	1.82000000E+01	-3.00000000E+00	5.00000000E-10	-2.80869531E+00	2.64162608E+00	-1.70655158E+00
-2.39000000E+01	1.82000000E+01	-3.00000000E+00	5.00000000E-10	-2.06015840E+00	2.64162608E+00	-1.70655158E+00
-1.78000000E+01	1.82000000E+01	-3.00000000E+00	5.00000000E-10	-1.16643989E+00	2.64162608E+00	-1.70655158E+00
-1.17000000E+01	1.82000000E+01	-3.00000000E+00	5.00000000E-10	-3.36183110E-01	2.64162608E+00	-1.70655158E+00
-5.60000000E+00	1.82000000E+01	-3.00000000E+00	5.00000000E-10	2.36784092E-01	2.64162608E+00	-1.70655158E+00
5.00000000E-01	1.82000000E+01	-3.00000000E+00	5.00000000E-10	4.18699477E-01	2.64162608E+00	-1.70655158E+00
6.60000000E+00	1.82000000E+01	-3.00000000E+00	5.00000000E-10	1.67093933E-01	2.64162608E+00	-1.70655158E+00
1.27000000E+01	1.82000000E+01	-3.00000000E+00	5.00000000E-10	-4.59293890E-01	2.64162608E+00	-1.70655158E+00
1.88000000E+01	1.82000000E+01	-3.00000000E+00	5.00000000E-10	-1.31423043E+00	2.64162608E+00	-1.70655158E+00
2.49000000E+01	1.82000000E+01	-3.00000000E+00	5.00000000E-10	-2.19812621E+00	2.64162608E+00	-1.70655158E+00
-3.00000000E+01	-2.50000000E+01	5.00000000E+00	5.00000000E-10	3.24342806E+00	-4.09575364E+00	2.78712816E+00
-2.39000000E+01	-2.50000000E+01	5.00000000E+00	5.00000000E-10	2.78117002E+00	-4.09575364E+00	2.78712816E+00
-1.78000000E+01	-2.50000000E+01	5.00000000E+00	5.00000000E-10	2.22925526E+00	-4.09575364E+00	2.78712816E+00
-1.17000000E+01	-2.50000000E+01	5.00000000E+00	5.00000000E-10	1.71653121E+00	-4.09575364E+00	2.78712816E+00
-5.60000000E+00	-2.50000000E+01	5.00000000E+00	5.00000000E-10	1.36269602E+00	-4.09575364E+00	2.78712816E+00
5.00000000E-01	-2.50000000E+01	5.00000000E+00	5.00000000E-10	1.25035440E+00	-4.09575364E+00	2.78712816E+00
6.60000000E+00	-2.50000000E+01	5.00000000E+00	5.00000000E-10	1.40573310E+00	-4.09575364E+00	2.78712816E+00
1.27000000E+01	-2.50000000E+01	5.00000000E+00	5.00000000E-10	1.79255812E+00	-4.09575364E+00	2.78712816E+00
1.88000000E+01	-2.50000000E+01	5.00000000E+00	5.00000000E-10	2.32052312E+00	-4.09575364E+00	2.78712816E+00
2.49000000E+01	-2.50000000E+01	5.00000000E+00	5.00000000E-10	2.86637187E+00	-4.09575364E+00	2.78712816E+00
-3.00000000E+01	-1.78000000E+01	5.00000000E+00	5.00000000E-10	3.78039700E+00	-4.59726198E+00	2.78712816E+00
-2.39000000E+01	-1.78000000E+01	5.00000000E+00	5.00000000E-10	3.02484095E+00	-4.59726198E+00	2.78712816E+00
-1.78000000E+01	-1.78000000E+01	5.00000000E+00	5.00000000E-10	2.12274192E+00	-4.59726198E+00	2.78712816E+00
-1.17000000E+01	-1.78000000E+01	5.00000000E+00	5.00000000E-10	1.28469970E+00	-4.59726198E+00	2.78712816E+00
-5.60000000E+00	-1.78000000E+01	5.00000000E+00	5.00000000E-10	7.06359697E-01	-4.59726198E+00	2.78712816E+00
5.00000000E-01	-1.78000000E+01	5.00000000E+00	5.00000000E-10	5.22738464E-01	-4.59726198E+00	2.78712816E+00
6.60000000E+00	-1.78000000E+01	5.00000000E+00	5.00000000E-10	7.76703350E-01	-4.59726198E+00	2.78712816E+00
1.27000000E+01	-1.78000000E+01	5.00000000E+00	5.00000000E-10	1.40896490E+00	-4.59726198E+00	2.78712816E+00
1.88000000E+01	-1.78000000E+01	5.00000000E+00	5.00000000E-10	2.27191831E+00	-4.59726198E+00	2.78712816E+00
2.49000000E+01	-1.78000000E+01	5.00000000E+00	5.00000000E-10	3.16410251E+00	-4.59726198E+00	2.78712816E+00
-3.00000000E+01	-1.06000000E+01	5.00000000E+00	5.00000000E-10	3.63072690E+00	-5.14580278E+00	2.78712816E+00
-2.39000000E+01	-1.06000000E+01	5.00000000E+00	5.00000000E-10	2.95692222E+00	-5.14580278E+00	2.78712816E+00
-1.78000000E+01	-1.06000000E+01	5.00000000E+00	5.00000000E-10	2.15243053E+00	-5.14580278E+00	2.78712816E+00
-1.17000000E+01	-1.06000000E+01	5.00000000E+00	5.00000000E-10	1.40506469E+00	-5.14580278E+00	2.78712816E+00
-5.60000000E+00	-1.06000000E+01	5.00000000E+00	5.00000000E-10	8.89301229E-01	-5.14580278E+00	2.78712816E+00
5.00000000E-01	-1.06000000E+01	5.00000000E+00	5.00000000E-10	7.25547861E-01	-5.14580278E+00	2.78712816E+00
6.60000000E+00	-1.06000000E+01	5.00000000E+00	5.00000000E-10	9.52033681E-01	-5.14580278E+00	2.78712816E+00
1.27000000E+01	-1.06000000E+01	5.00000000E+00	5.00000000E-10	1.51588437E+00	-5.14580278E+00	2.78712816E+00
1.88000000E+01	-1.06000000E+01	5.00000000E+00	5.00000000E-10	2.28546599E+00	-5.14580278E+00	2.78712816E+00
2.49000000E+01	-1.06000000E+01	5.00000000E+00	5.00000000E-10	3.08111563E+00	-5.14580278E+00	2.78712816E+00
-3.00000000E+01	-3.40000000E+00	5.00000000E+00	5.00000000E-10	2.86871230E+00	-5.03711223E+00	2.78712816E+00
-2.39000000E+01	-3.40000000E+00	5.00000000E+00	5.00000000E-10	2.61112789E+00	-5.03711223E+00	2.78712816E+00
-1.78000000E+01	-3.40000000E+00	5.00000000E+00	5.00000000E-10	2.30358401E+00	-5.03711223E+00	2.78712816E+00
-1.17000000E+01	-3.40000000E+00	5.00000000E+00	5.00000000E-10	2.01787839E+00	-5.03711223E+00	2.78712816E+00
-5.60000000E+00	-3.40000000E+00	5.00000000E+00	5.00000000E-10	1.82071054E+00	-5.03711223E+00	2.78712816E+00
5.00000000E-01	-3.40000000E+00	5.00000000E+00	5.00000000E-10	1.75811033E+00	-5.03711223E+00	2.78712816E+00
6.60000000E+00	-3.40000000E+00	5.00000000E+00	5.00000000E-10	1.84469212E+00	-5.03711223E+00	2.78712816E+00
1.27000000E+01	-3.40000000E+00	5.00000000E+00	5.00000000E-10	2.06024293E+00	-5.03711223E+00	2.78712816E+00
1.88000000E+01	-3.40000000E+00	5.00000000E+00	5.00000000E-10	2.35444127E+00	-5.03711223E+00	2.78712816E+00
2.49000000E+01	-3.40000000E+00	5.00000000E+00	5.00000000E-10	2.65860499E+00	-5.03711223E+00	2.78712816E+00
-3.00000000E+01	3.80000000E+00	5.00000000E+00	5.00000000E-10	1.87260849E+00	-4.52770849E+00	2.78712816E+00
-2.39000000E+01	3.80000000E+00	5.00000000E+00	5.00000000E-10	2.15910632E+00	-4.52770849E+00	2.78712816E+00
-1.78000000E+01	3.80000000E+00	5.00000000E+00	5.00000000E-10	2.50117150E+00	-4.52770849E+00	2.78712816E+00
-1.17000000E+01	3.80000000E+00	5.00000000E+00	5.00000000E-10	2.81894710E+00	-4.52770849E+00	2.78712816E+00
-5.60000000E+00	3.80000000E+00	5.00000000E+00	5.00000000E-10	3.03824672E+00	-4.52770849E+00	2.78712816E+00
5.00000000E-01	3.80000000E+00	5.00000000E+00	5.00000000E-10	3.10787370E+00	-4.52770849E+00	2.78712816E+00
6.60000000E+00	3.80000000E+00	5.00000000E+00	5.00000000E-10	3.01157325E+00	-4.52770849E+00	2.78712816E+00
1.27000000E+01	3.80000000E+00	5.00000000E+00	5.00000000E-10	2.77182722E+00	-4.52770849E+00	2.78712816E+00
1.88000000E+01	3.80000000E+00	5.00000000E+00	5.00000000E-10	2.44460560E+00	-4.52770849E+00	2.78712816E+00
2.49000000E+01	3.80000000E+00	5.00000000E+00	5.00000000E-10	2.10630001E+00	-4.52770849E+00	2.78712816E+00
-3.00000000E+01	1.10000000E+01	5.00000000E+00	5.00000000E-10	1.13687001E+00	-4.45903705E+00	2.78712816E+00
-2.39000000E+01	1.10000000E+01	5.00000000E+00	5.00000000E-10	1.82523583E+00	-4.45903705E+00	2.78712816E+00
-1.78000000E+01	1.10000000E+01	5.00000000E+00	5.00000000E-10	2.64711284E+00	-4.45903705E+00	2.78712816E+00
-1.17000000E+01	1.10000000E+01	5.00000000E+00	5.00000000E-10	3.41062949E+00	-4.45903705E+00	2.78712816E+00
-5.60000000E+00	1.10000000E+01	5.00000000E+00	5.00000000E-10	3.93753876E+00	-4.45903705E+00	2.78712816E+00
5.00000000E-01	1.10000000E+01	5.00000000E+00	5.00000000E-10	4.10483089E+00	-4.45903705E+00	2.78712816E+00
6.60000000E+00	1.10000000E+01	5.00000000E+00	5.00000000E-10	3.87345064E+00	-4.45903705E+00	2.78712816E+00
1.27000000E+01	1.10000000E+01	5.00000000E+00	5.00000000E-10	3.29741496E+00	-4.45903705E+00	2.78712816E+00
1.88000000E+01	1.10000000E+01	5.00000000E+00	5.00000000E-10	2.51120244E+00	-4.45903705E+00	2.78712816E+00
2.49000000E+01	1.10000000E+01	5.00000000E+00	5.00000000E-10	1.69835856E+00	-4.45903705E+00	2.78712816E+00
-3.00000000E+01	1.82000000E+01	5.00000000E+00	5.00000000E-10	1.02670900E+00	-5.02918254E+00	2.78712816E+00
-2.39000000E+01	1.82000000E+01	5.00000000E+00	5.00000000E-10	1.77524591E+00	-5.02918254E+00	2.78712816E+00
-1.78000000E+01	1.82000000E+01	5.00000000E+00	5.00000000E-10	2.66896442E+00	-5.02918254E+00	2.78712816E+00
-1.17000000E+01	1.82000000E+01	5.00000000E+00	5.00000000E-10	3.49922120E+00	-5.02918254E+00	2.78712816E+00
-5.60000000E+00	1.82000000E+01	5.00000000E+00	5.00000000E-10	4.07218840E+00	-5.02918254E+00	2.78712816E+00
5.00000000E-01	1.82000000E+01	5.00000000E+00	5.00000000E-10	4.25410379E+00	-5.02918254E+00	2.78712816E+00
6.60000000E+00	1.82000000E+01	5.00000000E+00	5.00000000E-10	4.00249824E+00	-5.02918254E+00	2.78712816E+00
1.27000000E+01	1.82000000E+01	5.00000000E+00	5.00000000E-10	3.37611042E+00	-5.02918254E+00	2.78712816E+00
1.88000000E+01	1.82000000E+01	5.00000000E+00	5.00000000E-10	2.52117388E+00	-5.02918254E+00	2.78712816E+00
2.49000000E+01	1.82000000E+01	5.00000000E+00	5.00000000E-10	1.63727810E+00	-5.02918254E+00	2.78712816E+00
-3.00000000E+01	-2.50000000E+01	1.30000000E+01	5.00000000E-10	7.07883237E+00	-1.17665623E+01	5.95394130E+00
-2.39000000E+01	-2.50000000E+01	1.30000000E+01	5.00000000E-10	6.61657433E+00	-1.17665623E+01	5.95394130E+00
-1.78000000E+01	-2.50000000E+01	1.30000000E+01	5.00000000E-10	6.06465957E+00	-1.17665623E+01	5.95394130E+00
-1.17000000E+01	-2.50000000E+01	1.30000000E+01	5.00000000E-10	5.55193552E+00	-1.17665623E+01	5.95394130E+00
-5.60000000E+00	-2.50000000E+01	1.30000000E+01	5.00000000E-10	5.19810033E+00	-1.17665623E+01	5.95394130E+00
5.00000000E-01	-2.50000000E+01	1.30000000E+01	5.00000000E-10	5.08575871E+00	-1.17665623E+01	5.95394130E+00
6.60000000E+00	-2.50000000E+01	1.30000000E+01	5.00000000E-10	5.24113740E+00	-1.17665623E+01	5.95394130E+00
1.27000000E+01	-2.50000000E+01	1.30000000E+01	5.00000000E-10	5.62796243E+00	-1.17665623E+01	5.95394130E+00
1.88000000E+01	-2.50000000E+01	1.30000000E+01	5.00000000E-10	6.15592743E+00	-1.17665623E+01	5.95394130E+00
2.49000000E+01	-2.50000000E+01	1.30000000E+01	5.00000000E-10	6.70177618E+00	-1.17665623E+01	5.95394130E+00
-3.00000000E+01	-1.78000000E+01	1.30000000E+01	5.00000000E-10	7.61580131E+00	-1.22680706E+01	5.95394130E+00
-2.39000000E+01	-1.78000000E+01	1.30000000E+01	5.00000000E-10	6.86024526E+00	-1.22680706E+01	5.95394130E+00
-1.78000000E+01	-1.78000000E+01	1.30000000E+01	5.00000000E-10	5.95814623E+00	-1.22680706E+01	5.95394130E+00
-1.17000000E+01	-1.78000000E+01	1.30000000E+01	5.00000000E-10	5.12010400E+00	-1.22680706E+01	5.95394130E+00
-5.60000000E+00	-1.78000000E+01	1.30000000E+01	5.00000000E-10	4.54176401E+00	-1.22680706E+01	5.95394130E+00
5.00000000E-01	-1.78000000E+01	1.30000000E+01	5.00000000E-10	4.35814277E+00	-1.22680706E+01	5.95394130E+00
6.60000000E+00	-1.78000000E+01	1.30000000E+01	5.00000000E-10	4.61210766E+00	-1.22680706E+01	5.95394130E+00
1.27000000E+01	-1.78000000E+01	1.30000000E+01	5.00000000E-10	5.24436921E+00	-1.22680706E+01	5.95394130E+00
1.88000000E+01	-1.78000000E+01	1.30000000E+01	5.00000000E-10	6.10732262E+00	-1.22680706E+01	5.95394130E+00
2.49000000E+01	-1.78000000E+01	1.30000000E+01	5.00000000E-10	6.99950681E+00	-1.22680706E+01	5.95394130E+00
-3.00000000E+01	-1.06000000E+01	1.30000000E+01	5.00000000E-10	7.46613121E+00	-1.28166114E+01	5.95394130E+00
-2.39000000E+01	-1.06000000E+01	1.30000000E+01	5.00000000E-10	6.79232653E+00	-1.28166114E+01	5.95394130E+00
-1.78000000E+01	-1.06000000E+01	1.30000000E+01	5.00000000E-10	5.98783484E+00	-1.28166114E+01	5.95394130E+00
-1.17000000E+01	-1.06000000E+01	1.30000000E+01	5.00000000E-10	5.24046900E+00	-1.28166114E+01	5.95394130E+00
-5.60000000E+00	-1.06000000E+01	1.30000000E+01	5.00000000E-10	4.72470554E+00	-1.28166114E+01	5.95394130E+00
5.00000000E-01	-1.06000000E+01	1.30000000E+01	5.00000000E-10	4.56095217E+00	-1.28166114E+01	5.95394130E+00
6.60000000E+00	-1.06000000E+01	1.30000000E+01	5.00000000E-10	4.78743799E+00	-1.28166114E+01	5.95394130E+00
1.27000000E+01	-1.06000000E+01	1.30000000E+01	5.00000000E-10	5.35128868E+00	-1.28166114E+01	5.95394130E+00
1.88000000E+01	-1.06000000E+01	1.30000000E+01	5.00000000E-10	6.12087030E+00	-1.28166114E+01	5.95394130E+00
2.49000000E+01	-1.06000000E+01	1.30000000E+01	5.00000000E-10	6.91651994E+00	-1.28166114E+01	5.95394130E+00
-3.00000000E+01	-3.40000000E+00	1.30000000E+01	5.00000000E-10	6.70411660E+00	-1.27079208E+01	5.95394130E+00
-2.39000000E+01	-3.40000000E+00	1.30000000E+01	5.00000000E-10	6.44653220E+00	-1.27079208E+01	5.95394130E+00
-1.78000000E+01	-3.40000000E+00	1.30000000E+01	5.00000000E-10	6.13898832E+00	-1.27079208E+01	5.95394130E+00
-1.17000000E+01	-3.40000000E+00	1.30000000E+01	5.00000000E-10	5.85328270E+00	-1.27079208E+01	5.95394130E+00
-5.60000000E+00	-3.40000000E+00	1.30000000E+01	5.00000000E-10	5.65611485E+00	-1.27079208E+01	5.95394130E+00
5.00000000E-01	-3.40000000E+00	1.30000000E+01	5.00000000E-10	5.59351464E+00	-1.27079208E+01	5.95394130E+00
6.60000000E+00	-3.40000000E+00	1.30000000E+01	5.00000000E-10	5.68009643E+00	-1.27079208E+01	5.95394130E+00
1.27000000E+01	-3.40000000E+00	1.30000000E+01	5.00000000E-10	5.89564724E+00	-1.27079208E+01	5.95394130E+00
1.88000000E+01	-3.40000000E+00	1.30000000E+01	5.00000000E-10	6.18984558E+00	-1.27079208E+01	5.95394130E+00
2.49000000E+01	-3.40000000E+00	1.30000000E+01	5.00000000E-10	6.49400929E+00	-1.27079208E+01	5.95394130E+00
-3.00000000E+01	3.80000000E+00	1.30000000E+01	5.00000000E-10	5.70801280E+00	-1.21985171E+01	5.95394130E+00
-2.39000000E+01	3.80000000E+00	1.30000000E+01	5.00000000E-10	5.99451063E+00	-1.21985171E+01	5.95394130E+00
-1.78000000E+01	3.80000000E+00	1.30000000E+01	5.00000000E-10	6.33657581E+00	-1.21985171E+01	5.95394130E+00
-1.17000000E+01	3.80000000E+00	1.30000000E+01	5.00000000E-10	6.65435141E+00	-1.21985171E+01	5.95394130E+00
-5.60000000E+00	3.80000000E+00	1.30000000E+01	5.00000000E-10	6.87365103E+00	-1.21985171E+01	5.95394130E+00
5.00000000E-01	3.80000000E+00	1.30000000E+01	5.00000000E-10	6.94327801E+00	-1.21985171E+01	5.95394130E+00
6.60000000E+00	3.80000000E+00	1.30000000E+01	5.00000000E-10	6.84697756E+00	-1.21985171E+01	5.95394130E+00
1.27000000E+01	3.80000000E+00	1.30000000E+01	5.00000000E-10	6.60723153E+00	-1.21985171E+01	5.95394130E+00
1.88000000E+01	3.80000000E+00	1.30000000E+01	5.00000000E-10	6.28000991E+00	-1.21985171E+01	5.95394130E+00
2.49000000E+01	3.80000000E+00	1.30000000E+01	5.00000000E-10	5.94170431E+00	-1.21985171E+01	5.95394130E+00
-3.00000000E+01	1.10000000E+01	1.30000000E+01	5.00000000E-10	4.97227432E+00	-1.21298457E+01	5.95394130E+00
-2.39000000E+01	1.10000000E+01	1.30000000E+01	5.00000000E-10	5.66064014E+00	-1.21298457E+01	5.95394130E+00
-1.78000000E+01	1.10000000E+01	1.30000000E+01	5.00000000E-10	6.48251715E+00	-1.21298457E+01	5.95394130E+00
-1.17000000E+01	1.10000000E+01	1.30000000E+01	5.00000000E-10	7.24603380E+00	-1.21298457E+01	5.95394130E+00
-5.60000000E+00	1.10000000E+01	1.30000000E+01	5.00000000E-10	7.77294307E+00	-1.21298457E+01	5.95394130E+00
5.00000000E-01	1.10000000E+01	1.30000000E+01	5.00000000E-10	7.94023520E+00	-1.21298457E+01	5.95394130E+00
6.60000000E+00	1.10000000E+01	1.30000000E+01	5.00000000E-10	7.70885495E+00	-1.21298457E+01	5.95394130E+00
1.27000000E+01	1.10000000E+01	1.30000000E+01	5.00000000E-10	7.13281927E+00	-1.21298457E+01	5.95394130E+00
1.88000000E+01	1.10000000E+01	1.30000000E+01	5.00000000E-10	6.34660675E+00	-1.21298457E+01	5.95394130E+00
2.49000000E+01	1.10000000E+01	1.30000000E+01	5.00000000E-10	5.53376287E+00	-1.21298457E+01	5.95394130E+00
-3.00000000E+01	1.82000000E+01	1.30000000E+01	5.00000000E-10	4.86211331E+00	-1.26999912E+01	5.95394130E+00
-2.39000000E+01	1.82000000E+01	1.30000000E+01	5.00000000E-10	5.61065022E+00	-1.26999912E+01	5.95394130E+00
-1.78000000E+01	1.82000000E+01	1.30000000E+01	5.00000000E-10	6.50436873E+00	-1.26999912E+01	5.95394130E+00
-1.17000000E+01	1.82000000E+01	1.30000000E+01	5.00000000E-10	7.33462551E+00	-1.26999912E+01	5.95394130E+00
-5.60000000E+00	1.82000000E+01	1.30000000E+01	5.00000000E-10	7.90759271E+00	-1.26999912E+01	5.95394130E+00
5.00000000E-01	1.82000000E+01	1.30000000E+01	5.00000000E-10	8.08950809E+00	-1.26999912E+01	5.95394130E+00
6.60000000E+00	1.82000000E+01	1.30000000E+01	5.00000000E-10	7.83790255E+00	-1.26999912E+01	5.95394130E+00
1.27000000E+01	1.82000000E+01	1.30000000E+01	5.00000000E-10	7.21151473E+00	-1.26999912E+01	5.95394130E+00
1.88000000E+01	1.82000000E+01	1.30000000E+01	5.00000000E-10	6.35657819E+00	-1.26999912E+01	5.95394130E+00
2.49000000E+01	1.82000000E+01	1.30000000E+01	5.00000000E-10	5.47268241E+00	-1.26999912E+01	5.95394130E+00
-3.00000000E+01	-2.50000000E+01	2.10000000E+01	5.00000000E-10	1.09142367E+01	-1.94373709E+01	6.01141634E+00
-2.39000000E+01	-2.50000000E+01	2.10000000E+01	5.00000000E-10	1.04519786E+01	-1.94373709E+01	6.01141634E+00
-1.78000000E+01	-2.50000000E+01	2.10000000E+01	5.00000000E-10	9.90006388E+00	-1.94373709E+01	6.01141634E+00
-1.17000000E+01	-2.50000000E+01	2.10000000E+01	5.00000000E-10	9.38733983E+00	-1.94373709E+01	6.01141634E+00
-5.60000000E+00	-2.50000000E+01	2.10000000E+01	5.00000000E-10	9.03350464E+00	-1.94373709E+01	6.01141634E+00
5.00000000E-01	-2.50000000E+01	2.10000000E+01	5.00000000E-10	8.92116302E+00	-1.94373709E+01	6.01141634E+00
6.60000000E+00	-2.50000000E+01	2.10000000E+01	5.00000000E-10	9.07654171E+00	-1.94373709E+01	6.01141634E+00
1.27000000E+01	-2.50000000E+01	2.10000000E+01	5.00000000E-10	9.46336674E+00	-1.94373709E+01	6.01141634E+00
1.88000000E+01	-2.50000000E+01	2.10000000E+01	5.00000000E-10	9.99133174E+00	-1.94373709E+01	6.01141634E+00
2.49000000E+01	-2.50000000E+01	2.10000000E+01	5.00000000E-10	1.05371805E+01	-1.94373709E+01	6.01141634E+00
-3.00000000E+01	-1.78000000E+01	2.10000000E+01	5.00000000E-10	1.14512056E+01	-1.99388792E+01	6.01141634E+00
-2.39000000E+01	-1.78000000E+01	2.10000000E+01	5.00000000E-10	1.06956496E+01	-1.99388792E+01	6.01141634E+00
-1.78000000E+01	-1.78000000E+01	2.10000000E+01	5.00000000E-10	9.79355053E+00	-1.99388792E+01	6.01141634E+00
-1.17000000E+01	-1.78000000E+01	2.10000000E+01	5.00000000E-10	8.95550831E+00	-1.99388792E+01	6.01141634E+00
-5.60000000E+00	-1.78000000E+01	2.10000000E+01	5.00000000E-10	8.37716831E+00	-1.99388792E+01	6.01141634E+00
5.00000000E-01	-1.78000000E+01	2.10000000E+01	5.00000000E-10	8.19354708E+00	-1.99388792E+01	6.01141634E+00
6.60000000E+00	-1.78000000E+01	2.10000000E+01	5.00000000E-10	8.44751197E+00	-1.99388792E+01	6.01141634E+00
1.27000000E+01	-1.78000000E+01	2.10000000E+01	5.00000000E-10	9.07977352E+00	-1.99388792E+01	6.01141634E+00
1.88000000E+01	-1.78000000E+01	2.10000000E+01	5.00000000E-10	9.94272692E+00	-1.99388792E+01	6.01141634E+00
2.49000000E+01	-1.78000000E+01	2.10000000E+01	5.00000000E-10	1.08349111E+01	-1.99388792E+01	6.01141634E+00
-3.00000000E+01	-1.06000000E+01	2.10000000E+01	5.00000000E-10	1.13015355E+01	-2.04874200E+01	6.01141634E+00
-2.39000000E+01	-1.06000000E+01	2.10000000E+01	5.00000000E-10	1.06277308E+01	-2.04874200E+01	6.01141634E+00
-1.78000000E+01	-1.06000000E+01	2.10000000E+01	5.00000000E-10	9.82323915E+00	-2.04874200E+01	6.01141634E+00
-1.17000000E+01	-1.06000000E+01	2.10000000E+01	5.00000000E-10	9.07587331E+00	-2.04874200E+01	6.01141634E+00
-5.60000000E+00	-1.06000000E+01	2.10000000E+01	5.00000000E-10	8.56010985E+00	-2.04874200E+01	6.01141634E+00
5.00000000E-01	-1.06000000E+01	2.10000000E+01	5.00000000E-10	8.39635648E+00	-2.04874200E+01	6.01141634E+00
6.60000000E+00	-1.06000000E+01	2.10000000E+01	5.00000000E-10	8.62284230E+00	-2.04874200E+01	6.01141634E+00
1.27000000E+01	-1.06000000E+01	2.10000000E+01	5.00000000E-10	9.18669299E+00	-2.04874200E+01	6.01141634E+00
1.88000000E+01	-1.06000000E+01	2.10000000E+01	5.00000000E-10	9.95627461E+00	-2.04874200E+01	6.01141634E+00
2.49000000E+01	-1.06000000E+01	2.10000000E+01	5.00000000E-10	1.07519243E+01	-2.04874200E+01	6.01141634E+00
-3.00000000E+01	-3.40000000E+00	2.10000000E+01	5.00000000E-10	1.05395209E+01	-2.03787295E+01	6.01141634E+00
-2.39000000E+01	-3.40000000E+00	2.10000000E+01	5.00000000E-10	1.02819365E+01	-2.03787295E+01	6.01141634E+00
-1.78000000E+01	-3.40000000E+00	2.10000000E+01	5.00000000E-10	9.97439263E+00	-2.03787295E+01	6.01141634E+00
-1.17000000E+01	-3.40000000E+00	2.10000000E+01	5.00000000E-10	9.68868701E+00	-2.03787295E+01	6.01141634E+00
-5.60000000E+00	-3.40000000E+00	2.10000000E+01	5.00000000E-10	9.49151916E+00	-2.03787295E+01	6.01141634E+00
5.00000000E-01	-3.40000000E+00	2.10000000E+01	5.00000000E-10	9.42891895E+00	-2.03787295E+01	6.01141634E+00
6.60000000E+00	-3.40000000E+00	2.10000000E+01	5.00000000E-10	9.51550074E+00	-2.03787295E+01	6.01141634E+00
1.27000000E+01	-3.40000000E+00	2.10000000E+01	5.00000000E-10	9.73105154E+00	-2.03787295E+01	6.01141634E+00
1.88000000E+01	-3.40000000E+00	2.10000000E+01	5.00000000E-10	1.00252499E+01	-2.03787295E+01	6.01141634E+00
2.49000000E+01	-3.40000000E+00	2.10000000E+01	5.00000000E-10	1.03294136E+01	-2.03787295E+01	6.01141634E+00
-3.00000000E+01	3.80000000E+00	2.10000000E+01	5.00000000E-10	9.54341711E+00	-1.98693257E+01	6.01141634E+00
-2.39000000E+01	3.80000000E+00	2.10000000E+01	5.00000000E-10	9.82991494E+00	-1.98693257E+01	6.01141634E+00
-1.78000000E+01	3.80000000E+00	2.10000000E+01	5.00000000E-10	1.01719801E+01	-1.98693257E+01	6.01141634E+00
-1.17000000E+01	3.80000000E+00	2.10000000E+01	5.00000000E-10	1.04897557E+01	-1.98693257E+01	6.01141634E+00
-5.60000000E+00	3.80000000E+00	2.10000000E+01	5.00000000E-10	1.07090553E+01	-1.98693257E+01	6.01141634E+00
5.00000000E-01	3.80000000E+00	2.10000000E+01	5.00000000E-10	1.07786823E+01	-1.98693257E+01	6.01141634E+00
6.60000000E+00	3.80000000E+00	2.10000000E+01	5.00000000E-10	1.06823819E+01	-1.98693257E+01	6.01141634E+00
1.27000000E+01	3.80000000E+00	2.10000000E+01	5.00000000E-10	1.04426358E+01	-1.98693257E+01	6.01141634E+00
1.88000000E+01	3.80000000E+00	2.10000000E+01	5.00000000E-10	1.01154142E+01	-1.98693257E+01	6.01141634E+00
2.49000000E+01	3.80000000E+00	2.10000000E+01	5.00000000E-10	9.77710862E+00	-1.98693257E+01	6.01141634E+00
-3.00000000E+01	1.10000000E+01	2.10000000E+01	5.00000000E-10	8.80767863E+00	-1.98006543E+01	6.01141634E+00
-2.39000000E+01	1.10000000E+01	2.10000000E+01	5.00000000E-10	9.49604445E+00	-1.98006543E+01	6.01141634E+00
-1.78000000E+01	1.10000000E+01	2.10000000E+01	5.00000000E-10	1.03179215E+01	-1.98006543E+01	6.01141634E+00
-1.17000000E+01	1.10000000E+01	2.10000000E+01	5.00000000E-10	1.10814381E+01	-1.98006543E+01	6.01141634E+00
-5.60000000E+00	1.10000000E+01	2.10000000E+01	5.00000000E-10	1.16083474E+01	-1.98006543E+01	6.01141634E+00
5.00000000E-01	1.10000000E+01	2.10000000E+01	5.00000000E-10	1.17756395E+01	-1.98006543E+01	6.01141634E+00
6.60000000E+00	1.10000000E+01	2.10000000E+01	5.00000000E-10	1.15442593E+01	-1.98006543E+01	6.01141634E+00
1.27000000E+01	1.10000000E+01	2.10000000E+01	5.00000000E-10	1.09682236E+01	-1.98006543E+01	6.01141634E+00
1.88000000E+01	1.10000000E+01	2.10000000E+01	5.00000000E-10	1.01820111E+01	-1.98006543E+01	6.01141634E+00
2.49000000E+01	1.10000000E+01	2.10000000E+01	5.00000000E-10	9.36916717E+00	-1.98006543E+01	6.01141634E+00
-3.00000000E+01	1.82000000E+01	2.10000000E+01	5.00000000E-10	8.69751762E+00	-2.03707998E+01	6.01141634E+00
-2.39000000E+01	1.82000000E+01	2.10000000E+01	5.00000000E-10	9.44605453E+00	-2.03707998E+01	6.01141634E+00
-1.78000000E+01	1.82000000E+01	2.10000000E+01	5.00000000E-10	1.03397730E+01	-2.03707998E+01	6.01141634E+00
-1.17000000E+01	1.82000000E+01	2.10000000E+01	5.00000000E-10	1.11700298E+01	-2.03707998E+01	6.01141634E+00
-5.60000000E+00	1.82000000E+01	2.10000000E+01	5.00000000E-10	1.17429970E+01	-2.03707998E+01	6.01141634E+00
5.00000000E-01	1.82000000E+01	2.10000000E+01	5.00000000E-10	1.19249124E+01	-2.03707998E+01	6.01141634E+00
6.60000000E+00	1.82000000E+01	2.10000000E+01	5.00000000E-10	1.16733069E+01	-2.03707998E+01	6.01141634E+00
1.27000000E+01	1.82000000E+01	2.10000000E+01	5.00000000E-10	1.10469190E+01	-2.03707998E+01	6.01141634E+00
1.88000000E+01	1.82000000E+01	2.10000000E+01	5.00000000E-10	1.01919825E+01	-2.03707998E+01	6.01141634E+00
2.49000000E+01	1.82000000E+01	2.10000000E+01	5.00000000E-10	9.30808672E+00	-2.03707998E+01	6.01141634E+00
-3.00000000E+01	-2.50000000E+01	2.90000000E+01	5.00000000E-10	1.47496410E+01	-2.71081795E+01	2.01046926E+00
-2.39000000E+01	-2.50000000E+01	2.90000000E+01	5.00000000E-10	1.42873829E+01	-2.71081795E+01	2.01046926E+00
-1.78000000E+01	-2.50000000E+01	2.90000000E+01	5.00000000E-10	1.37354682E+01	-2.71081795E+01	2.01046926E+00
-1.17000000E+01	-2.50000000E+01	2.90000000E+01	5.00000000E-10	1.32227441E+01	-2.71081795E+01	2.01046926E+00
-5.60000000E+00	-2.50000000E+01	2.90000000E+01	5.00000000E-10	1.28689090E+01	-2.71081795E+01	2.01046926E+00
5.00000000E-01	-2.50000000E+01	2.90000000E+01	5.00000000E-10	1.27565673E+01	-2.71081795E+01	2.01046926E+00
6.60000000E+00	-2.50000000E+01	2.90000000E+01	5.00000000E-10	1.29119460E+01	-2.71081795E+01	2.01046926E+00
1.27000000E+01	-2.50000000E+01	2.90000000E+01	5.00000000E-10	1.32987710E+01	-2.71081795E+01	2.01046926E+00
1.88000000E+01	-2.50000000E+01	2.90000000E+01	5.00000000E-10	1.38267360E+01	-2.71081795E+01	2.01046926E+00
2.49000000E+01	-2.50000000E+01	2.90000000E+01	5.00000000E-10	1.43725848E+01	-2.71081795E+01	2.01046926E+00
-3.00000000E+01	-1.78000000E+01	2.90000000E+01	5.00000000E-10	1.52866099E+01	-2.76096878E+01	2.01046926E+00
-2.39000000E+01	-1.78000000E+01	2.90000000E+01	5.00000000E-10	1.45310539E+01	-2.76096878E+01	2.01046926E+00
-1.78000000E+01	-1.78000000E+01	2.90000000E+01	5.00000000E-10	1.36289548E+01	-2.76096878E+01	2.01046926E+00
-1.17000000E+01	-1.78000000E+01	2.90000000E+01	5.00000000E-10	1.27909126E+01	-2.76096878E+01	2.01046926E+00
-5.60000000E+00	-1.78000000E+01	2.90000000E+01	5.00000000E-10	1.22125726E+01	-2.76096878E+01	2.01046926E+00
5.00000000E-01	-1.78000000E+01	2.90000000E+01	5.00000000E-10	1.20289514E+01	-2.76096878E+01	2.01046926E+00
6.60000000E+00	-1.78000000E+01	2.90000000E+01	5.00000000E-10	1.22829163E+01	-2.76096878E+01	2.01046926E+00
1.27000000E+01	-1.78000000E+01	2.90000000E+01	5.00000000E-10	1.29151778E+01	-2.76096878E+01	2.01046926E+00
1.88000000E+01	-1.78000000E+01	2.90000000E+01	5.00000000E-10	1.37781312E+01	-2.76096878E+01	2.01046926E+00
2.49000000E+01	-1.78000000E+01	2.90000000E+01	5.00000000E-10	1.46703154E+01	-2.76096878E+01	2.01046926E+00
-3.00000000E+01	-1.06000000E+01	2.90000000E+01	5.00000000E-10	1.51369398E+01	-2.81582286E+01	2.01046926E+00
-2.39000000E+01	-1.06000000E+01	2.90000000E+01	5.00000000E-10	1.44631351E+01	-2.81582286E+01	2.01046926E+00
-1.78000000E+01	-1.06000000E+01	2.90000000E+01	5.00000000E-10	1.36586435E+01	-2.81582286E+01	2.01046926E+00
-1.17000000E+01	-1.06000000E+01	2.90000000E+01	5.00000000E-10	1.29112776E+01	-2.81582286E+01	2.01046926E+00
-5.60000000E+00	-1.06000000E+01	2.90000000E+01	5.00000000E-10	1.23955142E+01	-2.81582286E+01	2.01046926E+00
5.00000000E-01	-1.06000000E+01	2.90000000E+01	5.00000000E-10	1.22317608E+01	-2.81582286E+01	2.01046926E+00
6.60000000E+00	-1.06000000E+01	2.90000000E+01	5.00000000E-10	1.24582466E+01	-2.81582286E+01	2.01046926E+00
1.27000000E+01	-1.06000000E+01	2.90000000E+01	5.00000000E-10	1.30220973E+01	-2.81582286E+01	2.01046926E+00
1.88000000E+01	-1.06000000E+01	2.90000000E+01	5.00000000E-10	1.37916789E+01	-2.81582286E+01	2.01046926E+00
2.49000000E+01	-1.06000000E+01	2.90000000E+01	5.00000000E-10	1.45873286E+01	-2.81582286E+01	2.01046926E+00
-3.00000000E+01	-3.40000000E+00	2.90000000E+01	5.00000000E-10	1.43749252E+01	-2.80495381E+01	2.01046926E+00
-2.39000000E+01	-3.40000000E+00	2.90000000E+01	5.00000000E-10	1.41173408E+01	-2.80495381E+01	2.01046926E+00
-1.78000000E+01	-3.40000000E+00	2.90000000E+01	5.00000000E-10	1.38097969E+01	-2.80495381E+01	2.01046926E+00
-1.17000000E+01	-3.40000000E+00	2.90000000E+01	5.00000000E-10	1.35240913E+01	-2.80495381E+01	2.01046926E+00
-5.60000000E+00	-3.40000000E+00	2.90000000E+01	5.00000000E-10	1.33269235E+01	-2.80495381E+01	2.01046926E+00
5.00000000E-01	-3.40000000E+00	2.90000000E+01	5.00000000E-10	1.32643233E+01	-2.80495381E+01	2.01046926E+00
6.60000000E+00	-3.40000000E+00	2.90000000E+01	5.00000000E-10	1.33509050E+01	-2.80495381E+01	2.01046926E+00
1.27000000E+01	-3.40000000E+00	2.90000000E+01	5.00000000E-10	1.35664559E+01	-2.80495381E+01	2.01046926E+00
1.88000000E+01	-3.40000000E+00	2.90000000E+01	5.00000000E-10	1.38606542E+01	-2.80495381E+01	2.01046926E+00
2.49000000E+01	-3.40000000E+00	2.90000000E+01	5.00000000E-10	1.41648179E+01	-2.80495381E+01	2.01046926E+00
-3.00000000E+01	3.80000000E+00	2.90000000E+01	5.00000000E-10	1.33788214E+01	-2.75401343E+01	2.01046926E+00
-2.39000000E+01	3.80000000E+00	2.90000000E+01	5.00000000E-10	1.36653192E+01	-2.75401343E+01	2.01046926E+00
-1.78000000E+01	3.80000000E+00	2.90000000E+01	5.00000000E-10	1.40073844E+01	-2.75401343E+01	2.01046926E+00
-1.17000000E+01	3.80000000E+00	2.90000000E+01	5.00000000E-10	1.43251600E+01	-2.75401343E+01	2.01046926E+00
-5.60000000E+00	3.80000000E+00	2.90000000E+01	5.00000000E-10	1.45444596E+01	-2.75401343E+01	2.01046926E+00
5.00000000E-01	3.80000000E+00	2.90000000E+01	5.00000000E-10	1.46140866E+01	-2.75401343E+01	2.01046926E+00
6.60000000E+00	3.80000000E+00	2.90000000E+01	5.00000000E-10	1.45177862E+01	-2.75401343E+01	2.01046926E+00
1.27000000E+01	3.80000000E+00	2.90000000E+01	5.00000000E-10	1.42780401E+01	-2.75401343E+01	2.01046926E+00
1.88000000E+01	3.80000000E+00	2.90000000E+01	5.00000000E-10	1.39508185E+01	-2.75401343E+01	2.01046926E+00
2.49000000E+01	3.80000000E+00	2.90000000E+01	5.00000000E-10	1.36125129E+01	-2.75401343E+01	2.01046926E+00
-3.00000000E+01	1.10000000E+01	2.90000000E+01	5.00000000E-10	1.26430829E+01	-2.74714629E+01	2.01046926E+00
-2.39000000E+01	1.10000000E+01	2.90000000E+01	5.00000000E-10	1.33314488E+01	-2.74714629E+01	2.01046926E+00
-1.78000000E+01	1.10000000E+01	2.90000000E+01	5.00000000E-10	1.41533258E+01	-2.74714629E+01	2.01046926E+00
-1.17000000E+01	1.10000000E+01	2.90000000E+01	5.00000000E-10	1.49168424E+01	-2.74714629E+01	2.01046926E+00
-5.60000000E+00	1.10000000E+01	2.90000000E+01	5.00000000E-10	1.54437517E+01	-2.74714629E+01	2.01046926E+00
5.00000000E-01	1.10000000E+01	2.90000000E+01	5.00000000E-10	1.56110438E+01	-2.74714629E+01	2.01046926E+00
6.60000000E+00	1.10000000E+01	2.90000000E+01	5.00000000E-10	1.53796636E+01	-2.74714629E+01	2.01046926E+00
1.27000000E+01	1.10000000E+01	2.90000000E+01	5.00000000E-10	1.48036279E+01	-2.74714629E+01	2.01046926E+00
1.88000000E+01	1.10000000E+01	2.90000000E+01	5.00000000E-10	1.40174154E+01	-2.74714629E+01	2.01046926E+00
2.49000000E+01	1.10000000E+01	2.90000000E+01	5.00000000E-10	1.32045715E+01	-2.74714629E+01	2.01046926E+00
-3.00000000E+01	1.82000000E+01	2.90000000E+01	5.00000000E-10	1.25329219E+01	-2.80416084E+01	2.01046926E+00
-2.39000000E+01	1.82000000E+01	2.90000000E+01	5.00000000E-10	1.32814588E+01	-2.80416084E+01	2.01046926E+00
-1.78000000E+01	1.82000000E+01	2.90000000E+01	5.00000000E-10	1.41751773E+01	-2.80416084E+01	2.01046926E+00
-1.17000000E+01	1.82000000E+01	2.90000000E+01	5.00000000E-10	1.50054341E+01	-2.80416084E+01	2.01046926E+00
-5.60000000E+00	1.82000000E+01	2.90000000E+01	5.00000000E-10	1.55784013E+01	-2.80416084E+01	2.01046926E+00
5.00000000E-01	1.82000000E+01	2.90000000E+01	5.00000000E-10	1.57603167E+01	-2.80416084E+01	2.01046926E+00
6.60000000E+00	1.82000000E+01	2.90000000E+01	5.00000000E-10	1.55087112E+01	-2.80416084E+01	2.01046926E+00
1.27000000E+01	1.82000000E+01	2.90000000E+01	5.00000000E-10	1.48823233E+01	-2.80416084E+01	2.01046926E+00
1.88000000E+01	1.82000000E+01	2.90000000E+01	5.00000000E-10	1.40273868E+01	-2.80416084E+01	2.01046926E+00
2.49000000E+01	1.82000000E+01	2.90000000E+01	5.00000000E-10	1.31434910E+01	-2.80416084E+01	2.01046926E+00
-3.00000000E+01	-2.50000000E+01	-3.50000000E+01	1.00000000E-09	-2.79660876E+01	6.01289548E+01	6.29953313E+00
-2.39000000E+01	-2.50000000E+01	-3.50000000E+01	1.00000000E-09	-2.87774268E+01	6.01289548E+01	6.29953313E+00
-1.78000000E+01	-2.50000000E+01	-3.50000000E+01	1.00000000E-09	-2.97461283E+01	6.01289548E+01	6.29953313E+00
-1.17000000E+01	-2.50000000E+01	-3.50000000E+01	1.00000000E-09	-3.06460437E+01	6.01289548E+01	6.29953313E+00
-5.60000000E+00	-2.50000000E+01	-3.50000000E+01	1.00000000E-09	-3.12670829E+01	6.01289548E+01	6.29953313E+00
5.00000000E-01	-2.50000000E+01	-3.50000000E+01	1.00000000E-09	-3.14642610E+01	6.01289548E+01	6.29953313E+00
6.60000000E+00	-2.50000000E+01	-3.50000000E+01	1.00000000E-09	-3.11915457E+01	6.01289548E+01	6.29953313E+00
1.27000000E+01	-2.50000000E+01	-3.50000000E+01	1.00000000E-09	-3.05126039E+01	6.01289548E+01	6.29953313E+00
1.88000000E+01	-2.50000000E+01	-3.50000000E+01	1.00000000E-09	-2.95859381E+01	6.01289548E+01	6.29953313E+00
2.49000000E+01	-2.50000000E+01	-3.50000000E+01	1.00000000E-09	-2.86278835E+01	6.01289548E+01	6.29953313E+00
-3.00000000E+01	-1.78000000E+01	-3.50000000E+01	1.00000000E-09	-2.70236184E+01	5.92487249E+01	6.29953313E+00
-2.39000000E+01	-1.78000000E+01	-3.50000000E+01	1.00000000E-09	-2.83497440E+01	5.92487249E+01	6.29953313E+00
-1.78000000E+01	-1.78000000E+01	-3.50000000E+01	1.00000000E-09	-2.99330768E+01	5.92487249E+01	6.29953313E+00
-1.17000000E+01	-1.78000000E+01	-3.50000000E+01	1.00000000E-09	-3.14039793E+01	5.92487249E+01	6.29953313E+00
-5.60000000E+00	-1.78000000E+01	-3.50000000E+01	1.00000000E-09	-3.24190615E+01	5.92487249E+01	6.29953313E+00
5.00000000E-01	-1.78000000E+01	-3.50000000E+01	1.00000000E-09	-3.27413471E+01	5.92487249E+01	6.29953313E+00
6.60000000E+00	-1.78000000E+01	-3.50000000E+01	1.00000000E-09	-3.22955968E+01	5.92487249E+01	6.29953313E+00
1.27000000E+01	-1.78000000E+01	-3.50000000E+01	1.00000000E-09	-3.11858733E+01	5.92487249E+01	6.29953313E+00
1.88000000E+01	-1.78000000E+01	-3.50000000E+01	1.00000000E-09	-2.96712476E+01	5.92487249E+01	6.29953313E+00
2.49000000E+01	-1.78000000E+01	-3.50000000E+01	1.00000000E-09	-2.81053170E+01	5.92487249E+01	6.29953313E+00
-3.00000000E+01	-1.06000000E+01	-3.50000000E+01	1.00000000E-09	-2.72863142E+01	5.82859452E+01	6.29953313E+00
-2.39000000E+01	-1.06000000E+01	-3.50000000E+01	1.00000000E-09	-2.84689526E+01	5.82859452E+01	6.29953313E+00
-1.78000000E+01	-1.06000000E+01	-3.50000000E+01	1.00000000E-09	-2.98809684E+01	5.82859452E+01	6.29953313E+00
-1.17000000E+01	-1.06000000E+01	-3.50000000E+01	1.00000000E-09	-3.11927189E+01	5.82859452E+01	6.29953313E+00
-5.60000000E+00	-1.06000000E+01	-3.50000000E+01	1.00000000E-09	-3.20979689E+01	5.82859452E+01	6.29953313E+00
5.00000000E-01	-1.06000000E+01	-3.50000000E+01	1.00000000E-09	-3.23853831E+01	5.82859452E+01	6.29953313E+00
6.60000000E+00	-1.06000000E+01	-3.50000000E+01	1.00000000E-09	-3.19878631E+01	5.82859452E+01	6.29953313E+00
1.27000000E+01	-1.06000000E+01	-3.50000000E+01	1.00000000E-09	-3.09982120E+01	5.82859452E+01	6.29953313E+00
1.88000000E+01	-1.06000000E+01	-3.50000000E+01	1.00000000E-09	-2.96474692E+01	5.82859452E+01	6.29953313E+00
2.49000000E+01	-1.06000000E+01	-3.50000000E+01	1.00000000E-09	-2.82509727E+01	5.82859452E+01	6.29953313E+00
-3.00000000E+01	-3.40000000E+00	-3.50000000E+01	1.00000000E-09	-2.86237756E+01	5.84767151E+01	6.29953313E+00
-2.39000000E+01	-3.40000000E+00	-3.50000000E+01	1.00000000E-09	-2.90758788E+01	5.84767151E+01	6.29953313E+00
-1.78000000E+01	-3.40000000E+00	-3.50000000E+01	1.00000000E-09	-2.96156691E+01	5.84767151E+01	6.29953313E+00
-1.17000000E+01	-3.40000000E+00	-3.50000000E+01	1.00000000E-09	-3.01171296E+01	5.84767151E+01	6.29953313E+00
-5.60000000E+00	-3.40000000E+00	-3.50000000E+01	1.00000000E-09	-3.04631918E+01	5.84767151E+01	6.29953313E+00
5.00000000E-01	-3.40000000E+00	-3.50000000E+01	1.00000000E-09	-3.05730655E+01	5.84767151E+01	6.29953313E+00
6.60000000E+00	-3.40000000E+00	-3.50000000E+01	1.00000000E-09	-3.04211001E+01	5.84767151E+01	6.29953313E+00
1.27000000E+01	-3.40000000E+00	-3.50000000E+01	1.00000000E-09	-3.00427729E+01	5.84767151E+01	6.29953313E+00
1.88000000E+01	-3.40000000E+00	-3.50000000E+01	1.00000000E-09	-2.95264062E+01	5.84767151E+01	6.29953313E+00
2.49000000E+01	-3.40000000E+00	-3.50000000E+01	1.00000000E-09	-2.89925486E+01	5.84767151E+01	6.29953313E+00
-3.00000000E+01	3.80000000E+00	-3.50000000E+01	1.00000000E-09	-3.03721023E+01	5.93708028E+01	6.29953313E+00
-2.39000000E+01	3.80000000E+00	-3.50000000E+01	1.00000000E-09	-2.98692513E+01	5.93708028E+01	6.29953313E+00
-1.78000000E+01	3.80000000E+00	-3.50000000E+01	1.00000000E-09	-2.92688704E+01	5.93708028E+01	6.29953313E+00
-1.17000000E+01	3.80000000E+00	-3.50000000E+01	1.00000000E-09	-2.87111218E+01	5.93708028E+01	6.29953313E+00
-5.60000000E+00	3.80000000E+00	-3.50000000E+01	1.00000000E-09	-2.83262147E+01	5.93708028E+01	6.29953313E+00
5.00000000E-01	3.80000000E+00	-3.50000000E+01	1.00000000E-09	-2.82040079E+01	5.93708028E+01	6.29953313E+00
6.60000000E+00	3.80000000E+00	-3.50000000E+01	1.00000000E-09	-2.83730311E+01	5.93708028E+01	6.29953313E+00
1.27000000E+01	3.80000000E+00	-3.50000000E+01	1.00000000E-09	-2.87938249E+01	5.93708028E+01	6.29953313E+00
1.88000000E+01	3.80000000E+00	-3.50000000E+01	1.00000000E-09	-2.93681529E+01	5.93708028E+01	6.29953313E+00
2.49000000E+01	3.80000000E+00	-3.50000000E+01	1.00000000E-09	-2.99619351E+01	5.93708028E+01	6.29953313E+00
-3.00000000E+01	1.10000000E+01	-3.50000000E+01	1.00000000E-09	-3.16634448E+01	5.94913325E+01	6.29953313E+00
-2.39000000E+01	1.10000000E+01	-3.50000000E+01	1.00000000E-09	-3.04552491E+01	5.94913325E+01	6.29953313E+00
-1.78000000E+01	1.10000000E+01	-3.50000000E+01	1.00000000E-09	-2.90127193E+01	5.94913325E+01	6.29953313E+00
-1.17000000E+01	1.10000000E+01	-3.50000000E+01	1.00000000E-09	-2.76726215E+01	5.94913325E+01	6.29953313E+00
-5.60000000E+00	1.10000000E+01	-3.50000000E+01	1.00000000E-09	-2.67478087E+01	5.94913325E+01	6.29953313E+00
5.00000000E-01	1.10000000E+01	-3.50000000E+01	1.00000000E-09	-2.64541834E+01	5.94913325E+01	6.29953313E+00
6.60000000E+00	1.10000000E+01	-3.50000000E+01	1.00000000E-09	-2.68602939E+01	5.94913325E+01	6.29953313E+00
1.27000000E+01	1.10000000E+01	-3.50000000E+01	1.00000000E-09	-2.78713317E+01	5.94913325E+01	6.29953313E+00
1.88000000E+01	1.10000000E+01	-3.50000000E+01	1.00000000E-09	-2.92512645E+01	5.94913325E+01	6.29953313E+00
2.49000000E+01	1.10000000E+01	-3.50000000E+01	1.00000000E-09	-3.06779397E+01	5.94913325E+01	6.29953313E+00
-3.00000000E+01	1.82000000E+01	-3.50000000E+01	1.00000000E-09	-3.18567956E+01	5.84906330E+01	6.29953313E+00
-2.39000000E+01	1.82000000E+01	-3.50000000E+01	1.00000000E-09	-3.05429897E+01	5.84906330E+01	6.29953313E+00
-1.78000000E+01	1.82000000E+01	-3.50000000E+01	1.00000000E-09	-2.89743661E+01	5.84906330E+01	6.29953313E+00
-1.17000000E+01	1.82000000E+01	-3.50000000E+01	1.00000000E-09	-2.75171284E+01	5.84906330E+01	6.29953313E+00
-5.60000000E+00	1.82000000E+01	-3.50000000E+01	1.00000000E-09	-2.65114763E+01	5.84906330E+01	6.29953313E+00
5.00000000E-01	1.82000000E+01	-3.50000000E+01	1.00000000E-09	-2.61921848E+01	5.84906330E+01	6.29953313E+00
6.60000000E+00	1.82000000E+01	-3.50000000E+01	1.00000000E-09	-2.66337941E+01	5.84906330E+01	6.29953313E+00
1.27000000E+01	1.82000000E+01	-3.50000000E+01	1.00000000E-09	-2.77332081E+01	5.84906330E+01	6.29953313E+00
1.88000000E+01	1.82000000E+01	-3.50000000E+01	1.00000000E-09	-2.92337629E+01	5.84906330E+01	6.29953313E+00
2.49000000E+01	1.82000000E+01	-3.50000000E+01	1.00000000E-09	-3.07851460E+01	5.84906330E+01	6.29953313E+00
-3.00000000E+01	-2.50000000E+01	-2.70000000E+01	1.00000000E-09	-2.12343197E+01	4.66654191E+01	-5.97092383E+00
-2.39000000E+01	-2.50000000E+01	-2.70000000E+01	1.00000000E-09	-2.20456589E+01	4.66654191E+01	-5.97092383E+00
-1.78000000E+01	-2.50000000E+01	-2.70000000E+01	1.00000000E-09	-2.30143604E+01	4.66654191E+01	-5.97092383E+00
-1.17000000E+01	-2.50000000E+01	-2.70000000E+01	1.00000000E-09	-2.39142758E+01	4.66654191E+01	-5.97092383E+00
-5.60000000E+00	-2.50000000E+01	-2.70000000E+01	1.00000000E-09	-2.45353150E+01	4.66654191E+01	-5.97092383E+00
5.00000000E-01	-2.50000000E+01	-2.70000000E+01	1.00000000E-09	-2.47324931E+01	4.66654191E+01	-5.97092383E+00
6.60000000E+00	-2.50000000E+01	-2.70000000E+01	1.00000000E-09	-2.44597778E+01	4.66654191E+01	-5.97092383E+00
1.27000000E+01	-2.50000000E+01	-2.70000000E+01	1.00000000E-09	-2.37808360E+01	4.66654191E+01	-5.97092383E+00
1.88000000E+01	-2.50000000E+01	-2.70000000E+01	1.00000000E-09	-2.28541703E+01	4.66654191E+01	-5.97092383E+00
2.49000000E+01	-2.50000000E+01	-2.70000000E+01	1.00000000E-09	-2.18961156E+01	4.66654191E+01	-5.97092383E+00
-3.00000000E+01	-1.78000000E+01	-2.70000000E+01	1.00000000E-09	-2.02918505E+01	4.57851891E+01	-5.97092383E+00
-2.39000000E+01	-1.78000000E+01	-2.70000000E+01	1.00000000E-09	-2.16179762E+01	4.57851891E+01	-5.97092383E+00
-1.78000000E+01	-1.78000000E+01	-2.70000000E+01	1.00000000E-09	-2.32013089E+01	4.57851891E+01	-5.97092383E+00
-1.17000000E+01	-1.78000000E+01	-2.70000000E+01	1.00000000E-09	-2.46722114E+01	4.57851891E+01	-5.97092383E+00
-5.60000000E+00	-1.78000000E+01	-2.70000000E+01	1.00000000E-09	-2.56872936E+01	4.57851891E+01	-5.97092383E+00
5.00000000E-01	-1.78000000E+01	-2.70000000E+01	1.00000000E-09	-2.60095792E+01	4.57851891E+01	-5.97092383E+00
6.60000000E+00	-1.78000000E+01	-2.70000000E+01	1.00000000E-09	-2.55638289E+01	4.57851891E+01	-5.97092383E+00
1.27000000E+01	-1.78000000E+01	-2.70000000E+01	1.00000000E-09	-2.44541055E+01	4.57851891E+01	-5.97092383E+00
1.88000000E+01	-1.78000000E+01	-2.70000000E+01	1.00000000E-09	-2.29394797E+01	4.57851891E+01	-5.97092383E+00
2.49000000E+01	-1.78000000E+01	-2.70000000E+01	1.00000000E-09	-2.13735491E+01	4.57851891E+01	-5.97092383E+00
-3.00000000E+01	-1.06000000E+01	-2.70000000E+01	1.00000000E-09	-2.05545463E+01	4.48224095E+01	-5.97092383E+00
-2.39000000E+01	-1.06000000E+01	-2.70000000E+01	1.00000000E-09	-2.17371848E+01	4.48224095E+01	-5.97092383E+00
-1.78000000E+01	-1.06000000E+01	-2.70000000E+01	1.00000000E-09	-2.31492005E+01	4.48224095E+01	-5.97092383E+00
-1.17000000E+01	-1.06000000E+01	-2.70000000E+01	1.00000000E-09	-2.44609510E+01	4.48224095E+01	-5.97092383E+00
-5.60000000E+00	-1.06000000E+01	-2.70000000E+01	1.00000000E-09	-2.53662010E+01	4.48224095E+01	-5.97092383E+00
5.00000000E-01	-1.06000000E+01	-2.70000000E+01	1.00000000E-09	-2.56536152E+01	4.48224095E+01	-5.97092383E+00
6.60000000E+00	-1.06000000E+01	-2.70000000E+01	1.00000000E-09	-2.52560952E+01	4.48224095E+01	-5.97092383E+00
1.27000000E+01	-1.06000000E+01	-2.70000000E+01	1.00000000E-09	-2.42664441E+01	4.48224095E+01	-5.97092383E+00
1.88000000E+01	-1.06000000E+01	-2.70000000E+01	1.00000000E-09	-2.29157013E+01	4.48224095E+01	-5.97092383E+00
2.49000000E+01	-1.06000000E+01	-2.70000000E+01	1.00000000E-09	-2.15192048E+01	4.48224095E+01	-5.97092383E+00
-3.00000000E+01	-3.40000000E+00	-2.70000000E+01	1.00000000E-09	-2.18920077E+01	4.50131793E+01	-5.97092383E+00
-2.39000000E+01	-3.40000000E+00	-2.70000000E+01	1.00000000E-09	-2.23441109E+01	4.50131793E+01	-5.97092383E+00
-1.78000000E+01	-3.40000000E+00	-2.70000000E+01	1.00000000E-09	-2.28839012E+01	4.50131793E+01	-5.97092383E+00
-1.17000000E+01	-3.40000000E+00	-2.70000000E+01	1.00000000E-09	-2.33853617E+01	4.50131793E+01	-5.97092383E+00
-5.60000000E+00	-3.40000000E+00	-2.70000000E+01	1.00000000E-09	-2.37314239E+01	4.50131793E+01	-5.97092383E+00
5.00000000E-01	-3.40000000E+00	-2.70000000E+01	1.00000000E-09	-2.38412976E+01	4.50131793E+01	-5.97092383E+00
6.60000000E+00	-3.40000000E+00	-2.70000000E+01	1.00000000E-09	-2.36893322E+01	4.50131793E+01	-5.97092383E+00
1.27000000E+01	-3.40000000E+00	-2.70000000E+01	1.00000000E-09	-2.33110050E+01	4.50131793E+01	-5.97092383E+00
1.88000000E+01	-3.40000000E+00	-2.70000000E+01	1.00000000E-09	-2.27946383E+01	4.50131793E+01	-5.97092383E+00
2.49000000E+01	-3.40000000E+00	-2.70000000E+01	1.00000000E-09	-2.22607808E+01	4.50131793E+01	-5.97092383E+00
-3.00000000E+01	3.80000000E+00	-2.70000000E+01	1.00000000E-09	-2.36403344E+01	4.59072670E+01	-5.97092383E+00
-2.39000000E+01	3.80000000E+00	-2.70000000E+01	1.00000000E-09	-2.31374834E+01	4.59072670E+01	-5.97092383E+00
-1.78000000E+01	3.80000000E+00	-2.70000000E+01	1.00000000E-09	-2.25371025E+01	4.59072670E+01	-5.97092383E+00
-1.17000000E+01	3.80000000E+00	-2.70000000E+01	1.00000000E-09	-2.19793539E+01	4.59072670E+01	-5.97092383E+00
-5.60000000E+00	3.80000000E+00	-2.70000000E+01	1.00000000E-09	-2.15944468E+01	4.59072670E+01	-5.97092383E+00
5.00000000E-01	3.80000000E+00	-2.70000000E+01	1.00000000E-09	-2.14722400E+01	4.59072670E+01	-5.97092383E+00
6.60000000E+00	3.80000000E+00	-2.70000000E+01	1.00000000E-09	-2.16412632E+01	4.59072670E+01	-5.97092383E+00
1.27000000E+01	3.80000000E+00	-2.70000000E+01	1.00000000E-09	-2.20620570E+01	4.59072670E+01	-5.97092383E+00
1.88000000E+01	3.80000000E+00	-2.70000000E+01	1.00000000E-09	-2.26363850E+01	4.59072670E+01	-5.97092383E+00
2.49000000E+01	3.80000000E+00	-2.70000000E+01	1.00000000E-09	-2.32301672E+01	4.59072670E+01	-5.97092383E+00
-3.00000000E+01	1.10000000E+01	-2.70000000E+01	1.00000000E-09	-2.49316769E+01	4.60277967E+01	-5.97092383E+00
-2.39000000E+01	1.10000000E+01	-2.70000000E+01	1.00000000E-09	-2.37234812E+01	4.60277967E+01	-5.97092383E+00
-1.78000000E+01	1.10000000E+01	-2.70000000E+01	1.00000000E-09	-2.22809514E+01	4.60277967E+01	-5.97092383E+00
-1.17000000E+01	1.10000000E+01	-2.70000000E+01	1.00000000E-09	-2.09408536E+01	4.60277967E+01	-5.97092383E+00
-5.60000000E+00	1.10000000E+01	-2.70000000E+01	1.00000000E-09	-2.00160408E+01	4.60277967E+01	-5.97092383E+00
5.00000000E-01	1.10000000E+01	-2.70000000E+01	1.00000000E-09	-1.97224155E+01	4.60277967E+01	-5.97092383E+00
6.60000000E+00	1.10000000E+01	-2.70000000E+01	1.00000000E-09	-2.01285260E+01	4.60277967E+01	-5.97092383E+00
1.27000000E+01	1.10000000E+01	-2.70000000E+01	1.00000000E-09	-2.11395638E+01	4.60277967E+01	-5.97092383E+00
1.88000000E+01	1.10000000E+01	-2.70000000E+01	1.00000000E-09	-2.25194966E+01	4.60277967E+01	-5.97092383E+00
2.49000000E+01	1.10000000E+01	-2.70000000E+01	1.00000000E-09	-2.39461718E+01	4.60277967E+01	-5.97092383E+00
-3.00000000E+01	1.82000000E+01	-2.70000000E+01	1.00000000E-09	-2.51250277E+01	4.50270972E+01	-5.97092383E+00
-2.39000000E+01	1.82000000E+01	-2.70000000E+01	1.00000000E-09	-2.38112218E+01	4.50270972E+01	-5.97092383E+00
-1.78000000E+01	1.82000000E+01	-2.70000000E+01	1.00000000E-09	-2.22425983E+01	4.50270972E+01	-5.97092383E+00
-1.17000000E+01	1.82000000E+01	-2.70000000E+01	1.00000000E-09	-2.07853605E+01	4.50270972E+01	-5.97092383E+00
-5.60000000E+00	1.82000000E+01	-2.70000000E+01	1.00000000E-09	-1.97797085E+01	4.50270972E+01	-5.97092383E+00
5.00000000E-01	1.82000000E+01	-2.70000000E+01	1.00000000E-09	-1.94604169E+01	4.50270972E+01	-5.97092383E+00
6.60000000E+00	1.82000000E+01	-2.70000000E+01	1.00000000E-09	-1.99020262E+01	4.50270972E+01	-5.97092383E+00
1.27000000E+01	1.82000000E+01	-2.70000000E+01	1.00000000E-09	-2.10014403E+01	4.50270972E+01	-5.97092383E+00
1.88000000E+01	1.82000000E+01	-2.70000000E+01	1.00000000E-09	-2.25019950E+01	4.50270972E+01	-5.97092383E+00
2.49000000E+01	1.82000000E+01	-2.70000000E+01	1.00000000E-09	-2.40533781E+01	4.50270972E+01	-5.97092383E+00
-3.00000000E+01	-2.50000000E+01	-1.90000000E+01	1.00000000E-09	-1.45025518E+01	3.32018833E+01	-1.11599033E+01
-2.39000000E+01	-2.50000000E+01	-1.90000000E+01	1.00000000E-09	-1.53138910E+01	3.32018833E+01	-1.11599033E+01
-1.78000000E+01	-2.50000000E+01	-1.90000000E+01	1.00000000E-09	-1.62825926E+01	3.32018833E+01	-1.11599033E+01
-1.17000000E+01	-2.50000000E+01	-1.90000000E+01	1.00000000E-09	-1.71825079E+01	3.32018833E+01	-1.11599033E+01
-5.60000000E+00	-2.50000000E+01	-1.90000000E+01	1.00000000E-09	-1.78035471E+01	3.32018833E+01	-1.11599033E+01
5.00000000E-01	-2.50000000E+01	-1.90000000E+01	1.00000000E-09	-1.80007252E+01	3.32018833E+01	-1.11599033E+01
6.60000000E+00	-2.50000000E+01	-1.90000000E+01	1.00000000E-09	-1.77280099E+01	3.32018833E+01	-1.11599033E+01
1.27000000E+01	-2.50000000E+01	-1.90000000E+01	1.00000000E-09	-1.70490681E+01	3.32018833E+01	-1.11599033E+01
1.88000000E+01	-2.50000000E+01	-1.90000000E+01	1.00000000E-09	-1.61224024E+01	3.32018833E+01	-1.11599033E+01
2.49000000E+01	-2.50000000E+01	-1.90000000E+01	1.00000000E-09	-1.51643477E+01	3.32018833E+01	-1.11599033E+01
-3.00000000E+01	-1.78000000E+01	-1.90000000E+01	1.00000000E-09	-1.35600827E+01	3.23216534E+01	-1.11599033E+01
-2.39000000E+01	-1.78000000E+01	-1.90000000E+01	1.00000000E-09	-1.48862083E+01	3.23216534E+01	-1.11599033E+01
-1.78000000E+01	-1.78000000E+01	-1.90000000E+01	1.00000000E-09	-1.64695411E+01	3.23216534E+01	-1.11599033E+01
-1.17000000E+01	-1.78000000E+01	-1.90000000E+01	1.00000000E-09	-1.79404435E+01	3.23216534E+01	-1.11599033E+01
-5.60000000E+00	-1.78000000E+01	-1.90000000E+01	1.00000000E-09	-1.89555257E+01	3.23216534E+01	-1.11599033E+01
5.00000000E-01	-1.78000000E+01	-1.90000000E+01	1.00000000E-09	-1.92778113E+01	3.23216534E+01	-1.11599033E+01
6.60000000E+00	-1.78000000E+01	-1.90000000E+01	1.00000000E-09	-1.88320610E+01	3.23216534E+01	-1.11599033E+01
1.27000000E+01	-1.78000000E+01	-1.90000000E+01	1.00000000E-09	-1.77223376E+01	3.23216534E+01	-1.11599033E+01
1.88000000E+01	-1.78000000E+01	-1.90000000E+01	1.00000000E-09	-1.62077119E+01	3.23216534E+01	-1.11599033E+01
2.49000000E+01	-1.78000000E+01	-1.90000000E+01	1.00000000E-09	-1.46417813E+01	3.23216534E+01	-1.11599033E+01
-3.00000000E+01	-1.06000000E+01	-1.90000000E+01	1.00000000E-09	-1.38227784E+01	3.13588737E+01	-1.11599033E+01
-2.39000000E+01	-1.06000000E+01	-1.90000000E+01	1.00000000E-09	-1.50054169E+01	3.13588737E+01	-1.11599033E+01
-1.78000000E+01	-1.06000000E+01	-1.90000000E+01	1.00000000E-09	-1.64174326E+01	3.13588737E+01	-1.11599033E+01
-1.17000000E+01	-1.06000000E+01	-1.90000000E+01	1.00000000E-09	-1.77291831E+01	3.13588737E+01	-1.11599033E+01
-5.60000000E+00	-1.06000000E+01	-1.90000000E+01	1.00000000E-09	-1.86344331E+01	3.13588737E+01	-1.11599033E+01
5.00000000E-01	-1.06000000E+01	-1.90000000E+01	1.00000000E-09	-1.89218473E+01	3.13588737E+01	-1.11599033E+01
6.60000000E+00	-1.06000000E+01	-1.90000000E+01	1.00000000E-09	-1.85243273E+01	3.13588737E+01	-1.11599033E+01
1.27000000E+01	-1.06000000E+01	-1.90000000E+01	1.00000000E-09	-1.75346763E+01	3.13588737E+01	-1.11599033E+01
1.88000000E+01	-1.06000000E+01	-1.90000000E+01	1.00000000E-09	-1.61839334E+01	3.13588737E+01	-1.11599033E+01
2.49000000E+01	-1.06000000E+01	-1.90000000E+01	1.00000000E-09	-1.47874369E+01	3.13588737E+01	-1.11599033E+01
-3.00000000E+01	-3.40000000E+00	-1.90000000E+01	1.00000000E-09	-1.51602399E+01	3.15496436E+01	-1.11599033E+01
-2.39000000E+01	-3.40000000E+00	-1.90000000E+01	1.00000000E-09	-1.56123430E+01	3.15496436E+01	-1.11599033E+01
-1.78000000E+01	-3.40000000E+00	-1.90000000E+01	1.00000000E-09	-1.61521333E+01	3.15496436E+01	-1.11599033E+01
-1.17000000E+01	-3.40000000E+00	-1.90000000E+01	1.00000000E-09	-1.66535939E+01	3.15496436E+01	-1.11599033E+01
-5.60000000E+00	-3.40000000E+00	-1.90000000E+01	1.00000000E-09	-1.69996560E+01	3.15496436E+01	-1.11599033E+01
5.00000000E-01	-3.40000000E+00	-1.90000000E+01	1.00000000E-09	-1.71095297E+01	3.15496436E+01	-1.11599033E+01
6.60000000E+00	-3.40000000E+00	-1.90000000E+01	1.00000000E-09	-1.69575644E+01	3.15496436E+01	-1.11599033E+01
1.27000000E+01	-3.40000000E+00	-1.90000000E+01	1.00000000E-09	-1.65792371E+01	3.15496436E+01	-1.11599033E+01
1.88000000E+01	-3.40000000E+00	-1.90000000E+01	1.00000000E-09	-1.60628704E+01	3.15496436E+01	-1.11599033E+01
2.49000000E+01	-3.40000000E+00	-1.90000000E+01	1.00000000E-09	-1.55290129E+01	3.15496436E+01	-1.11599033E+01
-3.00000000E+01	3.80000000E+00	-1.90000000E+01	1.00000000E-09	-1.69085665E+01	3.24437312E+01	-1.11599033E+01
-2.39000000E+01	3.80000000E+00	-1.90000000E+01	1.00000000E-09	-1.64057155E+01	3.24437312E+01	-1.11599033E+01
-1.78000000E+01	3.80000000E+00	-1.90000000E+01	1.00000000E-09	-1.58053346E+01	3.24437312E+01	-1.11599033E+01
-1.17000000E+01	3.80000000E+00	-1.90000000E+01	1.00000000E-09	-1.52475860E+01	3.24437312E+01	-1.11599033E+01
-5.60000000E+00	3.80000000E+00	-1.90000000E+01	1.00000000E-09	-1.48626790E+01	3.24437312E+01	-1.11599033E+01
5.00000000E-01	3.80000000E+00	-1.90000000E+01	1.00000000E-09	-1.47404721E+01	3.24437312E+01	-1.11599033E+01
6.60000000E+00	3.80000000E+00	-1.90000000E+01	1.00000000E-09	-1.49094953E+01	3.24437312E+01	-1.11599033E+01
1.27000000E+01	3.80000000E+00	-1.90000000E+01	1.00000000E-09	-1.53302892E+01	3.24437312E+01	-1.11599033E+01
1.88000000E+01	3.80000000E+00	-1.90000000E+01	1.00000000E-09	-1.59046172E+01	3.24437312E+01	-1.11599033E+01
2.49000000E+01	3.80000000E+00	-1.90000000E+01	1.00000000E-09	-1.64983993E+01	3.24437312E+01	-1.11599033E+01
-3.00000000E+01	1.10000000E+01	-1.90000000E+01	1.00000000E-09	-1.81999090E+01	3.25642609E+01	-1.11599033E+01
-2.39000000E+01	1.10000000E+01	-1.90000000E+01	1.00000000E-09	-1.69917134E+01	3.25642609E+01	-1.11599033E+01
-1.78000000E+01	1.10000000E+01	-1.90000000E+01	1.00000000E-09	-1.55491835E+01	3.25642609E+01	-1.11599033E+01
-1.17000000E+01	1.10000000E+01	-1.90000000E+01	1.00000000E-09	-1.42090857E+01	3.25642609E+01	-1.11599033E+01
-5.60000000E+00	1.10000000E+01	-1.90000000E+01	1.00000000E-09	-1.32842729E+01	3.25642609E+01	-1.11599033E+01
5.00000000E-01	1.10000000E+01	-1.90000000E+01	1.00000000E-09	-1.29906476E+01	3.25642609E+01	-1.11599033E+01
6.60000000E+00	1.10000000E+01	-1.90000000E+01	1.00000000E-09	-1.33967582E+01	3.25642609E+01	-1.11599033E+01
1.27000000E+01	1.10000000E+01	-1.90000000E+01	1.00000000E-09	-1.44077959E+01	3.25642609E+01	-1.11599033E+01
1.88000000E+01	1.10000000E+01	-1.90000000E+01	1.00000000E-09	-1.57877287E+01	3.25642609E+01	-1.11599033E+01
2.49000000E+01	1.10000000E+01	-1.90000000E+01	1.00000000E-09	-1.72144039E+01	3.25642609E+01	-1.11599033E+01
-3.00000000E+01	1.82000000E+01	-1.90000000E+01	1.00000000E-09	-1.83932598E+01	3.15635615E+01	-1.11599033E+01
-2.39000000E+01	1.82000000E+01	-1.90000000E+01	1.00000000E-09	-1.70794539E+01	3.15635615E+01	-1.11599033E+01
-1.78000000E+01	1.82000000E+01	-1.90000000E+01	1.00000000E-09	-1.55108304E+01	3.15635615E+01	-1.11599033E+01
-1.17000000E+01	1.82000000E+01	-1.90000000E+01	1.00000000E-09	-1.40535926E+01	3.15635615E+01	-1.11599033E+01
-5.60000000E+00	1.82000000E+01	-1.90000000E+01	1.00000000E-09	-1.30479406E+01	3.15635615E+01	-1.11599033E+01
5.00000000E-01	1.82000000E+01	-1.90000000E+01	1.00000000E-09	-1.27286490E+01	3.15635615E+01	-1.11599033E+01
6.60000000E+00	1.82000000E+01	-1.90000000E+01	1.00000000E-09	-1.31702583E+01	3.15635615E+01	-1.11599033E+01
1.27000000E+01	1.82000000E+01	-1.90000000E+01	1.00000000E-09	-1.42696724E+01	3.15635615E+01	-1.11599033E+01
1.88000000E+01	1.82000000E+01	-1.90000000E+01	1.00000000E-09	-1.57702272E+01	3.15635615E+01	-1.11599033E+01
2.49000000E+01	1.82000000E+01	-1.90000000E+01	1.00000000E-09	-1.73216102E+01	3.15635615E+01	-1.11599033E+01
-3.00000000E+01	-2.50000000E+01	-1.10000000E+01	1.00000000E-09	-7.77078394E+00	1.97383476E+01	-9.46934537E+00
-2.39000000E+01	-2.50000000E+01	-1.10000000E+01	1.00000000E-09	-8.58212313E+00	1.97383476E+01	-9.46934537E+00
-1.78000000E+01	-2.50000000E+01	-1.10000000E+01	1.00000000E-09	-9.55082467E+00	1.97383476E+01	-9.46934537E+00
-1.17000000E+01	-2.50000000E+01	-1.10000000E+01	1.00000000E-09	-1.04507400E+01	1.97383476E+01	-9.46934537E+00
-5.60000000E+00	-2.50000000E+01	-1.10000000E+01	1.00000000E-09	-1.10717792E+01	1.97383476E+01	-9.46934537E+00
5.00000000E-01	-2.50000000E+01	-1.10000000E+01	1.00000000E-09	-1.12689573E+01	1.97383476E+01	-9.46934537E+00
6.60000000E+00	-2.50000000E+01	-1.10000000E+01	1.00000000E-09	-1.09962421E+01	1.97383476E+01	-9.46934537E+00
1.27000000E+01	-2.50000000E+01	-1.10000000E+01	1.00000000E-09	-1.03173003E+01	1.97383476E+01	-9.46934537E+00
1.88000000E+01	-2.50000000E+01	-1.10000000E+01	1.00000000E-09	-9.39063450E+00	1.97383476E+01	-9.46934537E+00
2.49000000E+01	-2.50000000E+01	-1.10000000E+01	1.00000000E-09	-8.43257982E+00	1.97383476E+01	-9.46934537E+00
-3.00000000E+01	-1.78000000E+01	-1.10000000E+01	1.00000000E-09	-6.82831479E+00	1.88581176E+01	-9.46934537E+00
-2.39000000E+01	-1.78000000E+01	-1.10000000E+01	1.00000000E-09	-8.15444041E+00	1.88581176E+01	-9.46934537E+00
-1.78000000E+01	-1.78000000E+01	-1.10000000E+01	1.00000000E-09	-9.73777318E+00	1.88581176E+01	-9.46934537E+00
-1.17000000E+01	-1.78000000E+01	-1.10000000E+01	1.00000000E-09	-1.12086757E+01	1.88581176E+01	-9.46934537E+00
-5.60000000E+00	-1.78000000E+01	-1.10000000E+01	1.00000000E-09	-1.22237579E+01	1.88581176E+01	-9.46934537E+00
5.00000000E-01	-1.78000000E+01	-1.10000000E+01	1.00000000E-09	-1.25460434E+01	1.88581176E+01	-9.46934537E+00
6.60000000E+00	-1.78000000E+01	-1.10000000E+01	1.00000000E-09	-1.21002931E+01	1.88581176E+01	-9.46934537E+00
1.27000000E+01	-1.78000000E+01	-1.10000000E+01	1.00000000E-09	-1.09905697E+01	1.88581176E+01	-9.46934537E+00
1.88000000E+01	-1.78000000E+01	-1.10000000E+01	1.00000000E-09	-9.47594398E+00	1.88581176E+01	-9.46934537E+00
2.49000000E+01	-1.78000000E+01	-1.10000000E+01	1.00000000E-09	-7.91001339E+00	1.88581176E+01	-9.46934537E+00
-3.00000000E+01	-1.06000000E+01	-1.10000000E+01	1.00000000E-09	-7.09101052E+00	1.78953379E+01	-9.46934537E+00
-2.39000000E+01	-1.06000000E+01	-1.10000000E+01	1.00000000E-09	-8.27364901E+00	1.78953379E+01	-9.46934537E+00
-1.78000000E+01	-1.06000000E+01	-1.10000000E+01	1.00000000E-09	-9.68566476E+00	1.78953379E+01	-9.46934537E+00
-1.17000000E+01	-1.06000000E+01	-1.10000000E+01	1.00000000E-09	-1.09974152E+01	1.78953379E+01	-9.46934537E+00
-5.60000000E+00	-1.06000000E+01	-1.10000000E+01	1.00000000E-09	-1.19026653E+01	1.78953379E+01	-9.46934537E+00
5.00000000E-01	-1.06000000E+01	-1.10000000E+01	1.00000000E-09	-1.21900795E+01	1.78953379E+01	-9.46934537E+00
6.60000000E+00	-1.06000000E+01	-1.10000000E+01	1.00000000E-09	-1.17925594E+01	1.78953379E+01	-9.46934537E+00
1.27000000E+01	-1.06000000E+01	-1.10000000E+01	1.00000000E-09	-1.08029084E+01	1.78953379E+01	-9.46934537E+00
1.88000000E+01	-1.06000000E+01	-1.10000000E+01	1.00000000E-09	-9.45216555E+00	1.78953379E+01	-9.46934537E+00
2.49000000E+01	-1.06000000E+01	-1.10000000E+01	1.00000000E-09	-8.05566905E+00	1.78953379E+01	-9.46934537E+00
-3.00000000E+01	-3.40000000E+00	-1.10000000E+01	1.00000000E-09	-8.42847199E+00	1.80861078E+01	-9.46934537E+00
-2.39000000E+01	-3.40000000E+00	-1.10000000E+01	1.00000000E-09	-8.88057514E+00	1.80861078E+01	-9.46934537E+00
-1.78000000E+01	-3.40000000E+00	-1.10000000E+01	1.00000000E-09	-9.42036545E+00	1.80861078E+01	-9.46934537E+00
-1.17000000E+01	-3.40000000E+00	-1.10000000E+01	1.00000000E-09	-9.92182598E+00	1.80861078E+01	-9.46934537E+00
-5.60000000E+00	-3.40000000E+00	-1.10000000E+01	1.00000000E-09	-1.02678881E+01	1.80861078E+01	-9.46934537E+00
5.00000000E-01	-3.40000000E+00	-1.10000000E+01	1.00000000E-09	-1.03777618E+01	1.80861078E+01	-9.46934537E+00
6.60000000E+00	-3.40000000E+00	-1.10000000E+01	1.00000000E-09	-1.02257965E+01	1.80861078E+01	-9.46934537E+00
1.27000000E+01	-3.40000000E+00	-1.10000000E+01	1.00000000E-09	-9.84746923E+00	1.80861078E+01	-9.46934537E+00
1.88000000E+01	-3.40000000E+00	-1.10000000E+01	1.00000000E-09	-9.33110255E+00	1.80861078E+01	-9.46934537E+00
2.49000000E+01	-3.40000000E+00	-1.10000000E+01	1.00000000E-09	-8.79724501E+00	1.80861078E+01	-9.46934537E+00
-3.00000000E+01	3.80000000E+00	-1.10000000E+01	1.00000000E-09	-1.01767986E+01	1.89801955E+01	-9.46934537E+00
-2.39000000E+01	3.80000000E+00	-1.10000000E+01	1.00000000E-09	-9.67394764E+00	1.89801955E+01	-9.46934537E+00
-1.78000000E+01	3.80000000E+00	-1.10000000E+01	1.00000000E-09	-9.07356677E+00	1.89801955E+01	-9.46934537E+00
-1.17000000E+01	3.80000000E+00	-1.10000000E+01	1.00000000E-09	-8.51581812E+00	1.89801955E+01	-9.46934537E+00
-5.60000000E+00	3.80000000E+00	-1.10000000E+01	1.00000000E-09	-8.13091107E+00	1.89801955E+01	-9.46934537E+00
5.00000000E-01	3.80000000E+00	-1.10000000E+01	1.00000000E-09	-8.00870423E+00	1.89801955E+01	-9.46934537E+00
6.60000000E+00	3.80000000E+00	-1.10000000E+01	1.00000000E-09	-8.17772742E+00	1.89801955E+01	-9.46934537E+00
1.27000000E+01	3.80000000E+00	-1.10000000E+01	1.00000000E-09	-8.59852129E+00	1.89801955E+01	-9.46934537E+00
1.88000000E+01	3.80000000E+00	-1.10000000E+01	1.00000000E-09	-9.17284927E+00	1.89801955E+01	-9.46934537E+00
2.49000000E+01	3.80000000E+00	-1.10000000E+01	1.00000000E-09	-9.76663145E+00	1.89801955E+01	-9.46934537E+00
-3.00000000E+01	1.10000000E+01	-1.10000000E+01	1.00000000E-09	-1.14681412E+01	1.91007252E+01	-9.46934537E+00
-2.39000000E+01	1.10000000E+01	-1.10000000E+01	1.00000000E-09	-1.02599455E+01	1.91007252E+01	-9.46934537E+00
-1.78000000E+01	1.10000000E+01	-1.10000000E+01	1.00000000E-09	-8.81741562E+00	1.91007252E+01	-9.46934537E+00
-1.17000000E+01	1.10000000E+01	-1.10000000E+01	1.00000000E-09	-7.47731783E+00	1.91007252E+01	-9.46934537E+00
-5.60000000E+00	1.10000000E+01	-1.10000000E+01	1.00000000E-09	-6.55250505E+00	1.91007252E+01	-9.46934537E+00
5.00000000E-01	1.10000000E+01	-1.10000000E+01	1.00000000E-09	-6.25887973E+00	1.91007252E+01	-9.46934537E+00
6.60000000E+00	1.10000000E+01	-1.10000000E+01	1.00000000E-09	-6.66499028E+00	1.91007252E+01	-9.46934537E+00
1.27000000E+01	1.10000000E+01	-1.10000000E+01	1.00000000E-09	-7.67602802E+00	1.91007252E+01	-9.46934537E+00
1.88000000E+01	1.10000000E+01	-1.10000000E+01	1.00000000E-09	-9.05596082E+00	1.91007252E+01	-9.46934537E+00
2.49000000E+01	1.10000000E+01	-1.10000000E+01	1.00000000E-09	-1.04826361E+01	1.91007252E+01	-9.46934537E+00
-3.00000000E+01	1.82000000E+01	-1.10000000E+01	1.00000000E-09	-1.16614919E+01	1.81000257E+01	-9.46934537E+00
-2.39000000E+01	1.82000000E+01	-1.10000000E+01	1.00000000E-09	-1.03476861E+01	1.81000257E+01	-9.46934537E+00
-1.78000000E+01	1.82000000E+01	-1.10000000E+01	1.00000000E-09	-8.77906250E+00	1.81000257E+01	-9.46934537E+00
-1.17000000E+01	1.82000000E+01	-1.10000000E+01	1.00000000E-09	-7.32182475E+00	1.81000257E+01	-9.46934537E+00
-5.60000000E+00	1.82000000E+01	-1.10000000E+01	1.00000000E-09	-6.31617270E+00	1.81000257E+01	-9.46934537E+00
5.00000000E-01	1.82000000E+01	-1.10000000E+01	1.00000000E-09	-5.99688116E+00	1.81000257E+01	-9.46934537E+00
6.60000000E+00	1.82000000E+01	-1.10000000E+01	1.00000000E-09	-6.43849044E+00	1.81000257E+01	-9.46934537E+00
1.27000000E+01	1.82000000E+01	-1.10000000E+01	1.00000000E-09	-7.53790450E+00	1.81000257E+01	-9.46934537E+00
1.88000000E+01	1.82000000E+01	-1.10000000E+01	1.00000000E-09	-9.03845929E+00	1.81000257E+01	-9.46934537E+00
2.49000000E+01	1.82000000E+01	-1.10000000E+01	1.00000000E-09	-1.05898423E+01	1.81000257E+01	-9.46934537E+00
-3.00000000E+01	-2.50000000E+01	-3.00000000E+00	1.00000000E-09	-1.03901607E+00	6.27481182E+00	-2.99527982E+00
-2.39000000E+01	-2.50000000E+01	-3.00000000E+00	1.00000000E-09	-1.85035526E+00	6.27481182E+00	-2.99527982E+00
-1.78000000E+01	-2.50000000E+01	-3.00000000E+00	1.00000000E-09	-2.81905679E+00	6.27481182E+00	-2.99527982E+00
-1.17000000E+01	-2.50000000E+01	-3.00000000E+00	1.00000000E-09	-3.71897216E+00	6.27481182E+00	-2.99527982E+00
-5.60000000E+00	-2.50000000E+01	-3.00000000E+00	1.00000000E-09	-4.34001134E+00	6.27481182E+00	-2.99527982E+00
5.00000000E-01	-2.50000000E+01	-3.00000000E+00	1.00000000E-09	-4.53718944E+00	6.27481182E+00	-2.99527982E+00
6.60000000E+00	-2.50000000E+01	-3.00000000E+00	1.00000000E-09	-4.26447417E+00	6.27481182E+00	-2.99527982E+00
1.27000000E+01	-2.50000000E+01	-3.00000000E+00	1.00000000E-09	-3.58553238E+00	6.27481182E+00	-2.99527982E+00
1.88000000E+01	-2.50000000E+01	-3.00000000E+00	1.00000000E-09	-2.65886662E+00	6.27481182E+00	-2.99527982E+00
2.49000000E+01	-2.50000000E+01	-3.00000000E+00	1.00000000E-09	-1.70081194E+00	6.27481182E+00	-2.99527982E+00
-3.00000000E+01	-1.78000000E+01	-3.00000000E+00	1.00000000E-09	-9.65469125E-02	5.39458186E+00	-2.99527982E+00
-2.39000000E+01	-1.78000000E+01	-3.00000000E+00	1.00000000E-09	-1.42267253E+00	5.39458186E+00	-2.99527982E+00
-1.78000000E+01	-1.78000000E+01	-3.00000000E+00	1.00000000E-09	-3.00600530E+00	5.39458186E+00	-2.99527982E+00
-1.17000000E+01	-1.78000000E+01	-3.00000000E+00	1.00000000E-09	-4.47690778E+00	5.39458186E+00	-2.99527982E+00
-5.60000000E+00	-1.78000000E+01	-3.00000000E+00	1.00000000E-09	-5.49198997E+00	5.39458186E+00	-2.99527982E+00
5.00000000E-01	-1.78000000E+01	-3.00000000E+00	1.00000000E-09	-5.81427556E+00	5.39458186E+00	-2.99527982E+00
6.60000000E+00	-1.78000000E+01	-3.00000000E+00	1.00000000E-09	-5.36852525E+00	5.39458186E+00	-2.99527982E+00
1.27000000E+01	-1.78000000E+01	-3.00000000E+00	1.00000000E-09	-4.25880182E+00	5.39458186E+00	-2.99527982E+00
1.88000000E+01	-1.78000000E+01	-3.00000000E+00	1.00000000E-09	-2.74417610E+00	5.39458186E+00	-2.99527982E+00
2.49000000E+01	-1.78000000E+01	-3.00000000E+00	1.00000000E-09	-1.17824551E+00	5.39458186E+00	-2.99527982E+00
-3.00000000E+01	-1.06000000E+01	-3.00000000E+00	1.00000000E-09	-3.59242643E-01	4.43180218E+00	-2.99527982E+00
-2.39000000E+01	-1.06000000E+01	-3.00000000E+00	1.00000000E-09	-1.54188113E+00	4.43180218E+00	-2.99527982E+00
-1.78000000E+01	-1.06000000E+01	-3.00000000E+00	1.00000000E-09	-2.95389688E+00	4.43180218E+00	-2.99527982E+00
-1.17000000E+01	-1.06000000E+01	-3.00000000E+00	1.00000000E-09	-4.26564734E+00	4.43180218E+00	-2.99527982E+00
-5.60000000E+00	-1.06000000E+01	-3.00000000E+00	1.00000000E-09	-5.17089738E+00	4.43180218E+00	-2.99527982E+00
5.00000000E-01	-1.06000000E+01	-3.00000000E+00	1.00000000E-09	-5.45831158E+00	4.43180218E+00	-2.99527982E+00
6.60000000E+00	-1.06000000E+01	-3.00000000E+00	1.00000000E-09	-5.06079156E+00	4.43180218E+00	-2.99527982E+00
1.27000000E+01	-1.06000000E+01	-3.00000000E+00	1.00000000E-09	-4.07114050E+00	4.43180218E+00	-2.99527982E+00
1.88000000E+01	-1.06000000E+01	-3.00000000E+00	1.00000000E-09	-2.72039767E+00	4.43180218E+00	-2.99527982E+00
2.49000000E+01	-1.06000000E+01	-3.00000000E+00	1.00000000E-09	-1.32390118E+00	4.43180218E+00	-2.99527982E+00
-3.00000000E+01	-3.40000000E+00	-3.00000000E+00	1.00000000E-09	-1.69670411E+00	4.62257205E+00	-2.99527982E+00
-2.39000000E+01	-3.40000000E+00	-3.00000000E+00	1.00000000E-09	-2.14880727E+00	4.62257205E+00	-2.99527982E+00
-1.78000000E+01	-3.40000000E+00	-3.00000000E+00	1.00000000E-09	-2.68859757E+00	4.62257205E+00	-2.99527982E+00
-1.17000000E+01	-3.40000000E+00	-3.00000000E+00	1.00000000E-09	-3.19005810E+00	4.62257205E+00	-2.99527982E+00
-5.60000000E+00	-3.40000000E+00	-3.00000000E+00	1.00000000E-09	-3.53612024E+00	4.62257205E+00	-2.99527982E+00
5.00000000E-01	-3.40000000E+00	-3.00000000E+00	1.00000000E-09	-3.64599394E+00	4.62257205E+00	-2.99527982E+00
6.60000000E+00	-3.40000000E+00	-3.00000000E+00	1.00000000E-09	-3.49402860E+00	4.62257205E+00	-2.99527982E+00
1.27000000E+01	-3.40000000E+00	-3.00000000E+00	1.00000000E-09	-3.11570135E+00	4.62257205E+00	-2.99527982E+00
1.88000000E+01	-3.40000000E+00	-3.00000000E+00	1.00000000E-09	-2.59933468E+00	4.62257205E+00	-2.99527982E+00
2.49000000E+01	-3.40000000E+00	-3.00000000E+00	1.00000000E-09	-2.06547713E+00	4.62257205E+00	-2.99527982E+00
-3.00000000E+01	3.80000000E+00	-3.00000000E+00	1.00000000E-09	-3.44503076E+00	5.51665973E+00	-2.99527982E+00
-2.39000000E+01	3.80000000E+00	-3.00000000E+00	1.00000000E-09	-2.94217976E+00	5.51665973E+00	-2.99527982E+00
-1.78000000E+01	3.80000000E+00	-3.00000000E+00	1.00000000E-09	-2.34179889E+00	5.51665973E+00	-2.99527982E+00
-1.17000000E+01	3.80000000E+00	-3.00000000E+00	1.00000000E-09	-1.78405024E+00	5.51665973E+00	-2.99527982E+00
-5.60000000E+00	3.80000000E+00	-3.00000000E+00	1.00000000E-09	-1.39914319E+00	5.51665973E+00	-2.99527982E+00
5.00000000E-01	3.80000000E+00	-3.00000000E+00	1.00000000E-09	-1.27693635E+00	5.51665973E+00	-2.99527982E+00
6.60000000E+00	3.80000000E+00	-3.00000000E+00	1.00000000E-09	-1.44595954E+00	5.51665973E+00	-2.99527982E+00
1.27000000E+01	3.80000000E+00	-3.00000000E+00	1.00000000E-09	-1.86675341E+00	5.51665973E+00	-2.99527982E+00
1.88000000E+01	3.80000000E+00	-3.00000000E+00	1.00000000E-09	-2.44108139E+00	5.51665973E+00	-2.99527982E+00
2.49000000E+01	3.80000000E+00	-3.00000000E+00	1.00000000E-09	-3.03486357E+00	5.51665973E+00	-2.99527982E+00
-3.00000000E+01	1.10000000E+01	-3.00000000E+00	1.00000000E-09	-4.73637328E+00	5.63718943E+00	-2.99527982E+00
-2.39000000E+01	1.10000000E+01	-3.00000000E+00	1.00000000E-09	-3.52817760E+00	5.63718943E+00	-2.99527982E+00
-1.78000000E+01	1.10000000E+01	-3.00000000E+00	1.00000000E-09	-2.08564774E+00	5.63718943E+00	-2.99527982E+00
-1.17000000E+01	1.10000000E+01	-3.00000000E+00	1.00000000E-09	-7.45549947E-01	5.63718943E+00	-2.99527982E+00
-5.60000000E+00	1.10000000E+01	-3.00000000E+00	1.00000000E-09	1.79262833E-01	5.63718943E+00	-2.99527982E+00
5.00000000E-01	1.10000000E+01	-3.00000000E+00	1.00000000E-09	4.72888145E-01	5.63718943E+00	-2.99527982E+00
6.60000000E+00	1.10000000E+01	-3.00000000E+00	1.00000000E-09	6.67775996E-02	5.63718943E+00	-2.99527982E+00
1.27000000E+01	1.10000000E+01	-3.00000000E+00	1.00000000E-09	-9.44260139E-01	5.63718943E+00	-2.99527982E+00
1.88000000E+01	1.10000000E+01	-3.00000000E+00	1.00000000E-09	-2.32419294E+00	5.63718943E+00	-2.99527982E+00
2.49000000E+01	1.10000000E+01	-3.00000000E+00	1.00000000E-09	-3.75086817E+00	5.63718943E+00	-2.99527982E+00
-3.00000000E+01	1.82000000E+01	-3.00000000E+00	1.00000000E-09	-4.92972404E+00	4.63648996E+00	-2.99527982E+00
-2.39000000E+01	1.82000000E+01	-3.00000000E+00	1.00000000E-09	-3.61591817E+00	4.63648996E+00	-2.99527982E+00
-1.78000000E+01	1.82000000E+01	-3.00000000E+00	1.00000000E-09	-2.04729462E+00	4.63648996E+00	-2.99527982E+00
-1.17000000E+01	1.82000000E+01	-3.00000000E+00	1.00000000E-09	-5.90056870E-01	4.63648996E+00	-2.99527982E+00
-5.60000000E+00	1.82000000E+01	-3.00000000E+00	1.00000000E-09	4.15595179E-01	4.63648996E+00	-2.99527982E+00
5.00000000E-01	1.82000000E+01	-3.00000000E+00	1.00000000E-09	7.34886719E-01	4.63648996E+00	-2.99527982E+00
6.60000000E+00	1.82000000E+01	-3.00000000E+00	1.00000000E-09	2.93277443E-01	4.63648996E+00	-2.99527982E+00
1.27000000E+01	1.82000000E+01	-3.00000000E+00	1.00000000E-09	-8.06136617E-01	4.63648996E+00	-2.99527982E+00
1.88000000E+01	1.82000000E+01	-3.00000000E+00	1.00000000E-09	-2.30669141E+00	4.63648996E+00	-2.99527982E+00
2.49000000E+01	1.82000000E+01	-3.00000000E+00	1.00000000E-09	-3.85807446E+00	4.63648996E+00	-2.99527982E+00
-3.00000000E+01	-2.50000000E+01	5.00000000E+00	1.00000000E-09	5.69275181E+00	-7.18872394E+00	4.89187014E+00
-2.39000000E+01	-2.50000000E+01	5.00000000E+00	1.00000000E-09	4.88141262E+00	-7.18872394E+00	4.89187014E+00
-1.78000000E+01	-2.50000000E+01	5.00000000E+00	1.00000000E-09	3.91271109E+00	-7.18872394E+00	4.89187014E+00
-1.17000000E+01	-2.50000000E+01	5.00000000E+00	1.00000000E-09	3.01279572E+00	-7.18872394E+00	4.89187014E+00
-5.60000000E+00	-2.50000000E+01	5.00000000E+00	1.00000000E-09	2.39175654E+00	-7.18872394E+00	4.89187014E+00
5.00000000E-01	-2.50000000E+01	5.00000000E+00	1.00000000E-09	2.19457844E+00	-7.18872394E+00	4.89187014E+00
6.60000000E+00	-2.50000000E+01	5.00000000E+00	1.00000000E-09	2.46729370E+00	-7.18872394E+00	4.89187014E+00
1.27000000E+01	-2.50000000E+01	5.00000000E+00	1.00000000E-09	3.14623550E+00	-7.18872394E+00	4.89187014E+00
1.88000000E+01	-2.50000000E+01	5.00000000E+00	1.00000000E-09	4.07290125E+00	-7.18872394E+00	4.89187014E+00
2.49000000E+01	-2.50000000E+01	5.00000000E+00	1.00000000E-09	5.03095594E+00	-7.18872394E+00	4.89187014E+00
-3.00000000E+01	-1.78000000E+01	5.00000000E+00	1.00000000E-09	6.63522097E+00	-8.06895389E+00	4.89187014E+00
-2.39000000E+01	-1.78000000E+01	5.00000000E+00	1.00000000E-09	5.30909535E+00	-8.06895389E+00	4.89187014E+00
-1.78000000E+01	-1.78000000E+01	5.00000000E+00	1.00000000E-09	3.72576258E+00	-8.06895389E+00	4.89187014E+00
-1.17000000E+01	-1.78000000E+01	5.00000000E+00	1.00000000E-09	2.25486010E+00	-8.06895389E+00	4.89187014E+00
-5.60000000E+00	-1.78000000E+01	5.00000000E+00	1.00000000E-09	1.23977790E+00	-8.06895389E+00	4.89187014E+00
5.00000000E-01	-1.78000000E+01	5.00000000E+00	1.00000000E-09	9.17492322E-01	-8.06895389E+00	4.89187014E+00
6.60000000E+00	-1.78000000E+01	5.00000000E+00	1.00000000E-09	1.36324263E+00	-8.06895389E+00	4.89187014E+00
1.27000000E+01	-1.78000000E+01	5.00000000E+00	1.00000000E-09	2.47296606E+00	-8.06895389E+00	4.89187014E+00
1.88000000E+01	-1.78000000E+01	5.00000000E+00	1.00000000E-09	3.98759178E+00	-8.06895389E+00	4.89187014E+00
2.49000000E+01	-1.78000000E+01	5.00000000E+00	1.00000000E-09	5.55352237E+00	-8.06895389E+00	4.89187014E+00
-3.00000000E+01	-1.06000000E+01	5.00000000E+00	1.00000000E-09	6.37252524E+00	-9.03173357E+00	4.89187014E+00
-2.39000000E+01	-1.06000000E+01	5.00000000E+00	1.00000000E-09	5.18988675E+00	-9.03173357E+00	4.89187014E+00
-1.78000000E+01	-1.06000000E+01	5.00000000E+00	1.00000000E-09	3.77787099E+00	-9.03173357E+00	4.89187014E+00
-1.17000000E+01	-1.06000000E+01	5.00000000E+00	1.00000000E-09	2.46612054E+00	-9.03173357E+00	4.89187014E+00
-5.60000000E+00	-1.06000000E+01	5.00000000E+00	1.00000000E-09	1.56087050E+00	-9.03173357E+00	4.89187014E+00
5.00000000E-01	-1.06000000E+01	5.00000000E+00	1.00000000E-09	1.27345630E+00	-9.03173357E+00	4.89187014E+00
6.60000000E+00	-1.06000000E+01	5.00000000E+00	1.00000000E-09	1.67097631E+00	-9.03173357E+00	4.89187014E+00
1.27000000E+01	-1.06000000E+01	5.00000000E+00	1.00000000E-09	2.66062738E+00	-9.03173357E+00	4.89187014E+00
1.88000000E+01	-1.06000000E+01	5.00000000E+00	1.00000000E-09	4.01137020E+00	-9.03173357E+00	4.89187014E+00
2.49000000E+01	-1.06000000E+01	5.00000000E+00	1.00000000E-09	5.40786670E+00	-9.03173357E+00	4.89187014E+00
-3.00000000E+01	-3.40000000E+00	5.00000000E+00	1.00000000E-09	5.03506377E+00	-8.84096371E+00	4.89187014E+00
-2.39000000E+01	-3.40000000E+00	5.00000000E+00	1.00000000E-09	4.58296061E+00	-8.84096371E+00	4.89187014E+00
-1.78000000E+01	-3.40000000E+00	5.00000000E+00	1.00000000E-09	4.04317031E+00	-8.84096371E+00	4.89187014E+00
-1.17000000E+01	-3.40000000E+00	5.00000000E+00	1.00000000E-09	3.54170978E+00	-8.84096371E+00	4.89187014E+00
-5.60000000E+00	-3.40000000E+00	5.00000000E+00	1.00000000E-09	3.19564764E+00	-8.84096371E+00	4.89187014E+00
5.00000000E-01	-3.40000000E+00	5.00000000E+00	1.00000000E-09	3.08577394E+00	-8.84096371E+00	4.89187014E+00
6.60000000E+00	-3.40000000E+00	5.00000000E+00	1.00000000E-09	3.23773927E+00	-8.84096371E+00	4.89187014E+00
1.27000000E+01	-3.40000000E+00	5.00000000E+00	1.00000000E-09	3.61606653E+00	-8.84096371E+00	4.89187014E+00
1.88000000E+01	-3.40000000E+00	5.00000000E+00	1.00000000E-09	4.13243320E+00	-8.84096371E+00	4.89187014E+00
2.49000000E+01	-3.40000000E+00	5.00000000E+00	1.00000000E-09	4.66629075E+00	-8.84096371E+00	4.89187014E+00
-3.00000000E+01	3.80000000E+00	5.00000000E+00	1.00000000E-09	3.28673712E+00	-7.94687603E+00	4.89187014E+00
-2.39000000E+01	3.80000000E+00	5.00000000E+00	1.00000000E-09	3.78958811E+00	-7.94687603E+00	4.89187014E+00
-1.78000000E+01	3.80000000E+00	5.00000000E+00	1.00000000E-09	4.38996899E+00	-7.94687603E+00	4.89187014E+00
-1.17000000E+01	3.80000000E+00	5.00000000E+00	1.00000000E-09	4.94771764E+00	-7.94687603E+00	4.89187014E+00
-5.60000000E+00	3.80000000E+00	5.00000000E+00	1.00000000E-09	5.33262468E+00	-7.94687603E+00	4.89187014E+00
5.00000000E-01	3.80000000E+00	5.00000000E+00	1.00000000E-09	5.45483153E+00	-7.94687603E+00	4.89187014E+00
6.60000000E+00	3.80000000E+00	5.00000000E+00	1.00000000E-09	5.28580833E+00	-7.94687603E+00	4.89187014E+00
1.27000000E+01	3.80000000E+00	5.00000000E+00	1.00000000E-09	4.86501447E+00	-7.94687603E+00	4.89187014E+00
1.88000000E+01	3.80000000E+00	5.00000000E+00	1.00000000E-09	4.29068649E+00	-7.94687603E+00	4.89187014E+00
2.49000000E+01	3.80000000E+00	5.00000000E+00	1.00000000E-09	3.69690431E+00	-7.94687603E+00	4.89187014E+00
-3.00000000E+01	1.10000000E+01	5.00000000E+00	1.00000000E-09	1.99539460E+00	-7.82634632E+00	4.89187014E+00
-2.39000000E+01	1.10000000E+01	5.00000000E+00	1.00000000E-09	3.20359027E+00	-7.82634632E+00	4.89187014E+00
-1.78000000E+01	1.10000000E+01	5.00000000E+00	1.00000000E-09	4.64612014E+00	-7.82634632E+00	4.89187014E+00
-1.17000000E+01	1.10000000E+01	5.00000000E+00	1.00000000E-09	5.98621793E+00	-7.82634632E+00	4.89187014E+00
-5.60000000E+00	1.10000000E+01	5.00000000E+00	1.00000000E-09	6.91103071E+00	-7.82634632E+00	4.89187014E+00
5.00000000E-01	1.10000000E+01	5.00000000E+00	1.00000000E-09	7.20465602E+00	-7.82634632E+00	4.89187014E+00
6.60000000E+00	1.10000000E+01	5.00000000E+00	1.00000000E-09	6.79854548E+00	-7.82634632E+00	4.89187014E+00
1.27000000E+01	1.10000000E+01	5.00000000E+00	1.00000000E-09	5.78750774E+00	-7.82634632E+00	4.89187014E+00
1.88000000E+01	1.10000000E+01	5.00000000E+00	1.00000000E-09	4.40757494E+00	-7.82634632E+00	4.89187014E+00
2.49000000E+01	1.10000000E+01	5.00000000E+00	1.00000000E-09	2.98089971E+00	-7.82634632E+00	4.89187014E+00
-3.00000000E+01	1.82000000E+01	5.00000000E+00	1.00000000E-09	1.80204384E+00	-8.82704579E+00	4.89187014E+00
-2.39000000E+01	1.82000000E+01	5.00000000E+00	1.00000000E-09	3.11584970E+00	-8.82704579E+00	4.89187014E+00
-1.78000000E+01	1.82000000E+01	5.00000000E+00	1.00000000E-09	4.68447326E+00	-8.82704579E+00	4.89187014E+00
-1.17000000E+01	1.82000000E+01	5.00000000E+00	1.00000000E-09	6.14171101E+00	-8.82704579E+00	4.89187014E+00
-5.60000000E+00	1.82000000E+01	5.00000000E+00	1.00000000E-09	7.14736306E+00	-8.82704579E+00	4.89187014E+00
5.00000000E-01	1.82000000E+01	5.00000000E+00	1.00000000E-09	7.46665460E+00	-8.82704579E+00	4.89187014E+00
6.60000000E+00	1.82000000E+01	5.00000000E+00	1.00000000E-09	7.02504532E+00	-8.82704579E+00	4.89187014E+00
1.27000000E+01	1.82000000E+01	5.00000000E+00	1.00000000E-09	5.92563126E+00	-8.82704579E+00	4.89187014E+00
1.88000000E+01	1.82000000E+01	5.00000000E+00	1.00000000E-09	4.42507647E+00	-8.82704579E+00	4.89187014E+00
2.49000000E+01	1.82000000E+01	5.00000000E+00	1.00000000E-09	2.87369342E+00	-8.82704579E+00	4.89187014E+00
-3.00000000E+01	-2.50000000E+01	1.30000000E+01	1.00000000E-09	1.24245197E+01	-2.06522597E+01	1.04501501E+01
-2.39000000E+01	-2.50000000E+01	1.30000000E+01	1.00000000E-09	1.16131805E+01	-2.06522597E+01	1.04501501E+01
-1.78000000E+01	-2.50000000E+01	1.30000000E+01	1.00000000E-09	1.06444790E+01	-2.06522597E+01	1.04501501E+01
-1.17000000E+01	-2.50000000E+01	1.30000000E+01	1.00000000E-09	9.74456359E+00	-2.06522597E+01	1.04501501E+01
-5.60000000E+00	-2.50000000E+01	1.30000000E+01	1.00000000E-09	9.12352442E+00	-2.06522597E+01	1.04501501E+01
5.00000000E-01	-2.50000000E+01	1.30000000E+01	1.00000000E-09	8.92634632E+00	-2.06522597E+01	1.04501501E+01
6.60000000E+00	-2.50000000E+01	1.30000000E+01	1.00000000E-09	9.19906158E+00	-2.06522597E+01	1.04501501E+01
1.27000000E+01	-2.50000000E+01	1.30000000E+01	1.00000000E-09	9.87800338E+00	-2.06522597E+01	1.04501501E+01
1.88000000E+01	-2.50000000E+01	1.30000000E+01	1.00000000E-09	1.08046691E+01	-2.06522597E+01	1.04501501E+01
2.49000000E+01	-2.50000000E+01	1.30000000E+01	1.00000000E-09	1.17627238E+01	-2.06522597E+01	1.04501501E+01
-3.00000000E+01	-1.78000000E+01	1.30000000E+01	1.00000000E-09	1.33669888E+01	-2.15324897E+01	1.04501501E+01
-2.39000000E+01	-1.78000000E+01	1.30000000E+01	1.00000000E-09	1.20408632E+01	-2.15324897E+01	1.04501501E+01
-1.78000000E+01	-1.78000000E+01	1.30000000E+01	1.00000000E-09	1.04575305E+01	-2.15324897E+01	1.04501501E+01
-1.17000000E+01	-1.78000000E+01	1.30000000E+01	1.00000000E-09	8.98662798E+00	-2.15324897E+01	1.04501501E+01
-5.60000000E+00	-1.78000000E+01	1.30000000E+01	1.00000000E-09	7.97154578E+00	-2.15324897E+01	1.04501501E+01
5.00000000E-01	-1.78000000E+01	1.30000000E+01	1.00000000E-09	7.64926020E+00	-2.15324897E+01	1.04501501E+01
6.60000000E+00	-1.78000000E+01	1.30000000E+01	1.00000000E-09	8.09501051E+00	-2.15324897E+01	1.04501501E+01
1.27000000E+01	-1.78000000E+01	1.30000000E+01	1.00000000E-09	9.20473394E+00	-2.15324897E+01	1.04501501E+01
1.88000000E+01	-1.78000000E+01	1.30000000E+01	1.00000000E-09	1.07193597E+01	-2.15324897E+01	1.04501501E+01
2.49000000E+01	-1.78000000E+01	1.30000000E+01	1.00000000E-09	1.22852902E+01	-2.15324897E+01	1.04501501E+01
-3.00000000E+01	-1.06000000E+01	1.30000000E+01	1.00000000E-09	1.31042931E+01	-2.24952693E+01	1.04501501E+01
-2.39000000E+01	-1.06000000E+01	1.30000000E+01	1.00000000E-09	1.19216546E+01	-2.24952693E+01	1.04501501E+01
-1.78000000E+01	-1.06000000E+01	1.30000000E+01	1.00000000E-09	1.05096389E+01	-2.24952693E+01	1.04501501E+01
-1.17000000E+01	-1.06000000E+01	1.30000000E+01	1.00000000E-09	9.19788842E+00	-2.24952693E+01	1.04501501E+01
-5.60000000E+00	-1.06000000E+01	1.30000000E+01	1.00000000E-09	8.29263838E+00	-2.24952693E+01	1.04501501E+01
5.00000000E-01	-1.06000000E+01	1.30000000E+01	1.00000000E-09	8.00522418E+00	-2.24952693E+01	1.04501501E+01
6.60000000E+00	-1.06000000E+01	1.30000000E+01	1.00000000E-09	8.40274419E+00	-2.24952693E+01	1.04501501E+01
1.27000000E+01	-1.06000000E+01	1.30000000E+01	1.00000000E-09	9.39239526E+00	-2.24952693E+01	1.04501501E+01
1.88000000E+01	-1.06000000E+01	1.30000000E+01	1.00000000E-09	1.07431381E+01	-2.24952693E+01	1.04501501E+01
2.49000000E+01	-1.06000000E+01	1.30000000E+01	1.00000000E-09	1.21396346E+01	-2.24952693E+01	1.04501501E+01
-3.00000000E+01	-3.40000000E+00	1.30000000E+01	1.00000000E-09	1.17668317E+01	-2.23044995E+01	1.04501501E+01
-2.39000000E+01	-3.40000000E+00	1.30000000E+01	1.00000000E-09	1.13147285E+01	-2.23044995E+01	1.04501501E+01
-1.78000000E+01	-3.40000000E+00	1.30000000E+01	1.00000000E-09	1.07749382E+01	-2.23044995E+01	1.04501501E+01
-1.17000000E+01	-3.40000000E+00	1.30000000E+01	1.00000000E-09	1.02734777E+01	-2.23044995E+01	1.04501501E+01
-5.60000000E+00	-3.40000000E+00	1.30000000E+01	1.00000000E-09	9.92741552E+00	-2.23044995E+01	1.04501501E+01
5.00000000E-01	-3.40000000E+00	1.30000000E+01	1.00000000E-09	9.81754182E+00	-2.23044995E+01	1.04501501E+01
6.60000000E+00	-3.40000000E+00	1.30000000E+01	1.00000000E-09	9.96950715E+00	-2.23044995E+01	1.04501501E+01
1.27000000E+01	-3.40000000E+00	1.30000000E+01	1.00000000E-09	1.03478344E+01	-2.23044995E+01	1.04501501E+01
1.88000000E+01	-3.40000000E+00	1.30000000E+01	1.00000000E-09	1.08642011E+01	-2.23044995E+01	1.04501501E+01
2.49000000E+01	-3.40000000E+00	1.30000000E+01	1.00000000E-09	1.13980586E+01	-2.23044995E+01	1.04501501E+01
-3.00000000E+01	3.80000000E+00	1.30000000E+01	1.00000000E-09	1.00185050E+01	-2.14104118E+01	1.04501501E+01
-2.39000000E+01	3.80000000E+00	1.30000000E+01	1.00000000E-09	1.05213560E+01	-2.14104118E+01	1.04501501E+01
-1.78000000E+01	3.80000000E+00	1.30000000E+01	1.00000000E-09	1.11217369E+01	-2.14104118E+01	1.04501501E+01
-1.17000000E+01	3.80000000E+00	1.30000000E+01	1.00000000E-09	1.16794855E+01	-2.14104118E+01	1.04501501E+01
-5.60000000E+00	3.80000000E+00	1.30000000E+01	1.00000000E-09	1.20643926E+01	-2.14104118E+01	1.04501501E+01
5.00000000E-01	3.80000000E+00	1.30000000E+01	1.00000000E-09	1.21865994E+01	-2.14104118E+01	1.04501501E+01
6.60000000E+00	3.80000000E+00	1.30000000E+01	1.00000000E-09	1.20175762E+01	-2.14104118E+01	1.04501501E+01
1.27000000E+01	3.80000000E+00	1.30000000E+01	1.00000000E-09	1.15967823E+01	-2.14104118E+01	1.04501501E+01
1.88000000E+01	3.80000000E+00	1.30000000E+01	1.00000000E-09	1.10224544E+01	-2.14104118E+01	1.04501501E+01
2.49000000E+01	3.80000000E+00	1.30000000E+01	1.00000000E-09	1.04286722E+01	-2.14104118E+01	1.04501501E+01
-3.00000000E+01	1.10000000E+01	1.30000000E+01	1.00000000E-09	8.72716248E+00	-2.12898821E+01	1.04501501E+01
-2.39000000E+01	1.10000000E+01	1.30000000E+01	1.00000000E-09	9.93535815E+00	-2.12898821E+01	1.04501501E+01
-1.78000000E+01	1.10000000E+01	1.30000000E+01	1.00000000E-09	1.13778880E+01	-2.12898821E+01	1.04501501E+01
-1.17000000E+01	1.10000000E+01	1.30000000E+01	1.00000000E-09	1.27179858E+01	-2.12898821E+01	1.04501501E+01
-5.60000000E+00	1.10000000E+01	1.30000000E+01	1.00000000E-09	1.36427986E+01	-2.12898821E+01	1.04501501E+01
5.00000000E-01	1.10000000E+01	1.30000000E+01	1.00000000E-09	1.39364239E+01	-2.12898821E+01	1.04501501E+01
6.60000000E+00	1.10000000E+01	1.30000000E+01	1.00000000E-09	1.35303134E+01	-2.12898821E+01	1.04501501E+01
1.27000000E+01	1.10000000E+01	1.30000000E+01	1.00000000E-09	1.25192756E+01	-2.12898821E+01	1.04501501E+01
1.88000000E+01	1.10000000E+01	1.30000000E+01	1.00000000E-09	1.11393428E+01	-2.12898821E+01	1.04501501E+01
2.49000000E+01	1.10000000E+01	1.30000000E+01	1.00000000E-09	9.71266759E+00	-2.12898821E+01	1.04501501E+01
-3.00000000E+01	1.82000000E+01	1.30000000E+01	1.00000000E-09	8.53381171E+00	-2.22905815E+01	1.04501501E+01
-2.39000000E+01	1.82000000E+01	1.30000000E+01	1.00000000E-09	9.84761758E+00	-2.22905815E+01	1.04501501E+01
-1.78000000E+01	1.82000000E+01	1.30000000E+01	1.00000000E-09	1.14162411E+01	-2.22905815E+01	1.04501501E+01
-1.17000000E+01	1.82000000E+01	1.30000000E+01	1.00000000E-09	1.28734789E+01	-2.22905815E+01	1.04501501E+01
-5.60000000E+00	1.82000000E+01	1.30000000E+01	1.00000000E-09	1.38791309E+01	-2.22905815E+01	1.04501501E+01
5.00000000E-01	1.82000000E+01	1.30000000E+01	1.00000000E-09	1.41984225E+01	-2.22905815E+01	1.04501501E+01
6.60000000E+00	1.82000000E+01	1.30000000E+01	1.00000000E-09	1.37568132E+01	-2.22905815E+01	1.04501501E+01
1.27000000E+01	1.82000000E+01	1.30000000E+01	1.00000000E-09	1.26573991E+01	-2.22905815E+01	1.04501501E+01
1.88000000E+01	1.82000000E+01	1.30000000E+01	1.00000000E-09	1.11568443E+01	-2.22905815E+01	1.04501501E+01
2.49000000E+01	1.82000000E+01	1.30000000E+01	1.00000000E-09	9.60546130E+00	-2.22905815E+01	1.04501501E+01
-3.00000000E+01	-2.50000000E+01	2.10000000E+01	1.00000000E-09	1.91562876E+01	-3.41157955E+01	1.05510283E+01
-2.39000000E+01	-2.50000000E+01	2.10000000E+01	1.00000000E-09	1.83449484E+01	-3.41157955E+01	1.05510283E+01
-1.78000000E+01	-2.50000000E+01	2.10000000E+01	1.00000000E-09	1.73762468E+01	-3.41157955E+01	1.05510283E+01
-1.17000000E+01	-2.50000000E+01	2.10000000E+01	1.00000000E-09	1.64763315E+01	-3.41157955E+01	1.05510283E+01
-5.60000000E+00	-2.50000000E+01	2.10000000E+01	1.00000000E-09	1.58552923E+01	-3.41157955E+01	1.05510283E+01
5.00000000E-01	-2.50000000E+01	2.10000000E+01	1.00000000E-09	1.56581142E+01	-3.41157955E+01	1.05510283E+01
6.60000000E+00	-2.50000000E+01	2.10000000E+01	1.00000000E-09	1.59308295E+01	-3.41157955E+01	1.05510283E+01
1.27000000E+01	-2.50000000E+01	2.10000000E+01	1.00000000E-09	1.66097713E+01	-3.41157955E+01	1.05510283E+01
1.88000000E+01	-2.50000000E+01	2.10000000E+01	1.00000000E-09	1.75364370E+01	-3.41157955E+01	1.05510283E+01
2.49000000E+01	-2.50000000E+01	2.10000000E+01	1.00000000E-09	1.84944917E+01	-3.41157955E+01	1.05510283E+01
-3.00000000E+01	-1.78000000E+01	2.10000000E+01	1.00000000E-09	2.00987567E+01	-3.49960254E+01	1.05510283E+01
-2.39000000E+01	-1.78000000E+01	2.10000000E+01	1.00000000E-09	1.87726311E+01	-3.49960254E+01	1.05510283E+01
-1.78000000E+01	-1.78000000E+01	2.10000000E+01	1.00000000E-09	1.71892983E+01	-3.49960254E+01	1.05510283E+01
-1.17000000E+01	-1.78000000E+01	2.10000000E+01	1.00000000E-09	1.57183959E+01	-3.49960254E+01	1.05510283E+01
-5.60000000E+00	-1.78000000E+01	2.10000000E+01	1.00000000E-09	1.47033137E+01	-3.49960254E+01	1.05510283E+01
5.00000000E-01	-1.78000000E+01	2.10000000E+01	1.00000000E-09	1.43810281E+01	-3.49960254E+01	1.05510283E+01
6.60000000E+00	-1.78000000E+01	2.10000000E+01	1.00000000E-09	1.48267784E+01	-3.49960254E+01	1.05510283E+01
1.27000000E+01	-1.78000000E+01	2.10000000E+01	1.00000000E-09	1.59365018E+01	-3.49960254E+01	1.05510283E+01
1.88000000E+01	-1.78000000E+01	2.10000000E+01	1.00000000E-09	1.74511275E+01	-3.49960254E+01	1.05510283E+01
2.49000000E+01	-1.78000000E+01	2.10000000E+01	1.00000000E-09	1.90170581E+01	-3.49960254E+01	1.05510283E+01
-3.00000000E+01	-1.06000000E+01	2.10000000E+01	1.00000000E-09	1.98360610E+01	-3.59588051E+01	1.05510283E+01
-2.39000000E+01	-1.06000000E+01	2.10000000E+01	1.00000000E-09	1.86534225E+01	-3.59588051E+01	1.05510283E+01
-1.78000000E+01	-1.06000000E+01	2.10000000E+01	1.00000000E-09	1.72414068E+01	-3.59588051E+01	1.05510283E+01
-1.17000000E+01	-1.06000000E+01	2.10000000E+01	1.00000000E-09	1.59296563E+01	-3.59588051E+01	1.05510283E+01
-5.60000000E+00	-1.06000000E+01	2.10000000E+01	1.00000000E-09	1.50244063E+01	-3.59588051E+01	1.05510283E+01
5.00000000E-01	-1.06000000E+01	2.10000000E+01	1.00000000E-09	1.47369921E+01	-3.59588051E+01	1.05510283E+01
6.60000000E+00	-1.06000000E+01	2.10000000E+01	1.00000000E-09	1.51345121E+01	-3.59588051E+01	1.05510283E+01
1.27000000E+01	-1.06000000E+01	2.10000000E+01	1.00000000E-09	1.61241631E+01	-3.59588051E+01	1.05510283E+01
1.88000000E+01	-1.06000000E+01	2.10000000E+01	1.00000000E-09	1.74749060E+01	-3.59588051E+01	1.05510283E+01
2.49000000E+01	-1.06000000E+01	2.10000000E+01	1.00000000E-09	1.88714025E+01	-3.59588051E+01	1.05510283E+01
-3.00000000E+01	-3.40000000E+00	2.10000000E+01	1.00000000E-09	1.84985995E+01	-3.57680352E+01	1.05510283E+01
-2.39000000E+01	-3.40000000E+00	2.10000000E+01	1.00000000E-09	1.80464964E+01	-3.57680352E+01	1.05510283E+01
-1.78000000E+01	-3.40000000E+00	2.10000000E+01	1.00000000E-09	1.75067061E+01	-3.57680352E+01	1.05510283E+01
-1.17000000E+01	-3.40000000E+00	2.10000000E+01	1.00000000E-09	1.70052455E+01	-3.57680352E+01	1.05510283E+01
-5.60000000E+00	-3.40000000E+00	2.10000000E+01	1.00000000E-09	1.66591834E+01	-3.57680352E+01	1.05510283E+01
5.00000000E-01	-3.40000000E+00	2.10000000E+01	1.00000000E-09	1.65493097E+01	-3.57680352E+01	1.05510283E+01
6.60000000E+00	-3.40000000E+00	2.10000000E+01	1.00000000E-09	1.67012750E+01	-3.57680352E+01	1.05510283E+01
1.27000000E+01	-3.40000000E+00	2.10000000E+01	1.00000000E-09	1.70796023E+01	-3.57680352E+01	1.05510283E+01
1.88000000E+01	-3.40000000E+00	2.10000000E+01	1.00000000E-09	1.75959690E+01	-3.57680352E+01	1.05510283E+01
2.49000000E+01	-3.40000000E+00	2.10000000E+01	1.00000000E-09	1.81298265E+01	-3.57680352E+01	1.05510283E+01
-3.00000000E+01	3.80000000E+00	2.10000000E+01	1.00000000E-09	1.67502729E+01	-3.48739475E+01	1.05510283E+01
-2.39000000E+01	3.80000000E+00	2.10000000E+01	1.00000000E-09	1.72531239E+01	-3.48739475E+01	1.05510283E+01
-1.78000000E+01	3.80000000E+00	2.10000000E+01	1.00000000E-09	1.78535047E+01	-3.48739475E+01	1.05510283E+01
-1.17000000E+01	3.80000000E+00	2.10000000E+01	1.00000000E-09	1.84112534E+01	-3.48739475E+01	1.05510283E+01
-5.60000000E+00	3.80000000E+00	2.10000000E+01	1.00000000E-09	1.87961604E+01	-3.48739475E+01	1.05510283E+01
5.00000000E-01	3.80000000E+00	2.10000000E+01	1.00000000E-09	1.89183673E+01	-3.48739475E+01	1.05510283E+01
6.60000000E+00	3.80000000E+00	2.10000000E+01	1.00000000E-09	1.87493441E+01	-3.48739475E+01	1.05510283E+01
1.27000000E+01	3.80000000E+00	2.10000000E+01	1.00000000E-09	1.83285502E+01	-3.48739475E+01	1.05510283E+01
1.88000000E+01	3.80000000E+00	2.10000000E+01	1.00000000E-09	1.77542222E+01	-3.48739475E+01	1.05510283E+01
2.49000000E+01	3.80000000E+00	2.10000000E+01	1.00000000E-09	1.71604401E+01	-3.48739475E+01	1.05510283E+01
-3.00000000E+01	1.10000000E+01	2.10000000E+01	1.00000000E-09	1.54589304E+01	-3.47534178E+01	1.05510283E+01
-2.39000000E+01	1.10000000E+01	2.10000000E+01	1.00000000E-09	1.66671260E+01	-3.47534178E+01	1.05510283E+01
-1.78000000E+01	1.10000000E+01	2.10000000E+01	1.00000000E-09	1.81096559E+01	-3.47534178E+01	1.05510283E+01
-1.17000000E+01	1.10000000E+01	2.10000000E+01	1.00000000E-09	1.94497537E+01	-3.47534178E+01	1.05510283E+01
-5.60000000E+00	1.10000000E+01	2.10000000E+01	1.00000000E-09	2.03745665E+01	-3.47534178E+01	1.05510283E+01
5.00000000E-01	1.10000000E+01	2.10000000E+01	1.00000000E-09	2.06681918E+01	-3.47534178E+01	1.05510283E+01
6.60000000E+00	1.10000000E+01	2.10000000E+01	1.00000000E-09	2.02620812E+01	-3.47534178E+01	1.05510283E+01
1.27000000E+01	1.10000000E+01	2.10000000E+01	1.00000000E-09	1.92510435E+01	-3.47534178E+01	1.05510283E+01
1.88000000E+01	1.10000000E+01	2.10000000E+01	1.00000000E-09	1.78711107E+01	-3.47534178E+01	1.05510283E+01
2.49000000E+01	1.10000000E+01	2.10000000E+01	1.00000000E-09	1.64444355E+01	-3.47534178E+01	1.05510283E+01
-3.00000000E+01	1.82000000E+01	2.10000000E+01	1.00000000E-09	1.52655796E+01	-3.57541173E+01	1.05510283E+01
-2.39000000E+01	1.82000000E+01	2.10000000E+01	1.00000000E-09	1.65793855E+01	-3.57541173E+01	1.05510283E+01
-1.78000000E+01	1.82000000E+01	2.10000000E+01	1.00000000E-09	1.81480090E+01	-3.57541173E+01	1.05510283E+01
-1.17000000E+01	1.82000000E+01	2.10000000E+01	1.00000000E-09	1.96052468E+01	-3.57541173E+01	1.05510283E+01
-5.60000000E+00	1.82000000E+01	2.10000000E+01	1.00000000E-09	2.06108988E+01	-3.57541173E+01	1.05510283E+01
5.00000000E-01	1.82000000E+01	2.10000000E+01	1.00000000E-09	2.09301904E+01	-3.57541173E+01	1.05510283E+01
6.60000000E+00	1.82000000E+01	2.10000000E+01	1.00000000E-09	2.04885811E+01	-3.57541173E+01	1.05510283E+01
1.27000000E+01	1.82000000E+01	2.10000000E+01	1.00000000E-09	1.93891670E+01	-3.57541173E+01	1.05510283E+01
1.88000000E+01	1.82000000E+01	2.10000000E+01	1.00000000E-09	1.78886122E+01	-3.57541173E+01	1.05510283E+01
2.49000000E+01	1.82000000E+01	2.10000000E+01	1.00000000E-09	1.63372292E+01	-3.57541173E+01	1.05510283E+01
-3.00000000E+01	-2.50000000E+01	2.90000000E+01	1.00000000E-09	2.58880554E+01	-4.75793312E+01	3.52870552E+00
-2.39000000E+01	-2.50000000E+01	2.90000000E+01	1.00000000E-09	2.50767163E+01	-4.75793312E+01	3.52870552E+00
-1.78000000E+01	-2.50000000E+01	2.90000000E+01	1.00000000E-09	2.41080147E+01	-4.75793312E+01	3.52870552E+00
-1.17000000E+01	-2.50000000E+01	2.90000000E+01	1.00000000E-09	2.32080994E+01	-4.75793312E+01	3.52870552E+00
-5.60000000E+00	-2.50000000E+01	2.90000000E+01	1.00000000E-09	2.25870602E+01	-4.75793312E+01	3.52870552E+00
5.00000000E-01	-2.50000000E+01	2.90000000E+01	1.00000000E-09	2.23898821E+01	-4.75793312E+01	3.52870552E+00
6.60000000E+00	-2.50000000E+01	2.90000000E+01	1.00000000E-09	2.26625973E+01	-4.75793312E+01	3.52870552E+00
1.27000000E+01	-2.50000000E+01	2.90000000E+01	1.00000000E-09	2.33415391E+01	-4.75793312E+01	3.52870552E+00
1.88000000E+01	-2.50000000E+01	2.90000000E+01	1.00000000E-09	2.42682049E+01	-4.75793312E+01	3.52870552E+00
2.49000000E+01	-2.50000000E+01	2.90000000E+01	1.00000000E-09	2.52262596E+01	-4.75793312E+01	3.52870552E+00
-3.00000000E+01	-1.78000000E+01	2.90000000E+01	1.00000000E-09	2.68305246E+01	-4.84595612E+01	3.52870552E+00
-2.39000000E+01	-1.78000000E+01	2.90000000E+01	1.00000000E-09	2.55043990E+01	-4.84595612E+01	3.52870552E+00
-1.78000000E+01	-1.78000000E+01	2.90000000E+01	1.00000000E-09	2.39210662E+01	-4.84595612E+01	3.52870552E+00
-1.17000000E+01	-1.78000000E+01	2.90000000E+01	1.00000000E-09	2.24501637E+01	-4.84595612E+01	3.52870552E+00
-5.60000000E+00	-1.78000000E+01	2.90000000E+01	1.00000000E-09	2.14350815E+01	-4.84595612E+01	3.52870552E+00
5.00000000E-01	-1.78000000E+01	2.90000000E+01	1.00000000E-09	2.11127960E+01	-4.84595612E+01	3.52870552E+00
6.60000000E+00	-1.78000000E+01	2.90000000E+01	1.00000000E-09	2.15585463E+01	-4.84595612E+01	3.52870552E+00
1.27000000E+01	-1.78000000E+01	2.90000000E+01	1.00000000E-09	2.26682697E+01	-4.84595612E+01	3.52870552E+00
1.88000000E+01	-1.78000000E+01	2.90000000E+01	1.00000000E-09	2.41828954E+01	-4.84595612E+01	3.52870552E+00
2.49000000E+01	-1.78000000E+01	2.90000000E+01	1.00000000E-09	2.57488260E+01	-4.84595612E+01	3.52870552E+00
-3.00000000E+01	-1.06000000E+01	2.90000000E+01	1.00000000E-09	2.65678289E+01	-4.94223408E+01	3.52870552E+00
-2.39000000E+01	-1.06000000E+01	2.90000000E+01	1.00000000E-09	2.53851904E+01	-4.94223408E+01	3.52870552E+00
-1.78000000E+01	-1.06000000E+01	2.90000000E+01	1.00000000E-09	2.39731746E+01	-4.94223408E+01	3.52870552E+00
-1.17000000E+01	-1.06000000E+01	2.90000000E+01	1.00000000E-09	2.26614242E+01	-4.94223408E+01	3.52870552E+00
-5.60000000E+00	-1.06000000E+01	2.90000000E+01	1.00000000E-09	2.17561741E+01	-4.94223408E+01	3.52870552E+00
5.00000000E-01	-1.06000000E+01	2.90000000E+01	1.00000000E-09	2.14687599E+01	-4.94223408E+01	3.52870552E+00
6.60000000E+00	-1.06000000E+01	2.90000000E+01	1.00000000E-09	2.18662799E+01	-4.94223408E+01	3.52870552E+00
1.27000000E+01	-1.06000000E+01	2.90000000E+01	1.00000000E-09	2.28559310E+01	-4.94223408E+01	3.52870552E+00
1.88000000E+01	-1.06000000E+01	2.90000000E+01	1.00000000E-09	2.42066738E+01	-4.94223408E+01	3.52870552E+00
2.49000000E+01	-1.06000000E+01	2.90000000E+01	1.00000000E-09	2.56031703E+01	-4.94223408E+01	3.52870552E+00
-3.00000000E+01	-3.40000000E+00	2.90000000E+01	1.00000000E-09	2.52303674E+01	-4.92315710E+01	3.52870552E+00
-2.39000000E+01	-3.40000000E+00	2.90000000E+01	1.00000000E-09	2.47782642E+01	-4.92315710E+01	3.52870552E+00
-1.78000000E+01	-3.40000000E+00	2.90000000E+01	1.00000000E-09	2.42384739E+01	-4.92315710E+01	3.52870552E+00
-1.17000000E+01	-3.40000000E+00	2.90000000E+01	1.00000000E-09	2.37370134E+01	-4.92315710E+01	3.52870552E+00
-5.60000000E+00	-3.40000000E+00	2.90000000E+01	1.00000000E-09	2.33909513E+01	-4.92315710E+01	3.52870552E+00
5.00000000E-01	-3.40000000E+00	2.90000000E+01	1.00000000E-09	2.32810776E+01	-4.92315710E+01	3.52870552E+00
6.60000000E+00	-3.40000000E+00	2.90000000E+01	1.00000000E-09	2.34330429E+01	-4.92315710E+01	3.52870552E+00
1.27000000E+01	-3.40000000E+00	2.90000000E+01	1.00000000E-09	2.38113702E+01	-4.92315710E+01	3.52870552E+00
1.88000000E+01	-3.40000000E+00	2.90000000E+01	1.00000000E-09	2.43277368E+01	-4.92315710E+01	3.52870552E+00
2.49000000E+01	-3.40000000E+00	2.90000000E+01	1.00000000E-09	2.48615944E+01	-4.92315710E+01	3.52870552E+00
-3.00000000E+01	3.80000000E+00	2.90000000E+01	1.00000000E-09	2.34820408E+01	-4.83374833E+01	3.52870552E+00
-2.39000000E+01	3.80000000E+00	2.90000000E+01	1.00000000E-09	2.39848917E+01	-4.83374833E+01	3.52870552E+00
-1.78000000E+01	3.80000000E+00	2.90000000E+01	1.00000000E-09	2.45852726E+01	-4.83374833E+01	3.52870552E+00
-1.17000000E+01	3.80000000E+00	2.90000000E+01	1.00000000E-09	2.51430213E+01	-4.83374833E+01	3.52870552E+00
-5.60000000E+00	3.80000000E+00	2.90000000E+01	1.00000000E-09	2.55279283E+01	-4.83374833E+01	3.52870552E+00
5.00000000E-01	3.80000000E+00	2.90000000E+01	1.00000000E-09	2.56501352E+01	-4.83374833E+01	3.52870552E+00
6.60000000E+00	3.80000000E+00	2.90000000E+01	1.00000000E-09	2.54811120E+01	-4.83374833E+01	3.52870552E+00
1.27000000E+01	3.80000000E+00	2.90000000E+01	1.00000000E-09	2.50603181E+01	-4.83374833E+01	3.52870552E+00
1.88000000E+01	3.80000000E+00	2.90000000E+01	1.00000000E-09	2.44859901E+01	-4.83374833E+01	3.52870552E+00
2.49000000E+01	3.80000000E+00	2.90000000E+01	1.00000000E-09	2.38922079E+01	-4.83374833E+01	3.52870552E+00
-3.00000000E+01	1.10000000E+01	2.90000000E+01	1.00000000E-09	2.21906982E+01	-4.82169536E+01	3.52870552E+00
-2.39000000E+01	1.10000000E+01	2.90000000E+01	1.00000000E-09	2.33988939E+01	-4.82169536E+01	3.52870552E+00
-1.78000000E+01	1.10000000E+01	2.90000000E+01	1.00000000E-09	2.48414238E+01	-4.82169536E+01	3.52870552E+00
-1.17000000E+01	1.10000000E+01	2.90000000E+01	1.00000000E-09	2.61815216E+01	-4.82169536E+01	3.52870552E+00
-5.60000000E+00	1.10000000E+01	2.90000000E+01	1.00000000E-09	2.71063343E+01	-4.82169536E+01	3.52870552E+00
5.00000000E-01	1.10000000E+01	2.90000000E+01	1.00000000E-09	2.73999597E+01	-4.82169536E+01	3.52870552E+00
6.60000000E+00	1.10000000E+01	2.90000000E+01	1.00000000E-09	2.69938491E+01	-4.82169536E+01	3.52870552E+00
1.27000000E+01	1.10000000E+01	2.90000000E+01	1.00000000E-09	2.59828114E+01	-4.82169536E+01	3.52870552E+00
1.88000000E+01	1.10000000E+01	2.90000000E+01	1.00000000E-09	2.46028786E+01	-4.82169536E+01	3.52870552E+00
2.49000000E+01	1.10000000E+01	2.90000000E+01	1.00000000E-09	2.31762033E+01	-4.82169536E+01	3.52870552E+00
-3.00000000E+01	1.82000000E+01	2.90000000E+01	1.00000000E-09	2.19973475E+01	-4.92176531E+01	3.52870552E+00
-2.39000000E+01	1.82000000E+01	2.90000000E+01	1.00000000E-09	2.33111533E+01	-4.92176531E+01	3.52870552E+00
-1.78000000E+01	1.82000000E+01	2.90000000E+01	1.00000000E-09	2.48797769E+01	-4.92176531E+01	3.52870552E+00
-1.17000000E+01	1.82000000E+01	2.90000000E+01	1.00000000E-09	2.63370146E+01	-4.92176531E+01	3.52870552E+00
-5.60000000E+00	1.82000000E+01	2.90000000E+01	1.00000000E-09	2.73426667E+01	-4.92176531E+01	3.52870552E+00
5.00000000E-01	1.82000000E+01	2.90000000E+01	1.00000000E-09	2.76619582E+01	-4.92176531E+01	3.52870552E+00
6.60000000E+00	1.82000000E+01	2.90000000E+01	1.00000000E-09	2.72203490E+01	-4.92176531E+01	3.52870552E+00
1.27000000E+01	1.82000000E+01	2.90000000E+01	1.00000000E-09	2.61209349E+01	-4.92176531E+01	3.52870552E+00
1.88000000E+01	1.82000000E+01	2.90000000E+01	1.00000000E-09	2.46203801E+01	-4.92176531E+01	3.52870552E+00
2.49000000E+01	1.82000000E+01	2.90000000E+01	1.00000000E-09	2.30689971E+01	-4.92176531E+01	3.52870552E+00
-3.00000000E+01	-2.50000000E+01	-3.50000000E+01	1.50000000E-09	-3.31515081E+01	7.12779550E+01	7.46758097E+00
-2.39000000E+01	-2.50000000E+01	-3.50000000E+01	1.50000000E-09	-3.41132843E+01	7.12779550E+01	7.46758097E+00
-1.78000000E+01	-2.50000000E+01	-3.50000000E+01	1.50000000E-09	-3.52616007E+01	7.12779550E+01	7.46758097E+00
-1.17000000E+01	-2.50000000E+01	-3.50000000E+01	1.50000000E-09	-3.63283767E+01	7.12779550E+01	7.46758097E+00
-5.60000000E+00	-2.50000000E+01	-3.50000000E+01	1.50000000E-09	-3.70645678E+01	7.12779550E+01	7.46758097E+00
5.00000000E-01	-2.50000000E+01	-3.50000000E+01	1.50000000E-09	-3.72983063E+01	7.12779550E+01	7.46758097E+00
6.60000000E+00	-2.50000000E+01	-3.50000000E+01	1.50000000E-09	-3.69750247E+01	7.12779550E+01	7.46758097E+00
1.27000000E+01	-2.50000000E+01	-3.50000000E+01	1.50000000E-09	-3.61701948E+01	7.12779550E+01	7.46758097E+00
1.88000000E+01	-2.50000000E+01	-3.50000000E+01	1.50000000E-09	-3.50717084E+01	7.12779550E+01	7.46758097E+00
2.49000000E+01	-2.50000000E+01	-3.50000000E+01	1.50000000E-09	-3.39360129E+01	7.12779550E+01	7.46758097E+00
-3.00000000E+01	-1.78000000E+01	-3.50000000E+01	1.50000000E-09	-3.20342880E+01	7.02345144E+01	7.46758097E+00
-2.39000000E+01	-1.78000000E+01	-3.50000000E+01	1.50000000E-09	-3.36063014E+01	7.02345144E+01	7.46758097E+00
-1.78000000E+01	-1.78000000E+01	-3.50000000E+01	1.50000000E-09	-3.54832128E+01	7.02345144E+01	7.46758097E+00
-1.17000000E+01	-1.78000000E+01	-3.50000000E+01	1.50000000E-09	-3.72268474E+01	7.02345144E+01	7.46758097E+00
-5.60000000E+00	-1.78000000E+01	-3.50000000E+01	1.50000000E-09	-3.84301442E+01	7.02345144E+01	7.46758097E+00
5.00000000E-01	-1.78000000E+01	-3.50000000E+01	1.50000000E-09	-3.88121874E+01	7.02345144E+01	7.46758097E+00
6.60000000E+00	-1.78000000E+01	-3.50000000E+01	1.50000000E-09	-3.82837869E+01	7.02345144E+01	7.46758097E+00
1.27000000E+01	-1.78000000E+01	-3.50000000E+01	1.50000000E-09	-3.69683006E+01	7.02345144E+01	7.46758097E+00
1.88000000E+01	-1.78000000E+01	-3.50000000E+01	1.50000000E-09	-3.51728358E+01	7.02345144E+01	7.46758097E+00
2.49000000E+01	-1.78000000E+01	-3.50000000E+01	1.50000000E-09	-3.33165532E+01	7.02345144E+01	7.46758097E+00
-3.00000000E+01	-1.06000000E+01	-3.50000000E+01	1.50000000E-09	-3.23456923E+01	6.90932179E+01	7.46758097E+00
-2.39000000E+01	-1.06000000E+01	-3.50000000E+01	1.50000000E-09	-3.37476135E+01	6.90932179E+01	7.46758097E+00
-1.78000000E+01	-1.06000000E+01	-3.50000000E+01	1.50000000E-09	-3.54214426E+01	6.90932179E+01	7.46758097E+00
-1.17000000E+01	-1.06000000E+01	-3.50000000E+01	1.50000000E-09	-3.69764154E+01	6.90932179E+01	7.46758097E+00
-5.60000000E+00	-1.06000000E+01	-3.50000000E+01	1.50000000E-09	-3.80495152E+01	6.90932179E+01	7.46758097E+00
5.00000000E-01	-1.06000000E+01	-3.50000000E+01	1.50000000E-09	-3.83902212E+01	6.90932179E+01	7.46758097E+00
6.60000000E+00	-1.06000000E+01	-3.50000000E+01	1.50000000E-09	-3.79189938E+01	6.90932179E+01	7.46758097E+00
1.27000000E+01	-1.06000000E+01	-3.50000000E+01	1.50000000E-09	-3.67458435E+01	6.90932179E+01	7.46758097E+00
1.88000000E+01	-1.06000000E+01	-3.50000000E+01	1.50000000E-09	-3.51446484E+01	6.90932179E+01	7.46758097E+00
2.49000000E+01	-1.06000000E+01	-3.50000000E+01	1.50000000E-09	-3.34892161E+01	6.90932179E+01	7.46758097E+00
-3.00000000E+01	-3.40000000E+00	-3.50000000E+01	1.50000000E-09	-3.39311434E+01	6.93193600E+01	7.46758097E+00
-2.39000000E+01	-3.40000000E+00	-3.50000000E+01	1.50000000E-09	-3.44670747E+01	6.93193600E+01	7.46758097E+00
-1.78000000E+01	-3.40000000E+00	-3.50000000E+01	1.50000000E-09	-3.51069520E+01	6.93193600E+01	7.46758097E+00
-1.17000000E+01	-3.40000000E+00	-3.50000000E+01	1.50000000E-09	-3.57013924E+01	6.93193600E+01	7.46758097E+00
-5.60000000E+00	-3.40000000E+00	-3.50000000E+01	1.50000000E-09	-3.61116207E+01	6.93193600E+01	7.46758097E+00
5.00000000E-01	-3.40000000E+00	-3.50000000E+01	1.50000000E-09	-3.62418670E+01	6.93193600E+01	7.46758097E+00
6.60000000E+00	-3.40000000E+00	-3.50000000E+01	1.50000000E-09	-3.60617245E+01	6.93193600E+01	7.46758097E+00
1.27000000E+01	-3.40000000E+00	-3.50000000E+01	1.50000000E-09	-3.56132485E+01	6.93193600E+01	7.46758097E+00
1.88000000E+01	-3.40000000E+00	-3.50000000E+01	1.50000000E-09	-3.50011381E+01	6.93193600E+01	7.46758097E+00
2.49000000E+01	-3.40000000E+00	-3.50000000E+01	1.50000000E-09	-3.43682937E+01	6.93193600E+01	7.46758097E+00
-3.00000000E+01	3.80000000E+00	-3.50000000E+01	1.50000000E-09	-3.60036416E+01	7.03792278E+01	7.46758097E+00
-2.39000000E+01	3.80000000E+00	-3.50000000E+01	1.50000000E-09	-3.54075529E+01	7.03792278E+01	7.46758097E+00
-1.78000000E+01	3.80000000E+00	-3.50000000E+01	1.50000000E-09	-3.46958505E+01	7.03792278E+01	7.46758097E+00
-1.17000000E+01	3.80000000E+00	-3.50000000E+01	1.50000000E-09	-3.40346851E+01	7.03792278E+01	7.46758097E+00
-5.60000000E+00	3.80000000E+00	-3.50000000E+01	1.50000000E-09	-3.35784093E+01	7.03792278E+01	7.46758097E+00
5.00000000E-01	3.80000000E+00	-3.50000000E+01	1.50000000E-09	-3.34335431E+01	7.03792278E+01	7.46758097E+00
6.60000000E+00	3.80000000E+00	-3.50000000E+01	1.50000000E-09	-3.36339063E+01	7.03792278E+01	7.46758097E+00
1.27000000E+01	3.80000000E+00	-3.50000000E+01	1.50000000E-09	-3.41327230E+01	7.03792278E+01	7.46758097E+00
1.88000000E+01	3.80000000E+00	-3.50000000E+01	1.50000000E-09	-3.48135418E+01	7.03792278E+01	7.46758097E+00
2.49000000E+01	3.80000000E+00	-3.50000000E+01	1.50000000E-09	-3.55174220E+01	7.03792278E+01	7.46758097E+00
-3.00000000E+01	1.10000000E+01	-3.50000000E+01	1.50000000E-09	-3.75344225E+01	7.05221059E+01	7.46758097E+00
-2.39000000E+01	1.10000000E+01	-3.50000000E+01	1.50000000E-09	-3.61022054E+01	7.05221059E+01	7.46758097E+00
-1.78000000E+01	1.10000000E+01	-3.50000000E+01	1.50000000E-09	-3.43922043E+01	7.05221059E+01	7.46758097E+00
-1.17000000E+01	1.10000000E+01	-3.50000000E+01	1.50000000E-09	-3.28036280E+01	7.05221059E+01	7.46758097E+00
-5.60000000E+00	1.10000000E+01	-3.50000000E+01	1.50000000E-09	-3.17073382E+01	7.05221059E+01	7.46758097E+00
5.00000000E-01	1.10000000E+01	-3.50000000E+01	1.50000000E-09	-3.13592694E+01	7.05221059E+01	7.46758097E+00
6.60000000E+00	1.10000000E+01	-3.50000000E+01	1.50000000E-09	-3.18406802E+01	7.05221059E+01	7.46758097E+00
1.27000000E+01	1.10000000E+01	-3.50000000E+01	1.50000000E-09	-3.30391827E+01	7.05221059E+01	7.46758097E+00
1.88000000E+01	1.10000000E+01	-3.50000000E+01	1.50000000E-09	-3.46749801E+01	7.05221059E+01	7.46758097E+00
2.49000000E+01	1.10000000E+01	-3.50000000E+01	1.50000000E-09	-3.63661868E+01	7.05221059E+01	7.46758097E+00
-3.00000000E+01	1.82000000E+01	-3.50000000E+01	1.50000000E-09	-3.77636240E+01	6.93358585E+01	7.46758097E+00
-2.39000000E+01	1.82000000E+01	-3.50000000E+01	1.50000000E-09	-3.62062146E+01	6.93358585E+01	7.46758097E+00
-1.78000000E+01	1.82000000E+01	-3.50000000E+01	1.50000000E-09	-3.43467398E+01	6.93358585E+01	7.46758097E+00
-1.17000000E+01	1.82000000E+01	-3.50000000E+01	1.50000000E-09	-3.26193037E+01	6.93358585E+01	7.46758097E+00
-5.60000000E+00	1.82000000E+01	-3.50000000E+01	1.50000000E-09	-3.14271855E+01	6.93358585E+01	7.46758097E+00
5.00000000E-01	1.82000000E+01	-3.50000000E+01	1.50000000E-09	-3.10486915E+01	6.93358585E+01	7.46758097E+00
6.60000000E+00	1.82000000E+01	-3.50000000E+01	1.50000000E-09	-3.15721832E+01	6.93358585E+01	7.46758097E+00
1.27000000E+01	1.82000000E+01	-3.50000000E+01	1.50000000E-09	-3.28754486E+01	6.93358585E+01	7.46758097E+00
1.88000000E+01	1.82000000E+01	-3.50000000E+01	1.50000000E-09	-3.46542335E+01	6.93358585E+01	7.46758097E+00
2.49000000E+01	1.82000000E+01	-3.50000000E+01	1.50000000E-09	-3.64932711E+01	6.93358585E+01	7.46758097E+00
-3.00000000E+01	-2.50000000E+01	-2.70000000E+01	1.50000000E-09	-2.51715482E+01	5.53180352E+01	-7.07804155E+00
-2.39000000E+01	-2.50000000E+01	-2.70000000E+01	1.50000000E-09	-2.61333244E+01	5.53180352E+01	-7.07804155E+00
-1.78000000E+01	-2.50000000E+01	-2.70000000E+01	1.50000000E-09	-2.72816408E+01	5.53180352E+01	-7.07804155E+00
-1.17000000E+01	-2.50000000E+01	-2.70000000E+01	1.50000000E-09	-2.83484168E+01	5.53180352E+01	-7.07804155E+00
-5.60000000E+00	-2.50000000E+01	-2.70000000E+01	1.50000000E-09	-2.90846079E+01	5.53180352E+01	-7.07804155E+00
5.00000000E-01	-2.50000000E+01	-2.70000000E+01	1.50000000E-09	-2.93183464E+01	5.53180352E+01	-7.07804155E+00
6.60000000E+00	-2.50000000E+01	-2.70000000E+01	1.50000000E-09	-2.89950648E+01	5.53180352E+01	-7.07804155E+00
1.27000000E+01	-2.50000000E+01	-2.70000000E+01	1.50000000E-09	-2.81902349E+01	5.53180352E+01	-7.07804155E+00
1.88000000E+01	-2.50000000E+01	-2.70000000E+01	1.50000000E-09	-2.70917485E+01	5.53180352E+01	-7.07804155E+00
2.49000000E+01	-2.50000000E+01	-2.70000000E+01	1.50000000E-09	-2.59560530E+01	5.53180352E+01	-7.07804155E+00
-3.00000000E+01	-1.78000000E+01	-2.70000000E+01	1.50000000E-09	-2.40543281E+01	5.42745947E+01	-7.07804155E+00
-2.39000000E+01	-1.78000000E+01	-2.70000000E+01	1.50000000E-09	-2.56263415E+01	5.42745947E+01	-7.07804155E+00
-1.78000000E+01	-1.78000000E+01	-2.70000000E+01	1.50000000E-09	-2.75032529E+01	5.42745947E+01	-7.07804155E+00
-1.17000000E+01	-1.78000000E+01	-2.70000000E+01	1.50000000E-09	-2.92468875E+01	5.42745947E+01	-7.07804155E+00
-5.60000000E+00	-1.78000000E+01	-2.70000000E+01	1.50000000E-09	-3.04501843E+01	5.42745947E+01	-7.07804155E+00
5.00000000E-01	-1.78000000E+01	-2.70000000E+01	1.50000000E-09	-3.08322275E+01	5.42745947E+01	-7.07804155E+00
6.60000000E+00	-1.78000000E+01	-2.70000000E+01	1.50000000E-09	-3.03038270E+01	5.42745947E+01	-7.07804155E+00
1.27000000E+01	-1.78000000E+01	-2.70000000E+01	1.50000000E-09	-2.89883407E+01	5.42745947E+01	-7.07804155E+00
1.88000000E+01	-1.78000000E+01	-2.70000000E+01	1.50000000E-09	-2.71928759E+01	5.42745947E+01	-7.07804155E+00
2.49000000E+01	-1.78000000E+01	-2.70000000E+01	1.50000000E-09	-2.53365933E+01	5.42745947E+01	-7.07804155E+00
-3.00000000E+01	-1.06000000E+01	-2.70000000E+01	1.50000000E-09	-2.43657324E+01	5.31332981E+01	-7.07804155E+00
-2.39000000E+01	-1.06000000E+01	-2.70000000E+01	1.50000000E-09	-2.57676536E+01	5.31332981E+01	-7.07804155E+00
-1.78000000E+01	-1.06000000E+01	-2.70000000E+01	1.50000000E-09	-2.74414827E+01	5.31332981E+01	-7.07804155E+00
-1.17000000E+01	-1.06000000E+01	-2.70000000E+01	1.50000000E-09	-2.89964555E+01	5.31332981E+01	-7.07804155E+00
-5.60000000E+00	-1.06000000E+01	-2.70000000E+01	1.50000000E-09	-3.00695553E+01	5.31332981E+01	-7.07804155E+00
5.00000000E-01	-1.06000000E+01	-2.70000000E+01	1.50000000E-09	-3.04102613E+01	5.31332981E+01	-7.07804155E+00
6.60000000E+00	-1.06000000E+01	-2.70000000E+01	1.50000000E-09	-2.99390339E+01	5.31332981E+01	-7.07804155E+00
1.27000000E+01	-1.06000000E+01	-2.70000000E+01	1.50000000E-09	-2.87658836E+01	5.31332981E+01	-7.07804155E+00
1.88000000E+01	-1.06000000E+01	-2.70000000E+01	1.50000000E-09	-2.71646885E+01	5.31332981E+01	-7.07804155E+00
2.49000000E+01	-1.06000000E+01	-2.70000000E+01	1.50000000E-09	-2.55092562E+01	5.31332981E+01	-7.07804155E+00
-3.00000000E+01	-3.40000000E+00	-2.70000000E+01	1.50000000E-09	-2.59511835E+01	5.33594402E+01	-7.07804155E+00
-2.39000000E+01	-3.40000000E+00	-2.70000000E+01	1.50000000E-09	-2.64871148E+01	5.33594402E+01	-7.07804155E+00
-1.78000000E+01	-3.40000000E+00	-2.70000000E+01	1.50000000E-09	-2.71269921E+01	5.33594402E+01	-7.07804155E+00
-1.17000000E+01	-3.40000000E+00	-2.70000000E+01	1.50000000E-09	-2.77214325E+01	5.33594402E+01	-7.07804155E+00
-5.60000000E+00	-3.40000000E+00	-2.70000000E+01	1.50000000E-09	-2.81316608E+01	5.33594402E+01	-7.07804155E+00
5.00000000E-01	-3.40000000E+00	-2.70000000E+01	1.50000000E-09	-2.82619071E+01	5.33594402E+01	-7.07804155E+00
6.60000000E+00	-3.40000000E+00	-2.70000000E+01	1.50000000E-09	-2.80817646E+01	5.33594402E+01	-7.07804155E+00
1.27000000E+01	-3.40000000E+00	-2.70000000E+01	1.50000000E-09	-2.76332886E+01	5.33594402E+01	-7.07804155E+00
1.88000000E+01	-3.40000000E+00	-2.70000000E+01	1.50000000E-09	-2.70211782E+01	5.33594402E+01	-7.07804155E+00
2.49000000E+01	-3.40000000E+00	-2.70000000E+01	1.50000000E-09	-2.63883338E+01	5.33594402E+01	-7.07804155E+00
-3.00000000E+01	3.80000000E+00	-2.70000000E+01	1.50000000E-09	-2.80236817E+01	5.44193080E+01	-7.07804155E+00
-2.39000000E+01	3.80000000E+00	-2.70000000E+01	1.50000000E-09	-2.74275930E+01	5.44193080E+01	-7.07804155E+00
-1.78000000E+01	3.80000000E+00	-2.70000000E+01	1.50000000E-09	-2.67158906E+01	5.44193080E+01	-7.07804155E+00
-1.17000000E+01	3.80000000E+00	-2.70000000E+01	1.50000000E-09	-2.60547252E+01	5.44193080E+01	-7.07804155E+00
-5.60000000E+00	3.80000000E+00	-2.70000000E+01	1.50000000E-09	-2.55984494E+01	5.44193080E+01	-7.07804155E+00
5.00000000E-01	3.80000000E+00	-2.70000000E+01	1.50000000E-09	-2.54535832E+01	5.44193080E+01	-7.07804155E+00
6.60000000E+00	3.80000000E+00	-2.70000000E+01	1.50000000E-09	-2.56539464E+01	5.44193080E+01	-7.07804155E+00
1.27000000E+01	3.80000000E+00	-2.70000000E+01	1.50000000E-09	-2.61527631E+01	5.44193080E+01	-7.07804155E+00
1.88000000E+01	3.80000000E+00	-2.70000000E+01	1.50000000E-09	-2.68335819E+01	5.44193080E+01	-7.07804155E+00
2.49000000E+01	3.80000000E+00	-2.70000000E+01	1.50000000E-09	-2.75374621E+01	5.44193080E+01	-7.07804155E+00
-3.00000000E+01	1.10000000E+01	-2.70000000E+01	1.50000000E-09	-2.95544626E+01	5.45621861E+01	-7.07804155E+00
-2.39000000E+01	1.10000000E+01	-2.70000000E+01	1.50000000E-09	-2.81222455E+01	5.45621861E+01	-7.07804155E+00
-1.78000000E+01	1.10000000E+01	-2.70000000E+01	1.50000000E-09	-2.64122444E+01	5.45621861E+01	-7.07804155E+00
-1.17000000E+01	1.10000000E+01	-2.70000000E+01	1.50000000E-09	-2.48236681E+01	5.45621861E+01	-7.07804155E+00
-5.60000000E+00	1.10000000E+01	-2.70000000E+01	1.50000000E-09	-2.37273783E+01	5.45621861E+01	-7.07804155E+00
5.00000000E-01	1.10000000E+01	-2.70000000E+01	1.50000000E-09	-2.33793095E+01	5.45621861E+01	-7.07804155E+00
6.60000000E+00	1.10000000E+01	-2.70000000E+01	1.50000000E-09	-2.38607203E+01	5.45621861E+01	-7.07804155E+00
1.27000000E+01	1.10000000E+01	-2.70000000E+01	1.50000000E-09	-2.50592228E+01	5.45621861E+01	-7.07804155E+00
1.88000000E+01	1.10000000E+01	-2.70000000E+01	1.50000000E-09	-2.66950202E+01	5.45621861E+01	-7.07804155E+00
2.49000000E+01	1.10000000E+01	-2.70000000E+01	1.50000000E-09	-2.83862269E+01	5.45621861E+01	-7.07804155E+00
-3.00000000E+01	1.82000000E+01	-2.70000000E+01	1.50000000E-09	-2.97836641E+01	5.33759388E+01	-7.07804155E+00
-2.39000000E+01	1.82000000E+01	-2.70000000E+01	1.50000000E-09	-2.82262547E+01	5.33759388E+01	-7.07804155E+00
-1.78000000E+01	1.82000000E+01	-2.70000000E+01	1.50000000E-09	-2.63667799E+01	5.33759388E+01	-7.07804155E+00
-1.17000000E+01	1.82000000E+01	-2.70000000E+01	1.50000000E-09	-2.46393438E+01	5.33759388E+01	-7.07804155E+00
-5.60000000E+00	1.82000000E+01	-2.70000000E+01	1.50000000E-09	-2.34472256E+01	5.33759388E+01	-7.07804155E+00
5.00000000E-01	1.82000000E+01	-2.70000000E+01	1.50000000E-09	-2.30687316E+01	5.33759388E+01	-7.07804155E+00
6.60000000E+00	1.82000000E+01	-2.70000000E+01	1.50000000E-09	-2.35922233E+01	5.33759388E+01	-7.07804155E+00
1.27000000E+01	1.82000000E+01	-2.70000000E+01	1.50000000E-09	-2.48954887E+01	5.33759388E+01	-7.07804155E+00
1.88000000E+01	1.82000000E+01	-2.70000000E+01	1.50000000E-09	-2.66742736E+01	5.33759388E+01	-7.07804155E+00
2.49000000E+01	1.82000000E+01	-2.70000000E+01	1.50000000E-09	-2.85133112E+01	5.33759388E+01	-7.07804155E+00
-3.00000000E+01	-2.50000000E+01	-1.90000000E+01	1.50000000E-09	-1.71915883E+01	3.93581155E+01	-1.32291520E+01
-2.39000000E+01	-2.50000000E+01	-1.90000000E+01	1.50000000E-09	-1.81533645E+01	3.93581155E+01	-1.32291520E+01
-1.78000000E+01	-2.50000000E+01	-1.90000000E+01	1.50000000E-09	-1.93016809E+01	3.93581155E+01	-1.32291520E+01
-1.17000000E+01	-2.50000000E+01	-1.90000000E+01	1.50000000E-09	-2.03684569E+01	3.93581155E+01	-1.32291520E+01
-5.60000000E+00	-2.50000000E+01	-1.90000000E+01	1.50000000E-09	-2.11046480E+01	3.93581155E+01	-1.32291520E+01
5.00000000E-01	-2.50000000E+01	-1.90000000E+01	1.50000000E-09	-2.13383865E+01	3.93581155E+01	-1.32291520E+01
6.60000000E+00	-2.50000000E+01	-1.90000000E+01	1.50000000E-09	-2.10151049E+01	3.93581155E+01	-1.32291520E+01
1.27000000E+01	-2.50000000E+01	-1.90000000E+01	1.50000000E-09	-2.02102750E+01	3.93581155E+01	-1.32291520E+01
1.88000000E+01	-2.50000000E+01	-1.90000000E+01	1.50000000E-09	-1.91117886E+01	3.93581155E+01	-1.32291520E+01
2.49000000E+01	-2.50000000E+01	-1.90000000E+01	1.50000000E-09	-1.79760931E+01	3.93581155E+01	-1.32291520E+01
-3.00000000E+01	-1.78000000E+01	-1.90000000E+01	1.50000000E-09	-1.60743682E+01	3.83146749E+01	-1.32291520E+01
-2.39000000E+01	-1.78000000E+01	-1.90000000E+01	1.50000000E-09	-1.76463816E+01	3.83146749E+01	-1.32291520E+01
-1.78000000E+01	-1.78000000E+01	-1.90000000E+01	1.50000000E-09	-1.95232931E+01	3.83146749E+01	-1.32291520E+01
-1.17000000E+01	-1.78000000E+01	-1.90000000E+01	1.50000000E-09	-2.12669276E+01	3.83146749E+01	-1.32291520E+01
-5.60000000E+00	-1.78000000E+01	-1.90000000E+01	1.50000000E-09	-2.24702244E+01	3.83146749E+01	-1.32291520E+01
5.00000000E-01	-1.78000000E+01	-1.90000000E+01	1.50000000E-09	-2.28522676E+01	3.83146749E+01	-1.32291520E+01
6.60000000E+00	-1.78000000E+01	-1.90000000E+01	1.50000000E-09	-2.23238671E+01	3.83146749E+01	-1.32291520E+01
1.27000000E+01	-1.78000000E+01	-1.90000000E+01	1.50000000E-09	-2.10083808E+01	3.83146749E+01	-1.32291520E+01
1.88000000E+01	-1.78000000E+01	-1.90000000E+01	1.50000000E-09	-1.92129160E+01	3.83146749E+01	-1.32291520E+01
2.49000000E+01	-1.78000000E+01	-1.90000000E+01	1.50000000E-09	-1.73566334E+01	3.83146749E+01	-1.32291520E+01
-3.00000000E+01	-1.06000000E+01	-1.90000000E+01	1.50000000E-09	-1.63857725E+01	3.71733784E+01	-1.32291520E+01
-2.39000000E+01	-1.06000000E+01	-1.90000000E+01	1.50000000E-09	-1.77876937E+01	3.71733784E+01	-1.32291520E+01
-1.78000000E+01	-1.06000000E+01	-1.90000000E+01	1.50000000E-09	-1.94615228E+01	3.71733784E+01	-1.32291520E+01
-1.17000000E+01	-1.06000000E+01	-1.90000000E+01	1.50000000E-09	-2.10164956E+01	3.71733784E+01	-1.32291520E+01
-5.60000000E+00	-1.06000000E+01	-1.90000000E+01	1.50000000E-09	-2.20895954E+01	3.71733784E+01	-1.32291520E+01
5.00000000E-01	-1.06000000E+01	-1.90000000E+01	1.50000000E-09	-2.24303015E+01	3.71733784E+01	-1.32291520E+01
6.60000000E+00	-1.06000000E+01	-1.90000000E+01	1.50000000E-09	-2.19590740E+01	3.71733784E+01	-1.32291520E+01
1.27000000E+01	-1.06000000E+01	-1.90000000E+01	1.50000000E-09	-2.07859237E+01	3.71733784E+01	-1.32291520E+01
1.88000000E+01	-1.06000000E+01	-1.90000000E+01	1.50000000E-09	-1.91847286E+01	3.71733784E+01	-1.32291520E+01
2.49000000E+01	-1.06000000E+01	-1.90000000E+01	1.50000000E-09	-1.75292963E+01	3.71733784E+01	-1.32291520E+01
-3.00000000E+01	-3.40000000E+00	-1.90000000E+01	1.50000000E-09	-1.79712236E+01	3.73995204E+01	-1.32291520E+01
-2.39000000E+01	-3.40000000E+00	-1.90000000E+01	1.50000000E-09	-1.85071549E+01	3.73995204E+01	-1.32291520E+01
-1.78000000E+01	-3.40000000E+00	-1.90000000E+01	1.50000000E-09	-1.91470322E+01	3.73995204E+01	-1.32291520E+01
-1.17000000E+01	-3.40000000E+00	-1.90000000E+01	1.50000000E-09	-1.97414726E+01	3.73995204E+01	-1.32291520E+01
-5.60000000E+00	-3.40000000E+00	-1.90000000E+01	1.50000000E-09	-2.01517009E+01	3.73995204E+01	-1.32291520E+01
5.00000000E-01	-3.40000000E+00	-1.90000000E+01	1.50000000E-09	-2.02819472E+01	3.73995204E+01	-1.32291520E+01
6.60000000E+00	-3.40000000E+00	-1.90000000E+01	1.50000000E-09	-2.01018047E+01	3.73995204E+01	-1.32291520E+01
1.27000000E+01	-3.40000000E+00	-1.90000000E+01	1.50000000E-09	-1.96533287E+01	3.73995204E+01	-1.32291520E+01
1.88000000E+01	-3.40000000E+00	-1.90000000E+01	1.50000000E-09	-1.90412183E+01	3.73995204E+01	-1.32291520E+01
2.49000000E+01	-3.40000000E+00	-1.90000000E+01	1.50000000E-09	-1.84083739E+01	3.73995204E+01	-1.32291520E+01
-3.00000000E+01	3.80000000E+00	-1.90000000E+01	1.50000000E-09	-2.00437218E+01	3.84593882E+01	-1.32291520E+01
-2.39000000E+01	3.80000000E+00	-1.90000000E+01	1.50000000E-09	-1.94476331E+01	3.84593882E+01	-1.32291520E+01
-1.78000000E+01	3.80000000E+00	-1.90000000E+01	1.50000000E-09	-1.87359307E+01	3.84593882E+01	-1.32291520E+01
-1.17000000E+01	3.80000000E+00	-1.90000000E+01	1.50000000E-09	-1.80747653E+01	3.84593882E+01	-1.32291520E+01
-5.60000000E+00	3.80000000E+00	-1.90000000E+01	1.50000000E-09	-1.76184895E+01	3.84593882E+01	-1.32291520E+01
5.00000000E-01	3.80000000E+00	-1.90000000E+01	1.50000000E-09	-1.74736233E+01	3.84593882E+01	-1.32291520E+01
6.60000000E+00	3.80000000E+00	-1.90000000E+01	1.50000000E-09	-1.76739865E+01	3.84593882E+01	-1.32291520E+01
1.27000000E+01	3.80000000E+00	-1.90000000E+01	1.50000000E-09	-1.81728032E+01	3.84593882E+01	-1.32291520E+01
1.88000000E+01	3.80000000E+00	-1.90000000E+01	1.50000000E-09	-1.88536220E+01	3.84593882E+01	-1.32291520E+01
2.49000000E+01	3.80000000E+00	-1.90000000E+01	1.50000000E-09	-1.95575022E+01	3.84593882E+01	-1.32291520E+01
-3.00000000E+01	1.10000000E+01	-1.90000000E+01	1.50000000E-09	-2.15745027E+01	3.86022663E+01	-1.32291520E+01
-2.39000000E+01	1.10000000E+01	-1.90000000E+01	1.50000000E-09	-2.01422856E+01	3.86022663E+01	-1.32291520E+01
-1.78000000E+01	1.10000000E+01	-1.90000000E+01	1.50000000E-09	-1.84322845E+01	3.86022663E+01	-1.32291520E+01
-1.17000000E+01	1.10000000E+01	-1.90000000E+01	1.50000000E-09	-1.68437082E+01	3.86022663E+01	-1.32291520E+01
-5.60000000E+00	1.10000000E+01	-1.90000000E+01	1.50000000E-09	-1.57474184E+01	3.86022663E+01	-1.32291520E+01
5.00000000E-01	1.10000000E+01	-1.90000000E+01	1.50000000E-09	-1.53993496E+01	3.86022663E+01	-1.32291520E+01
6.60000000E+00	1.10000000E+01	-1.90000000E+01	1.50000000E-09	-1.58807604E+01	3.86022663E+01	-1.32291520E+01
1.27000000E+01	1.10000000E+01	-1.90000000E+01	1.50000000E-09	-1.70792629E+01	3.86022663E+01	-1.32291520E+01
1.88000000E+01	1.10000000E+01	-1.90000000E+01	1.50000000E-09	-1.87150603E+01	3.86022663E+01	-1.32291520E+01
2.49000000E+01	1.10000000E+01	-1.90000000E+01	1.50000000E-09	-2.04062670E+01	3.86022663E+01	-1.32291520E+01
-3.00000000E+01	1.82000000E+01	-1.90000000E+01	1.50000000E-09	-2.18037042E+01	3.74160190E+01	-1.32291520E+01
-2.39000000E+01	1.82000000E+01	-1.90000000E+01	1.50000000E-09	-2.02462949E+01	3.74160190E+01	-1.32291520E+01
-1.78000000E+01	1.82000000E+01	-1.90000000E+01	1.50000000E-09	-1.83868200E+01	3.74160190E+01	-1.32291520E+01
-1.17000000E+01	1.82000000E+01	-1.90000000E+01	1.50000000E-09	-1.66593839E+01	3.74160190E+01	-1.32291520E+01
-5.60000000E+00	1.82000000E+01	-1.90000000E+01	1.50000000E-09	-1.54672657E+01	3.74160190E+01	-1.32291520E+01
5.00000000E-01	1.82000000E+01	-1.90000000E+01	1.50000000E-09	-1.50887717E+01	3.74160190E+01	-1.32291520E+01
6.60000000E+00	1.82000000E+01	-1.90000000E+01	1.50000000E-09	-1.56122634E+01	3.74160190E+01	-1.32291520E+01
1.27000000E+01	1.82000000E+01	-1.90000000E+01	1.50000000E-09	-1.69155288E+01	3.74160190E+01	-1.32291520E+01
1.88000000E+01	1.82000000E+01	-1.90000000E+01	1.50000000E-09	-1.86943137E+01	3.74160190E+01	-1.32291520E+01
2.49000000E+01	1.82000000E+01	-1.90000000E+01	1.50000000E-09	-2.05333513E+01	3.74160190E+01	-1.32291520E+01
-3.00000000E+01	-2.50000000E+01	-1.10000000E+01	1.50000000E-09	-9.21162841E+00	2.33981957E+01	-1.12251340E+01
-2.39000000E+01	-2.50000000E+01	-1.10000000E+01	1.50000000E-09	-1.01734046E+01	2.33981957E+01	-1.12251340E+01
-1.78000000E+01	-2.50000000E+01	-1.10000000E+01	1.50000000E-09	-1.13217210E+01	2.33981957E+01	-1.12251340E+01
-1.17000000E+01	-2.50000000E+01	-1.10000000E+01	1.50000000E-09	-1.23884970E+01	2.33981957E+01	-1.12251340E+01
-5.60000000E+00	-2.50000000E+01	-1.10000000E+01	1.50000000E-09	-1.31246882E+01	2.33981957E+01	-1.12251340E+01
5.00000000E-01	-2.50000000E+01	-1.10000000E+01	1.50000000E-09	-1.33584266E+01	2.33981957E+01	-1.12251340E+01
6.60000000E+00	-2.50000000E+01	-1.10000000E+01	1.50000000E-09	-1.30351450E+01	2.33981957E+01	-1.12251340E+01
1.27000000E+01	-2.50000000E+01	-1.10000000E+01	1.50000000E-09	-1.22303151E+01	2.33981957E+01	-1.12251340E+01
1.88000000E+01	-2.50000000E+01	-1.10000000E+01	1.50000000E-09	-1.11318287E+01	2.33981957E+01	-1.12251340E+01
2.49000000E+01	-2.50000000E+01	-1.10000000E+01	1.50000000E-09	-9.99613326E+00	2.33981957E+01	-1.12251340E+01
-3.00000000E+01	-1.78000000E+01	-1.10000000E+01	1.50000000E-09	-8.09440836E+00	2.23547551E+01	-1.12251340E+01
-2.39000000E+01	-1.78000000E+01	-1.10000000E+01	1.50000000E-09	-9.66642175E+00	2.23547551E+01	-1.12251340E+01
-1.78000000E+01	-1.78000000E+01	-1.10000000E+01	1.50000000E-09	-1.15433332E+01	2.23547551E+01	-1.12251340E+01
-1.17000000E+01	-1.78000000E+01	-1.10000000E+01	1.50000000E-09	-1.32869677E+01	2.23547551E+01	-1.12251340E+01
-5.60000000E+00	-1.78000000E+01	-1.10000000E+01	1.50000000E-09	-1.44902645E+01	2.23547551E+01	-1.12251340E+01
5.00000000E-01	-1.78000000E+01	-1.10000000E+01	1.50000000E-09	-1.48723077E+01	2.23547551E+01	-1.12251340E+01
6.60000000E+00	-1.78000000E+01	-1.10000000E+01	1.50000000E-09	-1.43439072E+01	2.23547551E+01	-1.12251340E+01
1.27000000E+01	-1.78000000E+01	-1.10000000E+01	1.50000000E-09	-1.30284209E+01	2.23547551E+01	-1.12251340E+01
1.88000000E+01	-1.78000000E+01	-1.10000000E+01	1.50000000E-09	-1.12329561E+01	2.23547551E+01	-1.12251340E+01
2.49000000E+01	-1.78000000E+01	-1.10000000E+01	1.50000000E-09	-9.37667352E+00	2.23547551E+01	-1.12251340E+01
-3.00000000E+01	-1.06000000E+01	-1.10000000E+01	1.50000000E-09	-8.40581265E+00	2.12134586E+01	-1.12251340E+01
-2.39000000E+01	-1.06000000E+01	-1.10000000E+01	1.50000000E-09	-9.80773378E+00	2.12134586E+01	-1.12251340E+01
-1.78000000E+01	-1.06000000E+01	-1.10000000E+01	1.50000000E-09	-1.14815629E+01	2.12134586E+01	-1.12251340E+01
-1.17000000E+01	-1.06000000E+01	-1.10000000E+01	1.50000000E-09	-1.30365357E+01	2.12134586E+01	-1.12251340E+01
-5.60000000E+00	-1.06000000E+01	-1.10000000E+01	1.50000000E-09	-1.41096355E+01	2.12134586E+01	-1.12251340E+01
5.00000000E-01	-1.06000000E+01	-1.10000000E+01	1.50000000E-09	-1.44503416E+01	2.12134586E+01	-1.12251340E+01
6.60000000E+00	-1.06000000E+01	-1.10000000E+01	1.50000000E-09	-1.39791141E+01	2.12134586E+01	-1.12251340E+01
1.27000000E+01	-1.06000000E+01	-1.10000000E+01	1.50000000E-09	-1.28059638E+01	2.12134586E+01	-1.12251340E+01
1.88000000E+01	-1.06000000E+01	-1.10000000E+01	1.50000000E-09	-1.12047687E+01	2.12134586E+01	-1.12251340E+01
2.49000000E+01	-1.06000000E+01	-1.10000000E+01	1.50000000E-09	-9.54933639E+00	2.12134586E+01	-1.12251340E+01
-3.00000000E+01	-3.40000000E+00	-1.10000000E+01	1.50000000E-09	-9.99126375E+00	2.14396006E+01	-1.12251340E+01
-2.39000000E+01	-3.40000000E+00	-1.10000000E+01	1.50000000E-09	-1.05271950E+01	2.14396006E+01	-1.12251340E+01
-1.78000000E+01	-3.40000000E+00	-1.10000000E+01	1.50000000E-09	-1.11670723E+01	2.14396006E+01	-1.12251340E+01
-1.17000000E+01	-3.40000000E+00	-1.10000000E+01	1.50000000E-09	-1.17615127E+01	2.14396006E+01	-1.12251340E+01
-5.60000000E+00	-3.40000000E+00	-1.10000000E+01	1.50000000E-09	-1.21717410E+01	2.14396006E+01	-1.12251340E+01
5.00000000E-01	-3.40000000E+00	-1.10000000E+01	1.50000000E-09	-1.23019873E+01	2.14396006E+01	-1.12251340E+01
6.60000000E+00	-3.40000000E+00	-1.10000000E+01	1.50000000E-09	-1.21218449E+01	2.14396006E+01	-1.12251340E+01
1.27000000E+01	-3.40000000E+00	-1.10000000E+01	1.50000000E-09	-1.16733689E+01	2.14396006E+01	-1.12251340E+01
1.88000000E+01	-3.40000000E+00	-1.10000000E+01	1.50000000E-09	-1.10612584E+01	2.14396006E+01	-1.12251340E+01
2.49000000E+01	-3.40000000E+00	-1.10000000E+01	1.50000000E-09	-1.04284140E+01	2.14396006E+01	-1.12251340E+01
-3.00000000E+01	3.80000000E+00	-1.10000000E+01	1.50000000E-09	-1.20637619E+01	2.24994684E+01	-1.12251340E+01
-2.39000000E+01	3.80000000E+00	-1.10000000E+01	1.50000000E-09	-1.14676732E+01	2.24994684E+01	-1.12251340E+01
-1.78000000E+01	3.80000000E+00	-1.10000000E+01	1.50000000E-09	-1.07559708E+01	2.24994684E+01	-1.12251340E+01
-1.17000000E+01	3.80000000E+00	-1.10000000E+01	1.50000000E-09	-1.00948054E+01	2.24994684E+01	-1.12251340E+01
-5.60000000E+00	3.80000000E+00	-1.10000000E+01	1.50000000E-09	-9.63852964E+00	2.24994684E+01	-1.12251340E+01
5.00000000E-01	3.80000000E+00	-1.10000000E+01	1.50000000E-09	-9.49366343E+00	2.24994684E+01	-1.12251340E+01
6.60000000E+00	3.80000000E+00	-1.10000000E+01	1.50000000E-09	-9.69402660E+00	2.24994684E+01	-1.12251340E+01
1.27000000E+01	3.80000000E+00	-1.10000000E+01	1.50000000E-09	-1.01928433E+01	2.24994684E+01	-1.12251340E+01
1.88000000E+01	3.80000000E+00	-1.10000000E+01	1.50000000E-09	-1.08736621E+01	2.24994684E+01	-1.12251340E+01
2.49000000E+01	3.80000000E+00	-1.10000000E+01	1.50000000E-09	-1.15775423E+01	2.24994684E+01	-1.12251340E+01
-3.00000000E+01	1.10000000E+01	-1.10000000E+01	1.50000000E-09	-1.35945428E+01	2.26423465E+01	-1.12251340E+01
-2.39000000E+01	1.10000000E+01	-1.10000000E+01	1.50000000E-09	-1.21623257E+01	2.26423465E+01	-1.12251340E+01
-1.78000000E+01	1.10000000E+01	-1.10000000E+01	1.50000000E-09	-1.04523246E+01	2.26423465E+01	-1.12251340E+01
-1.17000000E+01	1.10000000E+01	-1.10000000E+01	1.50000000E-09	-8.86374834E+00	2.26423465E+01	-1.12251340E+01
-5.60000000E+00	1.10000000E+01	-1.10000000E+01	1.50000000E-09	-7.76745847E+00	2.26423465E+01	-1.12251340E+01
5.00000000E-01	1.10000000E+01	-1.10000000E+01	1.50000000E-09	-7.41938970E+00	2.26423465E+01	-1.12251340E+01
6.60000000E+00	1.10000000E+01	-1.10000000E+01	1.50000000E-09	-7.90080051E+00	2.26423465E+01	-1.12251340E+01
1.27000000E+01	1.10000000E+01	-1.10000000E+01	1.50000000E-09	-9.09930301E+00	2.26423465E+01	-1.12251340E+01
1.88000000E+01	1.10000000E+01	-1.10000000E+01	1.50000000E-09	-1.07351004E+01	2.26423465E+01	-1.12251340E+01
2.49000000E+01	1.10000000E+01	-1.10000000E+01	1.50000000E-09	-1.24263071E+01	2.26423465E+01	-1.12251340E+01
-3.00000000E+01	1.82000000E+01	-1.10000000E+01	1.50000000E-09	-1.38237443E+01	2.14560992E+01	-1.12251340E+01
-2.39000000E+01	1.82000000E+01	-1.10000000E+01	1.50000000E-09	-1.22663350E+01	2.14560992E+01	-1.12251340E+01
-1.78000000E+01	1.82000000E+01	-1.10000000E+01	1.50000000E-09	-1.04068601E+01	2.14560992E+01	-1.12251340E+01
-1.17000000E+01	1.82000000E+01	-1.10000000E+01	1.50000000E-09	-8.67942402E+00	2.14560992E+01	-1.12251340E+01
-5.60000000E+00	1.82000000E+01	-1.10000000E+01	1.50000000E-09	-7.48730582E+00	2.14560992E+01	-1.12251340E+01
5.00000000E-01	1.82000000E+01	-1.10000000E+01	1.50000000E-09	-7.10881183E+00	2.14560992E+01	-1.12251340E+01
6.60000000E+00	1.82000000E+01	-1.10000000E+01	1.50000000E-09	-7.63230349E+00	2.14560992E+01	-1.12251340E+01
1.27000000E+01	1.82000000E+01	-1.10000000E+01	1.50000000E-09	-8.93556888E+00	2.14560992E+01	-1.12251340E+01
1.88000000E+01	1.82000000E+01	-1.10000000E+01	1.50000000E-09	-1.07143538E+01	2.14560992E+01	-1.12251340E+01
2.49000000E+01	1.82000000E+01	-1.10000000E+01	1.50000000E-09	-1.25533914E+01	2.14560992E+01	-1.12251340E+01
-3.00000000E+01	-2.50000000E+01	-3.00000000E+00	1.50000000E-09	-1.23166851E+00	7.43827588E+00	-3.55065910E+00
-2.39000000E+01	-2.50000000E+01	-3.00000000E+00	1.50000000E-09	-2.19344472E+00	7.43827588E+00	-3.55065910E+00
-1.78000000E+01	-2.50000000E+01	-3.00000000E+00	1.50000000E-09	-3.34176112E+00	7.43827588E+00	-3.55065910E+00
-1.17000000E+01	-2.50000000E+01	-3.00000000E+00	1.50000000E-09	-4.40853714E+00	7.43827588E+00	-3.55065910E+00
-5.60000000E+00	-2.50000000E+01	-3.00000000E+00	1.50000000E-09	-5.14472826E+00	7.43827588E+00	-3.55065910E+00
5.00000000E-01	-2.50000000E+01	-3.00000000E+00	1.50000000E-09	-5.37846675E+00	7.43827588E+00	-3.55065910E+00
6.60000000E+00	-2.50000000E+01	-3.00000000E+00	1.50000000E-09	-5.05518513E+00	7.43827588E+00	-3.55065910E+00
1.27000000E+01	-2.50000000E+01	-3.00000000E+00	1.50000000E-09	-4.25035520E+00	7.43827588E+00	-3.55065910E+00
1.88000000E+01	-2.50000000E+01	-3.00000000E+00	1.50000000E-09	-3.15186878E+00	7.43827588E+00	-3.55065910E+00
2.49000000E+01	-2.50000000E+01	-3.00000000E+00	1.50000000E-09	-2.01617336E+00	7.43827588E+00	-3.55065910E+00
-3.00000000E+01	-1.78000000E+01	-3.00000000E+00	1.50000000E-09	-1.14448463E-01	6.39483531E+00	-3.55065910E+00
-2.39000000E+01	-1.78000000E+01	-3.00000000E+00	1.50000000E-09	-1.68646185E+00	6.39483531E+00	-3.55065910E+00
-1.78000000E+01	-1.78000000E+01	-3.00000000E+00	1.50000000E-09	-3.56337327E+00	6.39483531E+00	-3.55065910E+00
-1.17000000E+01	-1.78000000E+01	-3.00000000E+00	1.50000000E-09	-5.30700778E+00	6.39483531E+00	-3.55065910E+00
-5.60000000E+00	-1.78000000E+01	-3.00000000E+00	1.50000000E-09	-6.51030465E+00	6.39483531E+00	-3.55065910E+00
5.00000000E-01	-1.78000000E+01	-3.00000000E+00	1.50000000E-09	-6.89234783E+00	6.39483531E+00	-3.55065910E+00
6.60000000E+00	-1.78000000E+01	-3.00000000E+00	1.50000000E-09	-6.36394732E+00	6.39483531E+00	-3.55065910E+00
1.27000000E+01	-1.78000000E+01	-3.00000000E+00	1.50000000E-09	-5.04846102E+00	6.39483531E+00	-3.55065910E+00
1.88000000E+01	-1.78000000E+01	-3.00000000E+00	1.50000000E-09	-3.25299619E+00	6.39483531E+00	-3.55065910E+00
2.49000000E+01	-1.78000000E+01	-3.00000000E+00	1.50000000E-09	-1.39671363E+00	6.39483531E+00	-3.55065910E+00
-3.00000000E+01	-1.06000000E+01	-3.00000000E+00	1.50000000E-09	-4.25852753E-01	5.25353879E+00	-3.55065910E+00
-2.39000000E+01	-1.06000000E+01	-3.00000000E+00	1.50000000E-09	-1.82777389E+00	5.25353879E+00	-3.55065910E+00
-1.78000000E+01	-1.06000000E+01	-3.00000000E+00	1.50000000E-09	-3.50160301E+00	5.25353879E+00	-3.55065910E+00
-1.17000000E+01	-1.06000000E+01	-3.00000000E+00	1.50000000E-09	-5.05657582E+00	5.25353879E+00	-3.55065910E+00
-5.60000000E+00	-1.06000000E+01	-3.00000000E+00	1.50000000E-09	-6.12967566E+00	5.25353879E+00	-3.55065910E+00
5.00000000E-01	-1.06000000E+01	-3.00000000E+00	1.50000000E-09	-6.47038167E+00	5.25353879E+00	-3.55065910E+00
6.60000000E+00	-1.06000000E+01	-3.00000000E+00	1.50000000E-09	-5.99915423E+00	5.25353879E+00	-3.55065910E+00
1.27000000E+01	-1.06000000E+01	-3.00000000E+00	1.50000000E-09	-4.82600388E+00	5.25353879E+00	-3.55065910E+00
1.88000000E+01	-1.06000000E+01	-3.00000000E+00	1.50000000E-09	-3.22480881E+00	5.25353879E+00	-3.55065910E+00
2.49000000E+01	-1.06000000E+01	-3.00000000E+00	1.50000000E-09	-1.56937650E+00	5.25353879E+00	-3.55065910E+00
-3.00000000E+01	-3.40000000E+00	-3.00000000E+00	1.50000000E-09	-2.01130386E+00	5.47968085E+00	-3.55065910E+00
-2.39000000E+01	-3.40000000E+00	-3.00000000E+00	1.50000000E-09	-2.54723516E+00	5.47968085E+00	-3.55065910E+00
-1.78000000E+01	-3.40000000E+00	-3.00000000E+00	1.50000000E-09	-3.18711238E+00	5.47968085E+00	-3.55065910E+00
-1.17000000E+01	-3.40000000E+00	-3.00000000E+00	1.50000000E-09	-3.78155280E+00	5.47968085E+00	-3.55065910E+00
-5.60000000E+00	-3.40000000E+00	-3.00000000E+00	1.50000000E-09	-4.19178115E+00	5.47968085E+00	-3.55065910E+00
5.00000000E-01	-3.40000000E+00	-3.00000000E+00	1.50000000E-09	-4.32202743E+00	5.47968085E+00	-3.55065910E+00
6.60000000E+00	-3.40000000E+00	-3.00000000E+00	1.50000000E-09	-4.14188496E+00	5.47968085E+00	-3.55065910E+00
1.27000000E+01	-3.40000000E+00	-3.00000000E+00	1.50000000E-09	-3.69340896E+00	5.47968085E+00	-3.55065910E+00
1.88000000E+01	-3.40000000E+00	-3.00000000E+00	1.50000000E-09	-3.08129853E+00	5.47968085E+00	-3.55065910E+00
2.49000000E+01	-3.40000000E+00	-3.00000000E+00	1.50000000E-09	-2.44845410E+00	5.47968085E+00	-3.55065910E+00
-3.00000000E+01	3.80000000E+00	-3.00000000E+00	1.50000000E-09	-4.08380202E+00	6.53954862E+00	-3.55065910E+00
-2.39000000E+01	3.80000000E+00	-3.00000000E+00	1.50000000E-09	-3.48771332E+00	6.53954862E+00	-3.55065910E+00
-1.78000000E+01	3.80000000E+00	-3.00000000E+00	1.50000000E-09	-2.77601093E+00	6.53954862E+00	-3.55065910E+00
-1.17000000E+01	3.80000000E+00	-3.00000000E+00	1.50000000E-09	-2.11484555E+00	6.53954862E+00	-3.55065910E+00
-5.60000000E+00	3.80000000E+00	-3.00000000E+00	1.50000000E-09	-1.65856975E+00	6.53954862E+00	-3.55065910E+00
5.00000000E-01	3.80000000E+00	-3.00000000E+00	1.50000000E-09	-1.51370354E+00	6.53954862E+00	-3.55065910E+00
6.60000000E+00	3.80000000E+00	-3.00000000E+00	1.50000000E-09	-1.71406670E+00	6.53954862E+00	-3.55065910E+00
1.27000000E+01	3.80000000E+00	-3.00000000E+00	1.50000000E-09	-2.21288340E+00	6.53954862E+00	-3.55065910E+00
1.88000000E+01	3.80000000E+00	-3.00000000E+00	1.50000000E-09	-2.89370221E+00	6.53954862E+00	-3.55065910E+00
2.49000000E+01	3.80000000E+00	-3.00000000E+00	1.50000000E-09	-3.59758239E+00	6.53954862E+00	-3.55065910E+00
-3.00000000E+01	1.10000000E+01	-3.00000000E+00	1.50000000E-09	-5.61458290E+00	6.68242673E+00	-3.55065910E+00
-2.39000000E+01	1.10000000E+01	-3.00000000E+00	1.50000000E-09	-4.18236581E+00	6.68242673E+00	-3.55065910E+00
-1.78000000E+01	1.10000000E+01	-3.00000000E+00	1.50000000E-09	-2.47236471E+00	6.68242673E+00	-3.55065910E+00
-1.17000000E+01	1.10000000E+01	-3.00000000E+00	1.50000000E-09	-8.83788446E-01	6.68242673E+00	-3.55065910E+00
-5.60000000E+00	1.10000000E+01	-3.00000000E+00	1.50000000E-09	2.12501418E-01	6.68242673E+00	-3.55065910E+00
5.00000000E-01	1.10000000E+01	-3.00000000E+00	1.50000000E-09	5.60570195E-01	6.68242673E+00	-3.55065910E+00
6.60000000E+00	1.10000000E+01	-3.00000000E+00	1.50000000E-09	7.91593793E-02	6.68242673E+00	-3.55065910E+00
1.27000000E+01	1.10000000E+01	-3.00000000E+00	1.50000000E-09	-1.11934312E+00	6.68242673E+00	-3.55065910E+00
1.88000000E+01	1.10000000E+01	-3.00000000E+00	1.50000000E-09	-2.75514052E+00	6.68242673E+00	-3.55065910E+00
2.49000000E+01	1.10000000E+01	-3.00000000E+00	1.50000000E-09	-4.44634725E+00	6.68242673E+00	-3.55065910E+00
-3.00000000E+01	1.82000000E+01	-3.00000000E+00	1.50000000E-09	-5.84378440E+00	5.49617940E+00	-3.55065910E+00
-2.39000000E+01	1.82000000E+01	-3.00000000E+00	1.50000000E-09	-4.28637507E+00	5.49617940E+00	-3.55065910E+00
-1.78000000E+01	1.82000000E+01	-3.00000000E+00	1.50000000E-09	-2.42690022E+00	5.49617940E+00	-3.55065910E+00
-1.17000000E+01	1.82000000E+01	-3.00000000E+00	1.50000000E-09	-6.99464129E-01	5.49617940E+00	-3.55065910E+00
-5.60000000E+00	1.82000000E+01	-3.00000000E+00	1.50000000E-09	4.92654073E-01	5.49617940E+00	-3.55065910E+00
5.00000000E-01	1.82000000E+01	-3.00000000E+00	1.50000000E-09	8.71148062E-01	5.49617940E+00	-3.55065910E+00
6.60000000E+00	1.82000000E+01	-3.00000000E+00	1.50000000E-09	3.47656407E-01	5.49617940E+00	-3.55065910E+00
1.27000000E+01	1.82000000E+01	-3.00000000E+00	1.50000000E-09	-9.55608986E-01	5.49617940E+00	-3.55065910E+00
1.88000000E+01	1.82000000E+01	-3.00000000E+00	1.50000000E-09	-2.73439389E+00	5.49617940E+00	-3.55065910E+00
2.49000000E+01	1.82000000E+01	-3.00000000E+00	1.50000000E-09	-4.57343152E+00	5.49617940E+00	-3.55065910E+00
-3.00000000E+01	-2.50000000E+01	5.00000000E+00	1.50000000E-09	6.74829138E+00	-8.52164390E+00	5.79891170E+00
-2.39000000E+01	-2.50000000E+01	5.00000000E+00	1.50000000E-09	5.78651517E+00	-8.52164390E+00	5.79891170E+00
-1.78000000E+01	-2.50000000E+01	5.00000000E+00	1.50000000E-09	4.63819878E+00	-8.52164390E+00	5.79891170E+00
-1.17000000E+01	-2.50000000E+01	5.00000000E+00	1.50000000E-09	3.57142275E+00	-8.52164390E+00	5.79891170E+00
-5.60000000E+00	-2.50000000E+01	5.00000000E+00	1.50000000E-09	2.83523163E+00	-8.52164390E+00	5.79891170E+00
5.00000000E-01	-2.50000000E+01	5.00000000E+00	1.50000000E-09	2.60149314E+00	-8.52164390E+00	5.79891170E+00
6.60000000E+00	-2.50000000E+01	5.00000000E+00	1.50000000E-09	2.92477476E+00	-8.52164390E+00	5.79891170E+00
1.27000000E+01	-2.50000000E+01	5.00000000E+00	1.50000000E-09	3.72960469E+00	-8.52164390E+00	5.79891170E+00
1.88000000E+01	-2.50000000E+01	5.00000000E+00	1.50000000E-09	4.82809111E+00	-8.52164390E+00	5.79891170E+00
2.49000000E+01	-2.50000000E+01	5.00000000E+00	1.50000000E-09	5.96378653E+00	-8.52164390E+00	5.79891170E+00
-3.00000000E+01	-1.78000000E+01	5.00000000E+00	1.50000000E-09	7.86551143E+00	-9.56508448E+00	5.79891170E+00
-2.39000000E+01	-1.78000000E+01	5.00000000E+00	1.50000000E-09	6.29349804E+00	-9.56508448E+00	5.79891170E+00
-1.78000000E+01	-1.78000000E+01	5.00000000E+00	1.50000000E-09	4.41658662E+00	-9.56508448E+00	5.79891170E+00
-1.17000000E+01	-1.78000000E+01	5.00000000E+00	1.50000000E-09	2.67295211E+00	-9.56508448E+00	5.79891170E+00
-5.60000000E+00	-1.78000000E+01	5.00000000E+00	1.50000000E-09	1.46965524E+00	-9.56508448E+00	5.79891170E+00
5.00000000E-01	-1.78000000E+01	5.00000000E+00	1.50000000E-09	1.08761206E+00	-9.56508448E+00	5.79891170E+00
6.60000000E+00	-1.78000000E+01	5.00000000E+00	1.50000000E-09	1.61601257E+00	-9.56508448E+00	5.79891170E+00
1.27000000E+01	-1.78000000E+01	5.00000000E+00	1.50000000E-09	2.93149888E+00	-9.56508448E+00	5.79891170E+00
1.88000000E+01	-1.78000000E+01	5.00000000E+00	1.50000000E-09	4.72696371E+00	-9.56508448E+00	5.79891170E+00
2.49000000E+01	-1.78000000E+01	5.00000000E+00	1.50000000E-09	6.58324626E+00	-9.56508448E+00	5.79891170E+00
-3.00000000E+01	-1.06000000E+01	5.00000000E+00	1.50000000E-09	7.55410714E+00	-1.07063810E+01	5.79891170E+00
-2.39000000E+01	-1.06000000E+01	5.00000000E+00	1.50000000E-09	6.15218600E+00	-1.07063810E+01	5.79891170E+00
-1.78000000E+01	-1.06000000E+01	5.00000000E+00	1.50000000E-09	4.47835688E+00	-1.07063810E+01	5.79891170E+00
-1.17000000E+01	-1.06000000E+01	5.00000000E+00	1.50000000E-09	2.92338408E+00	-1.07063810E+01	5.79891170E+00
-5.60000000E+00	-1.06000000E+01	5.00000000E+00	1.50000000E-09	1.85028424E+00	-1.07063810E+01	5.79891170E+00
5.00000000E-01	-1.06000000E+01	5.00000000E+00	1.50000000E-09	1.50957823E+00	-1.07063810E+01	5.79891170E+00
6.60000000E+00	-1.06000000E+01	5.00000000E+00	1.50000000E-09	1.98080567E+00	-1.07063810E+01	5.79891170E+00
1.27000000E+01	-1.06000000E+01	5.00000000E+00	1.50000000E-09	3.15395601E+00	-1.07063810E+01	5.79891170E+00
1.88000000E+01	-1.06000000E+01	5.00000000E+00	1.50000000E-09	4.75515109E+00	-1.07063810E+01	5.79891170E+00
2.49000000E+01	-1.06000000E+01	5.00000000E+00	1.50000000E-09	6.41058340E+00	-1.07063810E+01	5.79891170E+00
-3.00000000E+01	-3.40000000E+00	5.00000000E+00	1.50000000E-09	5.96865603E+00	-1.04802389E+01	5.79891170E+00
-2.39000000E+01	-3.40000000E+00	5.00000000E+00	1.50000000E-09	5.43272474E+00	-1.04802389E+01	5.79891170E+00
-1.78000000E+01	-3.40000000E+00	5.00000000E+00	1.50000000E-09	4.79284751E+00	-1.04802389E+01	5.79891170E+00
-1.17000000E+01	-3.40000000E+00	5.00000000E+00	1.50000000E-09	4.19840709E+00	-1.04802389E+01	5.79891170E+00
-5.60000000E+00	-3.40000000E+00	5.00000000E+00	1.50000000E-09	3.78817875E+00	-1.04802389E+01	5.79891170E+00
5.00000000E-01	-3.40000000E+00	5.00000000E+00	1.50000000E-09	3.65793247E+00	-1.04802389E+01	5.79891170E+00
6.60000000E+00	-3.40000000E+00	5.00000000E+00	1.50000000E-09	3.83807493E+00	-1.04802389E+01	5.79891170E+00
1.27000000E+01	-3.40000000E+00	5.00000000E+00	1.50000000E-09	4.28655093E+00	-1.04802389E+01	5.79891170E+00
1.88000000E+01	-3.40000000E+00	5.00000000E+00	1.50000000E-09	4.89866136E+00	-1.04802389E+01	5.79891170E+00
2.49000000E+01	-3.40000000E+00	5.00000000E+00	1.50000000E-09	5.53150579E+00	-1.04802389E+01	5.79891170E+00
-3.00000000E+01	3.80000000E+00	5.00000000E+00	1.50000000E-09	3.89615787E+00	-9.42037116E+00	5.79891170E+00
-2.39000000E+01	3.80000000E+00	5.00000000E+00	1.50000000E-09	4.49224657E+00	-9.42037116E+00	5.79891170E+00
-1.78000000E+01	3.80000000E+00	5.00000000E+00	1.50000000E-09	5.20394896E+00	-9.42037116E+00	5.79891170E+00
-1.17000000E+01	3.80000000E+00	5.00000000E+00	1.50000000E-09	5.86511434E+00	-9.42037116E+00	5.79891170E+00
-5.60000000E+00	3.80000000E+00	5.00000000E+00	1.50000000E-09	6.32139014E+00	-9.42037116E+00	5.79891170E+00
5.00000000E-01	3.80000000E+00	5.00000000E+00	1.50000000E-09	6.46625635E+00	-9.42037116E+00	5.79891170E+00
6.60000000E+00	3.80000000E+00	5.00000000E+00	1.50000000E-09	6.26589319E+00	-9.42037116E+00	5.79891170E+00
1.27000000E+01	3.80000000E+00	5.00000000E+00	1.50000000E-09	5.76707650E+00	-9.42037116E+00	5.79891170E+00
1.88000000E+01	3.80000000E+00	5.00000000E+00	1.50000000E-09	5.08625768E+00	-9.42037116E+00	5.79891170E+00
2.49000000E+01	3.80000000E+00	5.00000000E+00	1.50000000E-09	4.38237750E+00	-9.42037116E+00	5.79891170E+00
-3.00000000E+01	1.10000000E+01	5.00000000E+00	1.50000000E-09	2.36537699E+00	-9.27749306E+00	5.79891170E+00
-2.39000000E+01	1.10000000E+01	5.00000000E+00	1.50000000E-09	3.79759409E+00	-9.27749306E+00	5.79891170E+00
-1.78000000E+01	1.10000000E+01	5.00000000E+00	1.50000000E-09	5.50759518E+00	-9.27749306E+00	5.79891170E+00
-1.17000000E+01	1.10000000E+01	5.00000000E+00	1.50000000E-09	7.09617145E+00	-9.27749306E+00	5.79891170E+00
-5.60000000E+00	1.10000000E+01	5.00000000E+00	1.50000000E-09	8.19246131E+00	-9.27749306E+00	5.79891170E+00
5.00000000E-01	1.10000000E+01	5.00000000E+00	1.50000000E-09	8.54053009E+00	-9.27749306E+00	5.79891170E+00
6.60000000E+00	1.10000000E+01	5.00000000E+00	1.50000000E-09	8.05911927E+00	-9.27749306E+00	5.79891170E+00
1.27000000E+01	1.10000000E+01	5.00000000E+00	1.50000000E-09	6.86061678E+00	-9.27749306E+00	5.79891170E+00
1.88000000E+01	1.10000000E+01	5.00000000E+00	1.50000000E-09	5.22481937E+00	-9.27749306E+00	5.79891170E+00
2.49000000E+01	1.10000000E+01	5.00000000E+00	1.50000000E-09	3.53361265E+00	-9.27749306E+00	5.79891170E+00
-3.00000000E+01	1.82000000E+01	5.00000000E+00	1.50000000E-09	2.13617549E+00	-1.04637404E+01	5.79891170E+00
-2.39000000E+01	1.82000000E+01	5.00000000E+00	1.50000000E-09	3.69358482E+00	-1.04637404E+01	5.79891170E+00
-1.78000000E+01	1.82000000E+01	5.00000000E+00	1.50000000E-09	5.55305967E+00	-1.04637404E+01	5.79891170E+00
-1.17000000E+01	1.82000000E+01	5.00000000E+00	1.50000000E-09	7.28049576E+00	-1.04637404E+01	5.79891170E+00
-5.60000000E+00	1.82000000E+01	5.00000000E+00	1.50000000E-09	8.47261397E+00	-1.04637404E+01	5.79891170E+00
5.00000000E-01	1.82000000E+01	5.00000000E+00	1.50000000E-09	8.85110795E+00	-1.04637404E+01	5.79891170E+00
6.60000000E+00	1.82000000E+01	5.00000000E+00	1.50000000E-09	8.32761630E+00	-1.04637404E+01	5.79891170E+00
1.27000000E+01	1.82000000E+01	5.00000000E+00	1.50000000E-09	7.02435091E+00	-1.04637404E+01	5.79891170E+00
1.88000000E+01	1.82000000E+01	5.00000000E+00	1.50000000E-09	5.24556600E+00	-1.04637404E+01	5.79891170E+00
2.49000000E+01	1.82000000E+01	5.00000000E+00	1.50000000E-09	3.40652837E+00	-1.04637404E+01	5.79891170E+00
-3.00000000E+01	-2.50000000E+01	1.30000000E+01	1.50000000E-09	1.47282513E+01	-2.44815637E+01	1.23877977E+01
-2.39000000E+01	-2.50000000E+01	1.30000000E+01	1.50000000E-09	1.37664751E+01	-2.44815637E+01	1.23877977E+01
-1.78000000E+01	-2.50000000E+01	1.30000000E+01	1.50000000E-09	1.26181587E+01	-2.44815637E+01	1.23877977E+01
-1.17000000E+01	-2.50000000E+01	1.30000000E+01	1.50000000E-09	1.15513826E+01	-2.44815637E+01	1.23877977E+01
-5.60000000E+00	-2.50000000E+01	1.30000000E+01	1.50000000E-09	1.08151915E+01	-2.44815637E+01	1.23877977E+01
5.00000000E-01	-2.50000000E+01	1.30000000E+01	1.50000000E-09	1.05814530E+01	-2.44815637E+01	1.23877977E+01
6.60000000E+00	-2.50000000E+01	1.30000000E+01	1.50000000E-09	1.09047347E+01	-2.44815637E+01	1.23877977E+01
1.27000000E+01	-2.50000000E+01	1.30000000E+01	1.50000000E-09	1.17095646E+01	-2.44815637E+01	1.23877977E+01
1.88000000E+01	-2.50000000E+01	1.30000000E+01	1.50000000E-09	1.28080510E+01	-2.44815637E+01	1.23877977E+01
2.49000000E+01	-2.50000000E+01	1.30000000E+01	1.50000000E-09	1.39437464E+01	-2.44815637E+01	1.23877977E+01
-3.00000000E+01	-1.78000000E+01	1.30000000E+01	1.50000000E-09	1.58454713E+01	-2.55250043E+01	1.23877977E+01
-2.39000000E+01	-1.78000000E+01	1.30000000E+01	1.50000000E-09	1.42734579E+01	-2.55250043E+01	1.23877977E+01
-1.78000000E+01	-1.78000000E+01	1.30000000E+01	1.50000000E-09	1.23965465E+01	-2.55250043E+01	1.23877977E+01
-1.17000000E+01	-1.78000000E+01	1.30000000E+01	1.50000000E-09	1.06529120E+01	-2.55250043E+01	1.23877977E+01
-5.60000000E+00	-1.78000000E+01	1.30000000E+01	1.50000000E-09	9.44961514E+00	-2.55250043E+01	1.23877977E+01
5.00000000E-01	-1.78000000E+01	1.30000000E+01	1.50000000E-09	9.06757195E+00	-2.55250043E+01	1.23877977E+01
6.60000000E+00	-1.78000000E+01	1.30000000E+01	1.50000000E-09	9.59597247E+00	-2.55250043E+01	1.23877977E+01
1.27000000E+01	-1.78000000E+01	1.30000000E+01	1.50000000E-09	1.09114588E+01	-2.55250043E+01	1.23877977E+01
1.88000000E+01	-1.78000000E+01	1.30000000E+01	1.50000000E-09	1.27069236E+01	-2.55250043E+01	1.23877977E+01
2.49000000E+01	-1.78000000E+01	1.30000000E+01	1.50000000E-09	1.45632062E+01	-2.55250043E+01	1.23877977E+01
-3.00000000E+01	-1.06000000E+01	1.30000000E+01	1.50000000E-09	1.55340670E+01	-2.66663008E+01	1.23877977E+01
-2.39000000E+01	-1.06000000E+01	1.30000000E+01	1.50000000E-09	1.41321459E+01	-2.66663008E+01	1.23877977E+01
-1.78000000E+01	-1.06000000E+01	1.30000000E+01	1.50000000E-09	1.24583168E+01	-2.66663008E+01	1.23877977E+01
-1.17000000E+01	-1.06000000E+01	1.30000000E+01	1.50000000E-09	1.09033440E+01	-2.66663008E+01	1.23877977E+01
-5.60000000E+00	-1.06000000E+01	1.30000000E+01	1.50000000E-09	9.83024413E+00	-2.66663008E+01	1.23877977E+01
5.00000000E-01	-1.06000000E+01	1.30000000E+01	1.50000000E-09	9.48953812E+00	-2.66663008E+01	1.23877977E+01
6.60000000E+00	-1.06000000E+01	1.30000000E+01	1.50000000E-09	9.96076556E+00	-2.66663008E+01	1.23877977E+01
1.27000000E+01	-1.06000000E+01	1.30000000E+01	1.50000000E-09	1.11339159E+01	-2.66663008E+01	1.23877977E+01
1.88000000E+01	-1.06000000E+01	1.30000000E+01	1.50000000E-09	1.27351110E+01	-2.66663008E+01	1.23877977E+01
2.49000000E+01	-1.06000000E+01	1.30000000E+01	1.50000000E-09	1.43905433E+01	-2.66663008E+01	1.23877977E+01
-3.00000000E+01	-3.40000000E+00	1.30000000E+01	1.50000000E-09	1.39486159E+01	-2.64401587E+01	1.23877977E+01
-2.39000000E+01	-3.40000000E+00	1.30000000E+01	1.50000000E-09	1.34126846E+01	-2.64401587E+01	1.23877977E+01
-1.78000000E+01	-3.40000000E+00	1.30000000E+01	1.50000000E-09	1.27728074E+01	-2.64401587E+01	1.23877977E+01
-1.17000000E+01	-3.40000000E+00	1.30000000E+01	1.50000000E-09	1.21783670E+01	-2.64401587E+01	1.23877977E+01
-5.60000000E+00	-3.40000000E+00	1.30000000E+01	1.50000000E-09	1.17681386E+01	-2.64401587E+01	1.23877977E+01
5.00000000E-01	-3.40000000E+00	1.30000000E+01	1.50000000E-09	1.16378924E+01	-2.64401587E+01	1.23877977E+01
6.60000000E+00	-3.40000000E+00	1.30000000E+01	1.50000000E-09	1.18180348E+01	-2.64401587E+01	1.23877977E+01
1.27000000E+01	-3.40000000E+00	1.30000000E+01	1.50000000E-09	1.22665108E+01	-2.64401587E+01	1.23877977E+01
1.88000000E+01	-3.40000000E+00	1.30000000E+01	1.50000000E-09	1.28786213E+01	-2.64401587E+01	1.23877977E+01
2.49000000E+01	-3.40000000E+00	1.30000000E+01	1.50000000E-09	1.35114657E+01	-2.64401587E+01	1.23877977E+01
-3.00000000E+01	3.80000000E+00	1.30000000E+01	1.50000000E-09	1.18761178E+01	-2.53802909E+01	1.23877977E+01
-2.39000000E+01	3.80000000E+00	1.30000000E+01	1.50000000E-09	1.24722065E+01	-2.53802909E+01	1.23877977E+01
-1.78000000E+01	3.80000000E+00	1.30000000E+01	1.50000000E-09	1.31839089E+01	-2.53802909E+01	1.23877977E+01
-1.17000000E+01	3.80000000E+00	1.30000000E+01	1.50000000E-09	1.38450742E+01	-2.53802909E+01	1.23877977E+01
-5.60000000E+00	3.80000000E+00	1.30000000E+01	1.50000000E-09	1.43013500E+01	-2.53802909E+01	1.23877977E+01
5.00000000E-01	3.80000000E+00	1.30000000E+01	1.50000000E-09	1.44462162E+01	-2.53802909E+01	1.23877977E+01
6.60000000E+00	3.80000000E+00	1.30000000E+01	1.50000000E-09	1.42458531E+01	-2.53802909E+01	1.23877977E+01
1.27000000E+01	3.80000000E+00	1.30000000E+01	1.50000000E-09	1.37470364E+01	-2.53802909E+01	1.23877977E+01
1.88000000E+01	3.80000000E+00	1.30000000E+01	1.50000000E-09	1.30662176E+01	-2.53802909E+01	1.23877977E+01
2.49000000E+01	3.80000000E+00	1.30000000E+01	1.50000000E-09	1.23623374E+01	-2.53802909E+01	1.23877977E+01
-3.00000000E+01	1.10000000E+01	1.30000000E+01	1.50000000E-09	1.03453369E+01	-2.52374128E+01	1.23877977E+01
-2.39000000E+01	1.10000000E+01	1.30000000E+01	1.50000000E-09	1.17775540E+01	-2.52374128E+01	1.23877977E+01
-1.78000000E+01	1.10000000E+01	1.30000000E+01	1.50000000E-09	1.34875551E+01	-2.52374128E+01	1.23877977E+01
-1.17000000E+01	1.10000000E+01	1.30000000E+01	1.50000000E-09	1.50761313E+01	-2.52374128E+01	1.23877977E+01
-5.60000000E+00	1.10000000E+01	1.30000000E+01	1.50000000E-09	1.61724212E+01	-2.52374128E+01	1.23877977E+01
5.00000000E-01	1.10000000E+01	1.30000000E+01	1.50000000E-09	1.65204900E+01	-2.52374128E+01	1.23877977E+01
6.60000000E+00	1.10000000E+01	1.30000000E+01	1.50000000E-09	1.60390792E+01	-2.52374128E+01	1.23877977E+01
1.27000000E+01	1.10000000E+01	1.30000000E+01	1.50000000E-09	1.48405767E+01	-2.52374128E+01	1.23877977E+01
1.88000000E+01	1.10000000E+01	1.30000000E+01	1.50000000E-09	1.32047793E+01	-2.52374128E+01	1.23877977E+01
2.49000000E+01	1.10000000E+01	1.30000000E+01	1.50000000E-09	1.15135725E+01	-2.52374128E+01	1.23877977E+01
-3.00000000E+01	1.82000000E+01	1.30000000E+01	1.50000000E-09	1.01161354E+01	-2.64236602E+01	1.23877977E+01
-2.39000000E+01	1.82000000E+01	1.30000000E+01	1.50000000E-09	1.16735447E+01	-2.64236602E+01	1.23877977E+01
-1.78000000E+01	1.82000000E+01	1.30000000E+01	1.50000000E-09	1.35330196E+01	-2.64236602E+01	1.23877977E+01
-1.17000000E+01	1.82000000E+01	1.30000000E+01	1.50000000E-09	1.52604557E+01	-2.64236602E+01	1.23877977E+01
-5.60000000E+00	1.82000000E+01	1.30000000E+01	1.50000000E-09	1.64525739E+01	-2.64236602E+01	1.23877977E+01
5.00000000E-01	1.82000000E+01	1.30000000E+01	1.50000000E-09	1.68310678E+01	-2.64236602E+01	1.23877977E+01
6.60000000E+00	1.82000000E+01	1.30000000E+01	1.50000000E-09	1.63075762E+01	-2.64236602E+01	1.23877977E+01
1.27000000E+01	1.82000000E+01	1.30000000E+01	1.50000000E-09	1.50043108E+01	-2.64236602E+01	1.23877977E+01
1.88000000E+01	1.82000000E+01	1.30000000E+01	1.50000000E-09	1.32255259E+01	-2.64236602E+01	1.23877977E+01
2.49000000E+01	1.82000000E+01	1.30000000E+01	1.50000000E-09	1.13864883E+01	-2.64236602E+01	1.23877977E+01
-3.00000000E+01	-2.50000000E+01	2.10000000E+01	1.50000000E-09	2.27082112E+01	-4.04414835E+01	1.25073806E+01
-2.39000000E+01	-2.50000000E+01	2.10000000E+01	1.50000000E-09	2.17464350E+01	-4.04414835E+01	1.25073806E+01
-1.78000000E+01	-2.50000000E+01	2.10000000E+01	1.50000000E-09	2.05981186E+01	-4.04414835E+01	1.25073806E+01
-1.17000000E+01	-2.50000000E+01	2.10000000E+01	1.50000000E-09	1.95313425E+01	-4.04414835E+01	1.25073806E+01
-5.60000000E+00	-2.50000000E+01	2.10000000E+01	1.50000000E-09	1.87951514E+01	-4.04414835E+01	1.25073806E+01
5.00000000E-01	-2.50000000E+01	2.10000000E+01	1.50000000E-09	1.85614129E+01	-4.04414835E+01	1.25073806E+01
6.60000000E+00	-2.50000000E+01	2.10000000E+01	1.50000000E-09	1.88846945E+01	-4.04414835E+01	1.25073806E+01
1.27000000E+01	-2.50000000E+01	2.10000000E+01	1.50000000E-09	1.96895245E+01	-4.04414835E+01	1.25073806E+01
1.88000000E+01	-2.50000000E+01	2.10000000E+01	1.50000000E-09	2.07880109E+01	-4.04414835E+01	1.25073806E+01
2.49000000E+01	-2.50000000E+01	2.10000000E+01	1.50000000E-09	2.19237063E+01	-4.04414835E+01	1.25073806E+01
-3.00000000E+01	-1.78000000E+01	2.10000000E+01	1.50000000E-09	2.38254312E+01	-4.14849241E+01	1.25073806E+01
-2.39000000E+01	-1.78000000E+01	2.10000000E+01	1.50000000E-09	2.22534178E+01	-4.14849241E+01	1.25073806E+01
-1.78000000E+01	-1.78000000E+01	2.10000000E+01	1.50000000E-09	2.03765064E+01	-4.14849241E+01	1.25073806E+01
-1.17000000E+01	-1.78000000E+01	2.10000000E+01	1.50000000E-09	1.86328719E+01	-4.14849241E+01	1.25073806E+01
-5.60000000E+00	-1.78000000E+01	2.10000000E+01	1.50000000E-09	1.74295750E+01	-4.14849241E+01	1.25073806E+01
5.00000000E-01	-1.78000000E+01	2.10000000E+01	1.50000000E-09	1.70475318E+01	-4.14849241E+01	1.25073806E+01
6.60000000E+00	-1.78000000E+01	2.10000000E+01	1.50000000E-09	1.75759324E+01	-4.14849241E+01	1.25073806E+01
1.27000000E+01	-1.78000000E+01	2.10000000E+01	1.50000000E-09	1.88914187E+01	-4.14849241E+01	1.25073806E+01
1.88000000E+01	-1.78000000E+01	2.10000000E+01	1.50000000E-09	2.06868835E+01	-4.14849241E+01	1.25073806E+01
2.49000000E+01	-1.78000000E+01	2.10000000E+01	1.50000000E-09	2.25431661E+01	-4.14849241E+01	1.25073806E+01
-3.00000000E+01	-1.06000000E+01	2.10000000E+01	1.50000000E-09	2.35140269E+01	-4.26262206E+01	1.25073806E+01
-2.39000000E+01	-1.06000000E+01	2.10000000E+01	1.50000000E-09	2.21121058E+01	-4.26262206E+01	1.25073806E+01
-1.78000000E+01	-1.06000000E+01	2.10000000E+01	1.50000000E-09	2.04382767E+01	-4.26262206E+01	1.25073806E+01
-1.17000000E+01	-1.06000000E+01	2.10000000E+01	1.50000000E-09	1.88833039E+01	-4.26262206E+01	1.25073806E+01
-5.60000000E+00	-1.06000000E+01	2.10000000E+01	1.50000000E-09	1.78102040E+01	-4.26262206E+01	1.25073806E+01
5.00000000E-01	-1.06000000E+01	2.10000000E+01	1.50000000E-09	1.74694980E+01	-4.26262206E+01	1.25073806E+01
6.60000000E+00	-1.06000000E+01	2.10000000E+01	1.50000000E-09	1.79407255E+01	-4.26262206E+01	1.25073806E+01
1.27000000E+01	-1.06000000E+01	2.10000000E+01	1.50000000E-09	1.91138758E+01	-4.26262206E+01	1.25073806E+01
1.88000000E+01	-1.06000000E+01	2.10000000E+01	1.50000000E-09	2.07150709E+01	-4.26262206E+01	1.25073806E+01
2.49000000E+01	-1.06000000E+01	2.10000000E+01	1.50000000E-09	2.23705032E+01	-4.26262206E+01	1.25073806E+01
-3.00000000E+01	-3.40000000E+00	2.10000000E+01	1.50000000E-09	2.19285758E+01	-4.24000785E+01	1.25073806E+01
-2.39000000E+01	-3.40000000E+00	2.10000000E+01	1.50000000E-09	2.13926445E+01	-4.24000785E+01	1.25073806E+01
-1.78000000E+01	-3.40000000E+00	2.10000000E+01	1.50000000E-09	2.07527673E+01	-4.24000785E+01	1.25073806E+01
-1.17000000E+01	-3.40000000E+00	2.10000000E+01	1.50000000E-09	2.01583269E+01	-4.24000785E+01	1.25073806E+01
-5.60000000E+00	-3.40000000E+00	2.10000000E+01	1.50000000E-09	1.97480985E+01	-4.24000785E+01	1.25073806E+01
5.00000000E-01	-3.40000000E+00	2.10000000E+01	1.50000000E-09	1.96178523E+01	-4.24000785E+01	1.25073806E+01
6.60000000E+00	-3.40000000E+00	2.10000000E+01	1.50000000E-09	1.97979947E+01	-4.24000785E+01	1.25073806E+01
1.27000000E+01	-3.40000000E+00	2.10000000E+01	1.50000000E-09	2.02464707E+01	-4.24000785E+01	1.25073806E+01
1.88000000E+01	-3.40000000E+00	2.10000000E+01	1.50000000E-09	2.08585811E+01	-4.24000785E+01	1.25073806E+01
2.49000000E+01	-3.40000000E+00	2.10000000E+01	1.50000000E-09	2.14914256E+01	-4.24000785E+01	1.25073806E+01
-3.00000000E+01	3.80000000E+00	2.10000000E+01	1.50000000E-09	1.98560777E+01	-4.13402107E+01	1.25073806E+01
-2.39000000E+01	3.80000000E+00	2.10000000E+01	1.50000000E-09	2.04521664E+01	-4.13402107E+01	1.25073806E+01
-1.78000000E+01	3.80000000E+00	2.10000000E+01	1.50000000E-09	2.11638687E+01	-4.13402107E+01	1.25073806E+01
-1.17000000E+01	3.80000000E+00	2.10000000E+01	1.50000000E-09	2.18250341E+01	-4.13402107E+01	1.25073806E+01
-5.60000000E+00	3.80000000E+00	2.10000000E+01	1.50000000E-09	2.22813099E+01	-4.13402107E+01	1.25073806E+01
5.00000000E-01	3.80000000E+00	2.10000000E+01	1.50000000E-09	2.24261761E+01	-4.13402107E+01	1.25073806E+01
6.60000000E+00	3.80000000E+00	2.10000000E+01	1.50000000E-09	2.22258130E+01	-4.13402107E+01	1.25073806E+01
1.27000000E+01	3.80000000E+00	2.10000000E+01	1.50000000E-09	2.17269963E+01	-4.13402107E+01	1.25073806E+01
1.88000000E+01	3.80000000E+00	2.10000000E+01	1.50000000E-09	2.10461775E+01	-4.13402107E+01	1.25073806E+01
2.49000000E+01	3.80000000E+00	2.10000000E+01	1.50000000E-09	2.03422973E+01	-4.13402107E+01	1.25073806E+01
-3.00000000E+01	1.10000000E+01	2.10000000E+01	1.50000000E-09	1.83252968E+01	-4.11973326E+01	1.25073806E+01
-2.39000000E+01	1.10000000E+01	2.10000000E+01	1.50000000E-09	1.97575139E+01	-4.11973326E+01	1.25073806E+01
-1.78000000E+01	1.10000000E+01	2.10000000E+01	1.50000000E-09	2.14675150E+01	-4.11973326E+01	1.25073806E+01
-1.17000000E+01	1.10000000E+01	2.10000000E+01	1.50000000E-09	2.30560912E+01	-4.11973326E+01	1.25073806E+01
-5.60000000E+00	1.10000000E+01	2.10000000E+01	1.50000000E-09	2.41523811E+01	-4.11973326E+01	1.25073806E+01
5.00000000E-01	1.10000000E+01	2.10000000E+01	1.50000000E-09	2.45004499E+01	-4.11973326E+01	1.25073806E+01
6.60000000E+00	1.10000000E+01	2.10000000E+01	1.50000000E-09	2.40190391E+01	-4.11973326E+01	1.25073806E+01
1.27000000E+01	1.10000000E+01	2.10000000E+01	1.50000000E-09	2.28205366E+01	-4.11973326E+01	1.25073806E+01
1.88000000E+01	1.10000000E+01	2.10000000E+01	1.50000000E-09	2.11847392E+01	-4.11973326E+01	1.25073806E+01
2.49000000E+01	1.10000000E+01	2.10000000E+01	1.50000000E-09	1.94935324E+01	-4.11973326E+01	1.25073806E+01
-3.00000000E+01	1.82000000E+01	2.10000000E+01	1.50000000E-09	1.80960953E+01	-4.23835800E+01	1.25073806E+01
-2.39000000E+01	1.82000000E+01	2.10000000E+01	1.50000000E-09	1.96535046E+01	-4.23835800E+01	1.25073806E+01
-1.78000000E+01	1.82000000E+01	2.10000000E+01	1.50000000E-09	2.15129795E+01	-4.23835800E+01	1.25073806E+01
-1.17000000E+01	1.82000000E+01	2.10000000E+01	1.50000000E-09	2.32404155E+01	-4.23835800E+01	1.25073806E+01
-5.60000000E+00	1.82000000E+01	2.10000000E+01	1.50000000E-09	2.44325338E+01	-4.23835800E+01	1.25073806E+01
5.00000000E-01	1.82000000E+01	2.10000000E+01	1.50000000E-09	2.48110277E+01	-4.23835800E+01	1.25073806E+01
6.60000000E+00	1.82000000E+01	2.10000000E+01	1.50000000E-09	2.42875361E+01	-4.23835800E+01	1.25073806E+01
1.27000000E+01	1.82000000E+01	2.10000000E+01	1.50000000E-09	2.29842707E+01	-4.23835800E+01	1.25073806E+01
1.88000000E+01	1.82000000E+01	2.10000000E+01	1.50000000E-09	2.12054858E+01	-4.23835800E+01	1.25073806E+01
2.49000000E+01	1.82000000E+01	2.10000000E+01	1.50000000E-09	1.93664482E+01	-4.23835800E+01	1.25073806E+01
-3.00000000E+01	-2.50000000E+01	2.90000000E+01	1.50000000E-09	3.06881711E+01	-5.64014033E+01	4.18299161E+00
-2.39000000E+01	-2.50000000E+01	2.90000000E+01	1.50000000E-09	2.97263948E+01	-5.64014033E+01	4.18299161E+00
-1.78000000E+01	-2.50000000E+01	2.90000000E+01	1.50000000E-09	2.85780785E+01	-5.64014033E+01	4.18299161E+00
-1.17000000E+01	-2.50000000E+01	2.90000000E+01	1.50000000E-09	2.75113024E+01	-5.64014033E+01	4.18299161E+00
-5.60000000E+00	-2.50000000E+01	2.90000000E+01	1.50000000E-09	2.67751113E+01	-5.64014033E+01	4.18299161E+00
5.00000000E-01	-2.50000000E+01	2.90000000E+01	1.50000000E-09	2.65413728E+01	-5.64014033E+01	4.18299161E+00
6.60000000E+00	-2.50000000E+01	2.90000000E+01	1.50000000E-09	2.68646544E+01	-5.64014033E+01	4.18299161E+00
1.27000000E+01	-2.50000000E+01	2.90000000E+01	1.50000000E-09	2.76694844E+01	-5.64014033E+01	4.18299161E+00
1.88000000E+01	-2.50000000E+01	2.90000000E+01	1.50000000E-09	2.87679708E+01	-5.64014033E+01	4.18299161E+00
2.49000000E+01	-2.50000000E+01	2.90000000E+01	1.50000000E-09	2.99036662E+01	-5.64014033E+01	4.18299161E+00
-3.00000000E+01	-1.78000000E+01	2.90000000E+01	1.50000000E-09	3.18053911E+01	-5.74448438E+01	4.18299161E+00
-2.39000000E+01	-1.78000000E+01	2.90000000E+01	1.50000000E-09	3.02333777E+01	-5.74448438E+01	4.18299161E+00
-1.78000000E+01	-1.78000000E+01	2.90000000E+01	1.50000000E-09	2.83564663E+01	-5.74448438E+01	4.18299161E+00
-1.17000000E+01	-1.78000000E+01	2.90000000E+01	1.50000000E-09	2.66128318E+01	-5.74448438E+01	4.18299161E+00
-5.60000000E+00	-1.78000000E+01	2.90000000E+01	1.50000000E-09	2.54095349E+01	-5.74448438E+01	4.18299161E+00
5.00000000E-01	-1.78000000E+01	2.90000000E+01	1.50000000E-09	2.50274917E+01	-5.74448438E+01	4.18299161E+00
6.60000000E+00	-1.78000000E+01	2.90000000E+01	1.50000000E-09	2.55558923E+01	-5.74448438E+01	4.18299161E+00
1.27000000E+01	-1.78000000E+01	2.90000000E+01	1.50000000E-09	2.68713786E+01	-5.74448438E+01	4.18299161E+00
1.88000000E+01	-1.78000000E+01	2.90000000E+01	1.50000000E-09	2.86668434E+01	-5.74448438E+01	4.18299161E+00
2.49000000E+01	-1.78000000E+01	2.90000000E+01	1.50000000E-09	3.05231259E+01	-5.74448438E+01	4.18299161E+00
-3.00000000E+01	-1.06000000E+01	2.90000000E+01	1.50000000E-09	3.14939868E+01	-5.85861404E+01	4.18299161E+00
-2.39000000E+01	-1.06000000E+01	2.90000000E+01	1.50000000E-09	3.00920657E+01	-5.85861404E+01	4.18299161E+00
-1.78000000E+01	-1.06000000E+01	2.90000000E+01	1.50000000E-09	2.84182366E+01	-5.85861404E+01	4.18299161E+00
-1.17000000E+01	-1.06000000E+01	2.90000000E+01	1.50000000E-09	2.68632638E+01	-5.85861404E+01	4.18299161E+00
-5.60000000E+00	-1.06000000E+01	2.90000000E+01	1.50000000E-09	2.57901639E+01	-5.85861404E+01	4.18299161E+00
5.00000000E-01	-1.06000000E+01	2.90000000E+01	1.50000000E-09	2.54494579E+01	-5.85861404E+01	4.18299161E+00
6.60000000E+00	-1.06000000E+01	2.90000000E+01	1.50000000E-09	2.59206853E+01	-5.85861404E+01	4.18299161E+00
1.27000000E+01	-1.06000000E+01	2.90000000E+01	1.50000000E-09	2.70938357E+01	-5.85861404E+01	4.18299161E+00
1.88000000E+01	-1.06000000E+01	2.90000000E+01	1.50000000E-09	2.86950308E+01	-5.85861404E+01	4.18299161E+00
2.49000000E+01	-1.06000000E+01	2.90000000E+01	1.50000000E-09	3.03504631E+01	-5.85861404E+01	4.18299161E+00
-3.00000000E+01	-3.40000000E+00	2.90000000E+01	1.50000000E-09	2.99085357E+01	-5.83599983E+01	4.18299161E+00
-2.39000000E+01	-3.40000000E+00	2.90000000E+01	1.50000000E-09	2.93726044E+01	-5.83599983E+01	4.18299161E+00
-1.78000000E+01	-3.40000000E+00	2.90000000E+01	1.50000000E-09	2.87327272E+01	-5.83599983E+01	4.18299161E+00
-1.17000000E+01	-3.40000000E+00	2.90000000E+01	1.50000000E-09	2.81382868E+01	-5.83599983E+01	4.18299161E+00
-5.60000000E+00	-3.40000000E+00	2.90000000E+01	1.50000000E-09	2.77280584E+01	-5.83599983E+01	4.18299161E+00
5.00000000E-01	-3.40000000E+00	2.90000000E+01	1.50000000E-09	2.75978121E+01	-5.83599983E+01	4.18299161E+00
6.60000000E+00	-3.40000000E+00	2.90000000E+01	1.50000000E-09	2.77779546E+01	-5.83599983E+01	4.18299161E+00
1.27000000E+01	-3.40000000E+00	2.90000000E+01	1.50000000E-09	2.82264306E+01	-5.83599983E+01	4.18299161E+00
1.88000000E+01	-3.40000000E+00	2.90000000E+01	1.50000000E-09	2.88385410E+01	-5.83599983E+01	4.18299161E+00
2.49000000E+01	-3.40000000E+00	2.90000000E+01	1.50000000E-09	2.94713855E+01	-5.83599983E+01	4.18299161E+00
-3.00000000E+01	3.80000000E+00	2.90000000E+01	1.50000000E-09	2.78360375E+01	-5.73001305E+01	4.18299161E+00
-2.39000000E+01	3.80000000E+00	2.90000000E+01	1.50000000E-09	2.84321262E+01	-5.73001305E+01	4.18299161E+00
-1.78000000E+01	3.80000000E+00	2.90000000E+01	1.50000000E-09	2.91438286E+01	-5.73001305E+01	4.18299161E+00
-1.17000000E+01	3.80000000E+00	2.90000000E+01	1.50000000E-09	2.98049940E+01	-5.73001305E+01	4.18299161E+00
-5.60000000E+00	3.80000000E+00	2.90000000E+01	1.50000000E-09	3.02612698E+01	-5.73001305E+01	4.18299161E+00
5.00000000E-01	3.80000000E+00	2.90000000E+01	1.50000000E-09	3.04061360E+01	-5.73001305E+01	4.18299161E+00
6.60000000E+00	3.80000000E+00	2.90000000E+01	1.50000000E-09	3.02057729E+01	-5.73001305E+01	4.18299161E+00
1.27000000E+01	3.80000000E+00	2.90000000E+01	1.50000000E-09	2.97069562E+01	-5.73001305E+01	4.18299161E+00
1.88000000E+01	3.80000000E+00	2.90000000E+01	1.50000000E-09	2.90261374E+01	-5.73001305E+01	4.18299161E+00
2.49000000E+01	3.80000000E+00	2.90000000E+01	1.50000000E-09	2.83222572E+01	-5.73001305E+01	4.18299161E+00
-3.00000000E+01	1.10000000E+01	2.90000000E+01	1.50000000E-09	2.63052567E+01	-5.71572524E+01	4.18299161E+00
-2.39000000E+01	1.10000000E+01	2.90000000E+01	1.50000000E-09	2.77374738E+01	-5.71572524E+01	4.18299161E+00
-1.78000000E+01	1.10000000E+01	2.90000000E+01	1.50000000E-09	2.94474749E+01	-5.71572524E+01	4.18299161E+00
-1.17000000E+01	1.10000000E+01	2.90000000E+01	1.50000000E-09	3.10360511E+01	-5.71572524E+01	4.18299161E+00
-5.60000000E+00	1.10000000E+01	2.90000000E+01	1.50000000E-09	3.21323410E+01	-5.71572524E+01	4.18299161E+00
5.00000000E-01	1.10000000E+01	2.90000000E+01	1.50000000E-09	3.24804098E+01	-5.71572524E+01	4.18299161E+00
6.60000000E+00	1.10000000E+01	2.90000000E+01	1.50000000E-09	3.19989990E+01	-5.71572524E+01	4.18299161E+00
1.27000000E+01	1.10000000E+01	2.90000000E+01	1.50000000E-09	3.08004965E+01	-5.71572524E+01	4.18299161E+00
1.88000000E+01	1.10000000E+01	2.90000000E+01	1.50000000E-09	2.91646990E+01	-5.71572524E+01	4.18299161E+00
2.49000000E+01	1.10000000E+01	2.90000000E+01	1.50000000E-09	2.74734923E+01	-5.71572524E+01	4.18299161E+00
-3.00000000E+01	1.82000000E+01	2.90000000E+01	1.50000000E-09	2.60760552E+01	-5.83434997E+01	4.18299161E+00
-2.39000000E+01	1.82000000E+01	2.90000000E+01	1.50000000E-09	2.76334645E+01	-5.83434997E+01	4.18299161E+00
-1.78000000E+01	1.82000000E+01	2.90000000E+01	1.50000000E-09	2.94929394E+01	-5.83434997E+01	4.18299161E+00
-1.17000000E+01	1.82000000E+01	2.90000000E+01	1.50000000E-09	3.12203754E+01	-5.83434997E+01	4.18299161E+00
-5.60000000E+00	1.82000000E+01	2.90000000E+01	1.50000000E-09	3.24124936E+01	-5.83434997E+01	4.18299161E+00
5.00000000E-01	1.82000000E+01	2.90000000E+01	1.50000000E-09	3.27909876E+01	-5.83434997E+01	4.18299161E+00
6.60000000E+00	1.82000000E+01	2.90000000E+01	1.50000000E-09	3.22674960E+01	-5.83434997E+01	4.18299161E+00
1.27000000E+01	1.82000000E+01	2.90000000E+01	1.50000000E-09	3.09642306E+01	-5.83434997E+01	4.18299161E+00
1.88000000E+01	1.82000000E+01	2.90000000E+01	1.50000000E-09	2.91854457E+01	-5.83434997E+01	4.18299161E+00
2.49000000E+01	1.82000000E+01	2.90000000E+01	1.50000000E-09	2.73464080E+01	-5.83434997E+01	4.18299161E+00
